Date,Time,Home,HG,HxGt,HxGp,Away,AG,AxGt,AxGp,GD,xGDt,xGDp,Final,HxPts,AxPts
9/13/2026,21:00 EDT,SD,0,1.38,1.41,PHI,4,3.81,4.16,-4,-2.43,-2.75,-5,0.27,2.63
9/13/2026,18:30 EDT,VAN,1,3.03,3.05,ATX,2,0.82,0.82,-1,2.21,2.23,-1,2.68,0.22
9/13/2026,17:30 EDT,CHI,1,2.42,2.5,NER,2,1.21,1.21,-1,1.21,1.29,-1,2.2,0.6
9/12/2026,22:30 EDT,LAG,1,2.76,2.76,SEA,1,2.45,2.48,0,0.3,0.28,0,1.57,1.22
9/12/2026,22:30 EDT,SJE,1,1.12,1.12,HOU,0,0.95,1.06,1,0.17,0.06,1,1.48,1.2
9/12/2026,21:30 EDT,COL,1,2.64,2.66,MTL,0,0.87,0.87,1,1.77,1.79,1,2.53,0.34
9/12/2026,21:30 EDT,RSL,0,1.37,1.39,NYC,2,0.43,0.43,-2,0.94,0.95,-2,2.2,0.55
9/12/2026,20:30 EDT,FCD,2,1.1,1.17,POR,1,1.75,1.78,1,-0.66,-0.61,1,0.87,1.9
9/12/2026,20:30 EDT,SKC,3,2.44,2.74,LAFC,1,2.68,2.69,2,-0.24,0.05,2,1.25,1.54
9/12/2026,20:30 EDT,STL,4,2.08,2.08,MIN,2,1.94,1.96,2,0.14,0.12,2,1.46,1.29
9/12/2026,19:30 EDT,CIN,3,2.29,2.35,CLT,3,1.8,1.8,0,0.49,0.55,0,1.68,1.08
9/12/2026,19:30 EDT,CLB,0,2.01,2.09,NYRB,1,1.63,1.66,-1,0.38,0.43,-1,1.6,1.14
9/12/2026,19:30 EDT,ORL,3,2.17,2.17,TOR,0,2.93,2.96,3,-0.76,-0.79,3,0.93,1.87
9/12/2026,19:30 EDT,MIA,2,1.86,1.94,NSH,2,2.4,2.56,0,-0.54,-0.62,0,0.99,1.78
9/12/2026,19:30 EDT,DCU,0,0.39,0.39,ATL,0,3.2,3.3,0,-2.81,-2.91,0,0.04,2.93
9/9/2026,22:30 EDT,SD,2,2.34,2.34,SJE,3,1.6,1.61,-1,0.74,0.74,-1,1.93,0.82
9/9/2026,22:30 EDT,POR,2,1.27,1.29,STL,2,2.46,2.53,0,-1.19,-1.24,0,0.51,2.31
9/9/2026,22:30 EDT,LAFC,2,1.63,1.64,NYRB,0,0.88,0.88,2,0.75,0.76,2,1.98,0.78
9/9/2026,22:30 EDT,VAN,3,2.63,2.66,LAG,0,0.7,0.7,3,1.93,1.96,3,2.62,0.25
9/9/2026,20:30 EDT,ATX,1,1.09,1.09,COL,1,0.7,0.7,0,0.39,0.38,0,1.62,1.04
9/9/2026,20:30 EDT,MIN,1,1.33,1.61,FCD,2,2.4,2.83,-1,-1.07,-1.21,-1,0.68,2.13
9/9/2026,20:30 EDT,CHI,1,1.12,1.12,MIA,1,1.73,1.83,0,-0.61,-0.71,0,0.99,1.75
9/9/2026,20:30 EDT,HOU,2,1.55,1.7,RSL,1,1.73,1.73,1,-0.17,-0.02,1,1.17,1.54
9/9/2026,20:00 EDT,NYC,1,1.68,1.69,NER,2,2.05,2.21,-1,-0.37,-0.53,-1,1.02,1.71
9/9/2026,19:45 EDT,PHI,5,3.69,3.83,CIN,0,0.04,0.04,5,3.65,3.79,5,2.99,0
9/9/2026,19:30 EDT,DCU,2,2.15,2.17,CLB,1,0.98,0.98,1,1.17,1.2,1,2.18,0.62
9/9/2026,19:30 EDT,MTL,1,1.6,1.61,CLT,2,1.98,2,-1,-0.38,-0.39,-1,1.1,1.68
9/9/2026,19:30 EDT,ATL,0,1.02,1.05,ORL,3,2.75,2.87,-3,-1.73,-1.82,-1,0.42,2.46
9/9/2026,19:30 EDT,TOR,2,2.44,2.44,NSH,0,0.92,0.92,2,1.53,1.53,1,2.41,0.42
9/5/2026,22:30 EDT,VAN,1,1.52,1.52,STL,3,1.87,1.88,-2,-0.35,-0.36,-2,1.09,1.66
9/5/2026,22:30 EDT,POR,4,2.56,2.74,MIN,4,2.12,2.15,0,0.44,0.59,1,1.71,1.06
9/5/2026,21:30 EDT,RSL,2,2.87,3,LAFC,2,2.61,2.62,0,0.25,0.38,0,1.44,1.35
9/5/2026,21:30 EDT,LAG,2,1.19,1.19,NER,1,2.72,2.81,1,-1.54,-1.62,1,0.4,2.42
9/5/2026,21:05 EDT,MIA,2,1.78,1.82,ATL,2,3.4,3.53,0,-1.62,-1.72,0,0.43,2.43
9/5/2026,20:30 EDT,ATX,1,1.4,1.41,SJE,1,1.56,1.56,0,-0.16,-0.15,0,1.26,1.47
9/5/2026,20:30 EDT,FCD,4,2.59,2.67,SKC,3,3.35,3.55,1,-0.76,-0.89,1,0.96,1.83
9/5/2026,20:30 EDT,SEA,0,2.3,2.34,NYRB,0,1.13,1.13,0,1.17,1.2,0,2.08,0.73
9/5/2026,19:30 EDT,TOR,4,1.9,1.91,CHI,3,2,2.01,1,-0.1,-0.1,0,1.36,1.39
9/5/2026,19:30 EDT,PHI,2,2.77,3.04,MTL,0,1.52,1.52,2,1.25,1.52,2,2.16,0.63
9/5/2026,19:30 EDT,CLT,0,1.03,1.03,HOU,0,1.27,1.27,0,-0.25,-0.25,0,1.24,1.44
9/5/2026,19:30 EDT,CLB,3,1.82,1.89,COL,0,0.68,0.68,3,1.14,1.21,3,2.25,0.55
9/5/2026,19:30 EDT,ORL,1,2.47,2.56,SD,0,0.38,0.38,1,2.09,2.18,1,2.78,0.13
9/4/2026,19:30 EDT,NYC,0,1.03,1.03,NSH,0,1.29,1.29,0,-0.27,-0.26,0,1.1,1.57
8/30/2026,19:00 EDT,STL,3,1.27,1.28,FCD,3,1.22,1.22,0,0.06,0.06,0,1.36,1.33
8/30/2026,16:30 EDT,CLB,1,0.6,0.6,NER,3,1.42,1.42,-2,-0.82,-0.82,-2,0.77,1.95
8/29/2026,22:30 EDT,SD,3,2.57,2.58,LAG,1,0.9,0.9,2,1.67,1.68,2,2.44,0.42
8/29/2026,22:30 EDT,POR,1,1.97,2.04,ATX,2,1.25,1.4,-1,0.71,0.64,-1,1.91,0.85
8/29/2026,21:30 EDT,COL,1,2.29,2.36,RSL,0,0.13,0.13,1,2.15,2.23,1,2.9,0.06
8/29/2026,20:30 EDT,MIN,3,3.15,3.4,ORL,3,0.99,0.99,0,2.15,2.4,0,2.64,0.26
8/29/2026,20:30 EDT,HOU,0,0.7,0.7,SJE,0,1.15,1.15,0,-0.45,-0.45,0,0.98,1.71
8/29/2026,20:30 EDT,NSH,4,2.15,2.15,CIN,0,1.9,2.03,4,0.25,0.12,4,1.55,1.23
8/29/2026,20:30 EDT,SKC,0,0.5,0.5,VAN,3,3.33,3.35,-3,-2.83,-2.85,-3,0.06,2.9
8/29/2026,19:30 EDT,ATL,0,1.07,1.09,CLT,2,2.17,2.22,-2,-1.1,-1.13,-2,0.63,2.16
8/29/2026,19:30 EDT,TOR,1,0.58,0.58,NYC,1,0.3,0.3,0,0.28,0.28,0,1.55,0.97
8/29/2026,19:30 EDT,NYRB,1,2.96,3.02,PHI,3,2.53,2.65,-2,0.43,0.37,-2,1.69,1.07
8/29/2026,19:30 EDT,MIA,7,3.06,3.08,MTL,1,0.78,0.82,6,2.27,2.26,6,2.67,0.24
8/29/2026,19:30 EDT,DCU,0,1.33,1.45,LAFC,0,1.8,1.83,0,-0.46,-0.38,0,1.03,1.73
8/29/2026,16:30 EDT,SEA,2,1.09,1.09,CHI,2,2.31,2.33,0,-1.22,-1.23,0,0.54,2.27
8/23/2026,19:00 EDT,ATL,2,1.68,1.69,SKC,1,0.62,0.62,1,1.06,1.07,1,2.27,0.51
8/23/2026,16:30 EDT,NER,1,3.1,3.1,NYC,1,1.35,1.39,0,1.75,1.71,0,2.57,0.31
8/22/2026,22:30 EDT,LAFC,1,3.18,3.2,POR,1,0.8,0.8,0,2.37,2.4,0,2.69,0.21
8/22/2026,22:30 EDT,SJE,1,2.16,2.19,MIN,5,2.06,2.14,-4,0.1,0.05,-4,1.46,1.31
8/22/2026,22:30 EDT,SD,3,1.24,1.24,COL,0,0.49,0.49,3,0.75,0.75,3,2.05,0.68
8/22/2026,21:30 EDT,VAN,5,1.55,1.55,FCD,0,1.74,1.82,5,-0.19,-0.27,5,1.18,1.54
8/22/2026,21:00 EDT,ATX,1,1.44,1.45,PHI,1,0.96,0.96,0,0.48,0.49,0,1.74,0.98
8/22/2026,20:30 EDT,NSH,3,0.79,0.79,CLB,2,0.26,0.26,1,0.53,0.53,1,1.81,0.77
8/22/2026,20:30 EDT,STL,2,1.34,1.34,HOU,1,1.59,1.68,1,-0.25,-0.34,1,1.18,1.56
8/22/2026,19:30 EDT,CLT,3,2.07,2.15,DCU,1,1.75,2.17,2,0.32,-0.02,2,1.6,1.15
8/22/2026,19:30 EDT,NYRB,1,0.73,0.73,CHI,1,0.76,0.76,0,-0.03,-0.03,0,1.3,1.31
8/22/2026,19:30 EDT,ORL,2,2.24,2.69,RSL,1,0.4,0.41,1,1.83,2.28,1,2.62,0.25
8/22/2026,19:30 EDT,MIA,1,1.81,1.81,TOR,2,0.77,0.77,-1,1.04,1.04,-1,2.15,0.63
8/22/2026,19:30 EDT,MTL,2,1.77,1.79,LAG,2,1.07,1.13,0,0.7,0.65,0,1.91,0.85
8/22/2026,19:30 EDT,CIN,1,1.94,2.41,SEA,1,1.25,1.3,0,0.69,1.12,0,1.85,0.91
8/19/2026,22:30 EDT,POR,3,1.85,1.85,SD,1,1.74,1.75,2,0.11,0.11,2,1.51,1.26
8/19/2026,22:30 EDT,VAN,0,1.76,1.77,HOU,1,0.83,0.83,-1,0.94,0.94,-1,2.06,0.69
8/19/2026,22:30 EDT,LAG,1,1.76,1.76,SJE,0,2.12,2.14,1,-0.36,-0.37,1,1.17,1.57
8/19/2026,21:30 EDT,COL,0,2.94,2.94,LAFC,0,0.58,0.62,0,2.36,2.32,1,2.82,0.12
8/19/2026,21:30 EDT,RSL,3,1.87,1.87,FCD,4,2.36,2.43,-1,-0.5,-0.56,-1,1.04,1.76
8/19/2026,21:30 EDT,SEA,1,1.59,1.59,ATX,2,1.24,1.25,-1,0.36,0.34,-1,1.5,1.22
8/19/2026,20:30 EDT,MIN,1,2.52,2.66,ATL,2,1.18,1.19,-1,1.33,1.48,-1,2.27,0.53
8/19/2026,20:00 EDT,SKC,1,2.25,2.25,STL,1,0.72,0.72,0,1.54,1.54,0,2.42,0.41
8/19/2026,19:30 EDT,CLB,0,0.42,0.44,MTL,2,1.37,1.37,-2,-0.96,-0.94,-1,0.52,2.23
8/19/2026,19:30 EDT,PHI,2,3.24,3.44,MIA,2,1.56,1.56,0,1.68,1.88,0,2.41,0.45
8/19/2026,19:30 EDT,CIN,2,1.51,1.51,NYC,1,2.15,2.16,1,-0.63,-0.65,1,0.95,1.85
8/19/2026,19:30 EDT,NYRB,0,2.3,2.3,NSH,1,1.06,1.06,-1,1.24,1.24,-1,2.3,0.52
8/19/2026,19:30 EDT,DCU,0,2.02,2.12,NER,3,2.45,2.48,-3,-0.43,-0.36,-3,1.07,1.71
8/19/2026,19:30 EDT,ORL,1,1.73,1.73,CHI,2,1.35,1.37,-1,0.37,0.36,-1,1.67,1.04
8/19/2026,19:30 EDT,TOR,3,2.13,2.25,CLT,3,1.94,2.25,0,0.2,0,0,1.51,1.25
8/16/2026,22:30 EDT,SEA,0,0.89,0.89,VAN,2,1.93,1.95,-2,-1.04,-1.05,-2,0.64,2.15
8/16/2026,20:30 EDT,ATX,1,0.71,0.72,FCD,2,1.63,1.63,-1,-0.92,-0.91,-1,0.71,2.07
8/16/2026,18:00 EDT,CHI,2,1.27,1.28,POR,1,1.17,1.17,1,0.1,0.11,1,1.43,1.26
8/16/2026,18:00 EDT,NYC,2,2.65,2.7,PHI,3,2.71,2.71,-1,-0.06,-0.01,-1,1.32,1.44
8/15/2026,22:30 EDT,LAFC,0,1.1,1.11,SD,1,1.05,1.07,-1,0.05,0.04,-1,1.31,1.32
8/15/2026,22:30 EDT,SJE,1,0.22,0.22,STL,3,3.11,3.11,-2,-2.89,-2.89,-2,0.06,2.9
8/15/2026,21:30 EDT,COL,2,3.13,3.21,SKC,0,0.41,0.42,2,2.72,2.79,2,2.81,0.12
8/15/2026,21:30 EDT,RSL,1,1.19,1.19,MIN,1,2.37,2.42,0,-1.18,-1.23,0,0.61,2.2
8/15/2026,20:30 EDT,HOU,1,1.35,1.35,LAG,0,0.96,0.96,1,0.39,0.39,1,1.69,1.01
8/15/2026,20:30 EDT,NSH,4,2.2,2.22,MIA,1,2.71,2.76,3,-0.51,-0.54,3,1.1,1.71
8/15/2026,19:30 EDT,TOR,1,0.16,0.16,NER,1,2.48,2.52,0,-2.32,-2.36,1,0.12,2.79
8/15/2026,19:30 EDT,MTL,1,2.69,2.79,DCU,1,0.73,0.73,0,1.96,2.06,0,2.61,0.27
8/15/2026,19:30 EDT,ORL,1,1.81,1.83,CIN,1,1,1.01,0,0.81,0.82,0,1.96,0.81
8/15/2026,19:30 EDT,ATL,2,1.99,1.99,NYRB,1,1.36,1.37,1,0.63,0.62,1,1.89,0.88
8/15/2026,19:30 EDT,CLT,3,1.85,1.85,CLB,1,2.34,2.35,2,-0.49,-0.5,2,1.07,1.68
8/8/2026,16:30 EDT,NER,0,0.43,0.43,HOU,2,1.08,1.14,-2,-0.65,-0.71,-2,0.71,1.94
8/1/2026,22:45 EDT,POR,2,2.02,2.07,SEA,1,1.38,1.42,1,0.64,0.65,1,2,0.77
8/1/2026,22:30 EDT,LAG,0,1.59,1.64,FCD,0,2.17,2.25,0,-0.58,-0.61,0,0.98,1.82
8/1/2026,21:46 EDT,CIN,4,2.97,2.99,SJE,2,1.45,1.45,2,1.53,1.54,2,2.35,0.51
8/1/2026,21:30 EDT,COL,1,2.9,3.08,ATX,0,0.86,0.87,1,2.05,2.21,1,2.64,0.25
8/1/2026,20:30 EDT,MIN,1,1.2,1.23,SD,1,1.85,1.92,0,-0.65,-0.69,0,0.9,1.87
8/1/2026,20:30 EDT,STL,1,2.22,2.23,RSL,1,1.24,1.24,0,0.98,0.98,0,2.07,0.73
8/1/2026,20:30 EDT,SKC,0,0.5,0.5,HOU,2,1.37,1.37,-2,-0.87,-0.87,-2,0.6,2.14
8/1/2026,20:30 EDT,CHI,2,1.17,1.17,CLT,1,1.12,1.12,1,0.05,0.05,1,1.43,1.27
8/1/2026,20:10 EDT,MIA,2,1.52,1.58,CLB,1,1.01,1.01,1,0.5,0.56,0,1.71,1.01
8/1/2026,19:30 EDT,DCU,2,2.03,2.08,NSH,2,1.81,1.83,0,0.22,0.25,0,1.59,1.18
8/1/2026,19:30 EDT,NYRB,3,3.82,3.82,ORL,2,3.78,4.54,1,0.04,-0.72,1,1.37,1.44
8/1/2026,19:30 EDT,PHI,3,2.44,2.45,ATL,2,0.7,0.7,1,1.74,1.75,1,2.53,0.31
8/1/2026,19:30 EDT,VAN,1,2.67,2.69,LAFC,1,0.31,0.31,0,2.36,2.38,0,2.81,0.11
8/1/2026,19:30 EDT,MTL,2,1.14,1.14,NER,2,4.12,4.26,0,-2.98,-3.12,0,0.09,2.85
7/31/2026,19:30 EDT,NYC,1,2.33,2.53,TOR,1,0.93,0.97,0,1.4,1.56,0,2.34,0.48
7/25/2026,22:30 EDT,SJE,1,4.02,4.21,LAG,1,1.14,1.14,0,2.88,3.06,0,2.79,0.15
7/25/2026,22:30 EDT,LAFC,4,1.42,1.42,SKC,0,0.6,0.61,4,0.82,0.81,4,2.09,0.66
7/25/2026,22:30 EDT,POR,2,2.36,2.39,RSL,1,0.24,0.24,1,2.11,2.15,1,2.74,0.16
7/25/2026,21:30 EDT,SD,1,1.6,1.6,FCD,0,0.67,0.67,1,0.93,0.93,1,2.16,0.64
7/25/2026,20:46 EDT,ORL,1,1.01,1.02,NSH,0,1,1,1,0.01,0.02,1,1.31,1.32
7/25/2026,20:30 EDT,HOU,3,1.63,1.63,ATX,0,1.23,1.23,3,0.4,0.4,3,1.68,1.07
7/25/2026,20:30 EDT,MIN,0,1.28,1.29,VAN,0,0.52,0.52,0,0.76,0.76,0,1.96,0.75
7/25/2026,20:30 EDT,STL,1,1.01,1.02,COL,0,0.13,0.13,1,0.88,0.89,1,2.17,0.48
7/25/2026,19:30 EDT,NYC,3,1.65,1.65,CHI,1,1.78,1.78,2,-0.13,-0.13,2,1.3,1.42
7/25/2026,19:30 EDT,MTL,0,1.85,1.85,MIA,1,2.03,2.03,-1,-0.19,-0.19,-1,1.24,1.46
7/25/2026,19:30 EDT,PHI,1,1.42,1.42,SEA,0,0.65,0.65,1,0.77,0.77,1,2.04,0.69
7/25/2026,19:30 EDT,NER,4,2.29,2.29,ATL,1,1.31,1.31,3,0.98,0.98,3,2.1,0.69
7/25/2026,19:30 EDT,DCU,1,2.08,2.23,TOR,1,1.4,1.52,0,0.68,0.71,1,1.97,0.83
7/25/2026,19:15 EDT,CLB,2,2.12,2.12,CIN,1,0.92,0.92,1,1.2,1.2,1,2.3,0.52
7/25/2026,18:30 EDT,NYRB,0,2.68,2.72,CLT,2,0.73,0.73,-2,1.95,1.99,-2,2.63,0.26
7/22/2026,22:30 EDT,LAFC,2,1.48,1.48,RSL,1,2.17,2.22,1,-0.69,-0.74,2,0.95,1.82
7/22/2026,22:30 EDT,LAG,1,1.29,1.29,STL,3,2.11,2.16,-2,-0.83,-0.87,-2,0.78,2
7/22/2026,22:30 EDT,POR,2,2.63,2.66,FCD,2,1.55,1.55,0,1.08,1.1,0,2.06,0.74
7/22/2026,22:30 EDT,SJE,0,1.4,1.4,ORL,4,1.61,1.61,-4,-0.21,-0.21,-4,1.3,1.47
7/22/2026,21:30 EDT,ATX,3,1.68,1.68,SEA,1,1.54,1.65,2,0.13,0.02,2,1.51,1.25
7/22/2026,21:30 EDT,COL,1,0.59,0.59,SD,0,0.98,1.02,1,-0.39,-0.43,1,0.98,1.68
7/22/2026,20:30 EDT,NSH,1,1.97,2.13,MTL,0,1.06,1.15,1,0.91,0.98,1,2.15,0.62
7/22/2026,20:30 EDT,HOU,1,1.07,1.07,DCU,1,0.64,0.64,0,0.43,0.43,0,1.71,0.96
7/22/2026,20:30 EDT,SKC,2,1.24,1.24,MIN,1,1.65,1.65,1,-0.41,-0.41,1,1.09,1.67
7/22/2026,20:15 EDT,CLT,2,3.49,3.87,ATL,2,1.79,1.79,0,1.7,2.08,0,2.25,0.6
7/22/2026,19:30 EDT,NER,0,1.05,1.06,TOR,0,1.43,1.43,0,-0.38,-0.37,0,0.99,1.69
7/22/2026,19:30 EDT,PHI,3,2.99,3.03,NYRB,1,0.75,0.75,2,2.24,2.29,2,2.63,0.26
7/22/2026,19:30 EDT,CLB,1,1.73,1.73,NYC,2,1.54,1.57,-1,0.19,0.16,-1,1.54,1.15
7/22/2026,19:30 EDT,MIA,3,2.32,2.38,CHI,1,2.06,2.08,2,0.25,0.3,1,1.59,1.19
7/22/2026,19:30 EDT,CIN,4,1.93,1.98,VAN,3,1.88,1.91,1,0.05,0.07,1,1.47,1.29
7/17/2026,22:25 EDT,LAG,0,1.37,1.42,LAFC,3,2.21,2.24,-3,-0.84,-0.82,-3,0.79,1.98
7/17/2026,20:10 EDT,NSH,1,0.8,0.8,ATL,0,1.75,1.75,1,-0.95,-0.95,1,0.59,2.18
7/16/2026,22:30 EDT,SEA,1,0.63,0.63,POR,5,2.95,3.06,-4,-2.32,-2.42,-4,0.16,2.77
7/16/2026,20:30 EDT,STL,3,3,3.15,SKC,2,1.55,1.55,1,1.45,1.6,1,2.29,0.55
7/16/2026,19:30 EDT,MTL,0,0.96,0.96,TOR,0,0.54,0.54,0,0.43,0.43,0,1.7,0.94
5/24/2026,21:15 EDT,LAFC,1,1.9,1.92,SEA,0,1.16,1.16,1,0.75,0.76,1,1.92,0.84
5/24/2026,19:00 EDT,MIA,6,4.62,4.82,PHI,4,4.18,4.22,2,0.44,0.6,2,1.69,1.14
5/24/2026,17:00 EDT,CLB,2,1.52,1.55,ATL,0,1.39,1.47,2,0.13,0.08,2,1.46,1.26
5/23/2026,22:30 EDT,LAG,1,3.05,3.05,HOU,1,0.7,0.7,0,2.35,2.35,0,2.7,0.2
5/23/2026,21:30 EDT,POR,1,2.37,2.37,SJE,3,1.05,1.05,-2,1.31,1.32,-2,2.21,0.59
5/23/2026,21:30 EDT,SD,2,1.14,1.15,VAN,4,4.12,4.2,-2,-2.98,-3.05,-2,0.13,2.81
5/23/2026,21:30 EDT,COL,1,1.61,1.62,FCD,2,1.72,1.72,-1,-0.11,-0.1,-1,1.18,1.55
5/23/2026,20:30 EDT,CHI,2,1.78,1.79,TOR,1,1.52,1.52,1,0.26,0.27,1,1.57,1.2
5/23/2026,20:30 EDT,SKC,1,1.81,1.81,NYRB,2,1.01,1.01,-1,0.8,0.8,-1,2.02,0.75
5/23/2026,20:30 EDT,NSH,2,1.01,1.06,NYC,1,1.51,1.51,1,-0.5,-0.45,1,0.94,1.79
5/23/2026,19:30 EDT,DCU,4,2.99,3.02,MTL,4,3.7,4.03,0,-0.7,-1.01,0,0.97,1.84
5/23/2026,19:30 EDT,CLT,1,1.59,1.65,NER,0,1.01,1.01,1,0.59,0.64,1,1.8,0.92
5/23/2026,19:30 EDT,CIN,6,3.47,4.1,ORL,2,2.06,2.07,4,1.41,2.03,4,2.22,0.63
5/23/2026,16:30 EDT,MIN,1,0.9,0.9,RSL,1,0.41,0.41,0,0.49,0.49,0,1.81,0.84
5/23/2026,14:45 EDT,STL,2,1.02,1.02,ATX,0,0.61,0.61,2,0.42,0.41,3,1.7,0.96
5/17/2026,20:00 EDT,NSH,3,0.68,0.68,LAFC,2,2.54,2.54,1,-1.86,-1.86,1,0.21,2.68
5/17/2026,18:00 EDT,MIA,2,4.27,4.29,POR,0,1.29,1.3,2,2.98,2.99,2,2.75,0.18
5/16/2026,22:30 EDT,SJE,2,2.08,2.12,FCD,3,2.8,2.85,-1,-0.71,-0.73,-1,0.96,1.84
5/16/2026,21:30 EDT,SD,3,1.94,1.94,CIN,3,1.52,1.52,0,0.42,0.42,0,1.66,1.1
5/16/2026,21:30 EDT,RSL,2,1.72,1.75,COL,1,0.83,0.83,1,0.89,0.91,1,2.01,0.75
5/16/2026,21:15 EDT,SEA,0,1.79,1.8,LAG,2,1.88,1.88,-2,-0.08,-0.08,-2,1.36,1.4
5/16/2026,20:30 EDT,ATX,1,0.37,0.37,SKC,2,1.64,1.64,-1,-1.27,-1.27,-1,0.43,2.33
5/16/2026,20:30 EDT,HOU,1,1.4,1.4,VAN,0,0.59,0.59,1,0.81,0.81,1,2.07,0.68
5/16/2026,19:30 EDT,DCU,1,1.27,1.27,STL,1,1.07,1.07,0,0.2,0.21,0,1.5,1.24
5/16/2026,19:30 EDT,NYRB,1,2.3,2.31,NYC,1,1.44,1.45,0,0.86,0.86,0,2.14,0.67
5/16/2026,19:30 EDT,NER,2,2.01,2.03,MIN,1,2.27,2.29,1,-0.26,-0.26,1,1.19,1.56
5/16/2026,19:30 EDT,ORL,1,1.43,1.43,ATL,1,1.64,1.66,0,-0.21,-0.23,0,1.2,1.52
5/16/2026,19:30 EDT,PHI,1,0.98,0.99,CLB,1,0.6,0.6,0,0.38,0.38,0,1.68,0.95
5/16/2026,19:30 EDT,CLT,3,2.53,2.53,TOR,1,1.36,1.38,2,1.18,1.16,2,2.26,0.56
5/16/2026,16:30 EDT,MTL,0,1.33,1.34,CHI,2,1.77,1.8,-2,-0.43,-0.46,-2,1.07,1.7
5/13/2026,21:30 EDT,RSL,2,0.77,0.77,HOU,0,0.86,0.86,2,-0.1,-0.1,3,1.22,1.44
5/13/2026,21:30 EDT,SEA,3,3.42,3.51,SJE,2,1.48,1.48,1,1.94,2.03,1,2.48,0.37
5/13/2026,21:30 EDT,SD,5,2.53,2.53,ATX,0,0.61,0.61,5,1.92,1.93,5,2.54,0.32
5/13/2026,20:30 EDT,MIN,0,1.35,1.37,COL,1,0.48,0.48,-1,0.87,0.89,-1,2.14,0.6
5/13/2026,20:30 EDT,STL,2,2.01,2.04,LAFC,1,2.29,2.34,1,-0.28,-0.29,1,1.25,1.51
5/13/2026,20:30 EDT,FCD,2,1.41,1.41,VAN,2,0.97,0.99,0,0.43,0.42,-1,1.75,0.97
5/13/2026,20:30 EDT,SKC,3,2.52,2.53,LAG,1,1.62,1.63,2,0.9,0.9,2,1.93,0.87
5/13/2026,19:30 EDT,MTL,2,2.1,2.1,POR,2,1.79,1.81,0,0.31,0.3,0,1.64,1.13
5/13/2026,19:30 EDT,NYRB,3,2.82,2.86,CLB,2,1.6,1.6,1,1.21,1.26,1,2.21,0.61
5/13/2026,19:30 EDT,ORL,4,2.58,2.58,PHI,3,1.99,2.01,1,0.58,0.56,1,1.8,0.98
5/13/2026,19:30 EDT,CIN,3,1.56,1.56,MIA,4,2.87,2.88,-1,-1.31,-1.32,-2,0.58,2.23
5/13/2026,19:30 EDT,NER,0,0.66,0.66,NSH,3,1.2,1.2,-3,-0.55,-0.55,-3,0.83,1.88
5/13/2026,19:30 EDT,DCU,1,1.11,1.15,CHI,3,2.27,2.28,-2,-1.17,-1.13,-2,0.53,2.29
5/13/2026,19:15 EDT,CLT,0,0.39,0.39,NYC,1,1.07,1.07,-1,-0.68,-0.68,-1,0.64,2.04
5/10/2026,21:00 EDT,LAFC,1,1.39,1.39,HOU,4,0.97,1,-3,0.42,0.39,-3,1.69,1.02
5/10/2026,19:00 EDT,MIN,2,2.76,2.76,ATX,2,1.68,1.71,0,1.07,1.06,0,2.05,0.75
5/10/2026,16:30 EDT,NYC,3,1.33,1.33,CLB,0,1.21,1.21,3,0.13,0.12,3,1.46,1.28
5/9/2026,22:30 EDT,SJE,1,1.31,1.44,VAN,1,1.99,2.07,0,-0.68,-0.63,0,0.85,1.9
5/9/2026,22:30 EDT,SEA,1,3.76,3.84,SD,1,1.91,1.98,0,1.85,1.86,0,2.35,0.52
5/9/2026,22:30 EDT,POR,5,1.24,1.25,SKC,0,0.44,0.44,5,0.8,0.8,6,1.97,0.72
5/9/2026,21:30 EDT,COL,0,1.75,1.75,STL,1,1.69,1.7,-1,0.06,0.05,-1,1.39,1.31
5/9/2026,21:15 EDT,NSH,2,2.03,2.09,DCU,2,2.16,2.16,0,-0.13,-0.07,0,1.29,1.46
5/9/2026,20:30 EDT,FCD,3,2.33,2.4,RSL,1,0.84,0.84,2,1.49,1.56,2,2.4,0.45
5/9/2026,19:30 EDT,ATL,1,1.51,1.52,LAG,2,2.34,2.42,-1,-0.84,-0.9,-1,0.85,1.95
5/9/2026,19:30 EDT,NER,2,1.06,1.06,PHI,0,1.39,1.41,2,-0.32,-0.35,1,1.1,1.6
5/9/2026,19:30 EDT,CLT,2,1.69,1.71,CIN,2,1.61,1.68,0,0.08,0.04,0,1.42,1.33
5/9/2026,16:30 EDT,MTL,2,2.68,2.69,ORL,0,0.74,0.74,2,1.94,1.95,2,2.66,0.23
5/9/2026,14:30 EDT,CHI,1,1.27,1.31,NYRB,3,1.55,1.55,-2,-0.27,-0.24,-2,1.14,1.58
5/9/2026,13:00 EDT,TOR,2,1,1,MIA,4,1.63,1.64,-2,-0.63,-0.63,-2,0.88,1.85
5/3/2026,17:30 EDT,ATX,2,2.1,2.11,STL,0,1.68,1.72,2,0.42,0.4,2,1.67,1.08
5/3/2026,15:00 EDT,NYC,0,0.55,0.55,DCU,2,2.82,2.83,-2,-2.28,-2.29,-2,0.16,2.75
5/2/2026,22:30 EDT,LAG,1,1.59,1.62,VAN,1,2.23,2.24,0,-0.65,-0.63,0,0.95,1.83
5/2/2026,21:30 EDT,SD,2,1.29,1.29,LAFC,2,1.37,1.4,0,-0.08,-0.1,0,1.24,1.45
5/2/2026,20:30 EDT,HOU,1,0.78,0.79,COL,0,0.48,0.48,1,0.31,0.31,1,1.6,0.99
5/2/2026,20:30 EDT,CHI,2,4.72,4.82,CIN,3,1.89,1.98,-1,2.82,2.84,-1,2.72,0.2
5/2/2026,19:30 EDT,ATL,3,1.47,1.48,MTL,1,1.04,1.06,2,0.43,0.42,2,1.69,1.05
5/2/2026,19:30 EDT,NYRB,0,0.7,0.7,FCD,2,1.39,1.39,-2,-0.69,-0.69,-2,0.83,1.93
5/2/2026,19:30 EDT,CLB,2,1.69,1.79,MIN,3,1.52,1.52,-1,0.17,0.26,-1,1.52,1.24
5/2/2026,19:30 EDT,PHI,0,1.72,1.75,NSH,0,0.72,0.72,0,1,1.03,0,2.14,0.64
5/2/2026,19:30 EDT,NER,1,1.78,1.79,CLT,0,1.47,1.51,1,0.3,0.28,1,1.56,1.15
5/2/2026,19:15 EDT,MIA,3,3.44,3.57,ORL,4,2.79,2.8,-1,0.65,0.77,-1,1.77,1.01
5/2/2026,16:45 EDT,RSL,2,2.88,3.02,POR,0,1.21,1.23,2,1.68,1.79,2,2.35,0.49
5/2/2026,14:30 EDT,SKC,1,1.86,1.86,SEA,1,2.08,2.08,0,-0.22,-0.23,0,1.24,1.53
5/2/2026,13:00 EDT,TOR,1,0.96,0.96,SJE,1,0.99,1,0,-0.03,-0.03,0,1.3,1.36
4/26/2026,19:00 EDT,LAG,2,2.69,2.69,RSL,0,1.81,1.81,2,0.88,0.88,1,2.06,0.75
4/25/2026,22:30 EDT,VAN,3,4.36,4.36,COL,1,2.17,2.68,2,2.19,1.68,2,2.51,0.38
4/25/2026,22:30 EDT,SEA,2,2.09,2.09,FCD,1,0.8,0.81,1,1.3,1.28,1,2.32,0.49
4/25/2026,21:30 EDT,SD,1,2.02,2.09,POR,2,0.92,0.95,-1,1.1,1.14,-1,2.22,0.58
4/25/2026,20:30 EDT,CHI,5,3.36,3.39,SKC,0,0.4,0.4,5,2.96,2.98,5,2.92,0.05
4/25/2026,20:30 EDT,ATX,2,0.81,0.81,HOU,0,1,1,2,-0.2,-0.19,2,1.11,1.56
4/25/2026,20:30 EDT,NSH,4,1.23,1.24,CLT,2,1.09,1.09,2,0.14,0.15,2,1.51,1.21
4/25/2026,20:30 EDT,STL,2,2.75,2.83,SJE,3,1.61,1.62,-1,1.14,1.21,-1,2.1,0.68
4/25/2026,19:30 EDT,DCU,3,1.09,1.09,ORL,2,1.13,1.41,1,-0.04,-0.32,1,1.24,1.43
4/25/2026,19:30 EDT,CIN,2,2.63,2.75,NYRB,0,1.57,1.57,2,1.06,1.18,2,2.14,0.68
4/25/2026,19:30 EDT,CLB,1,1.02,1.02,PHI,0,1.2,1.27,1,-0.18,-0.25,2,1.16,1.54
4/25/2026,19:30 EDT,MIA,1,2.83,2.98,NER,1,1.61,1.62,0,1.22,1.37,0,2.14,0.67
4/25/2026,16:45 EDT,MIN,0,2.45,2.5,LAFC,1,0.9,0.9,-1,1.56,1.61,-1,2.42,0.41
4/25/2026,14:30 EDT,MTL,1,0.9,0.9,NYC,0,0.55,0.55,1,0.35,0.35,1,1.65,1
4/25/2026,13:00 EDT,TOR,1,0.63,0.63,ATL,2,0.81,0.81,-1,-0.18,-0.18,-1,1.12,1.5
4/22/2026,22:30 EDT,LAFC,0,0.18,0.18,COL,0,0.46,0.46,0,-0.29,-0.29,0,0.88,1.55
4/22/2026,22:30 EDT,SJE,5,5.7,5.73,ATX,1,0.77,0.77,4,4.92,4.96,4,2.98,0.01
4/22/2026,21:45 EDT,CLB,2,1.11,1.11,LAG,1,0.85,0.85,1,0.27,0.27,1,1.55,1.13
4/22/2026,21:30 EDT,RSL,0,1.19,1.19,MIA,2,2.2,2.25,-2,-1.01,-1.07,-2,0.7,2.09
4/22/2026,20:30 EDT,HOU,1,0.73,0.74,SD,0,0.95,0.95,1,-0.21,-0.2,1,1.18,1.48
4/22/2026,20:30 EDT,FCD,0,1.24,1.25,MIN,1,0.9,1.02,-1,0.33,0.24,-1,1.67,1.01
4/22/2026,19:45 EDT,ATL,1,2.6,2.82,NER,2,0.95,0.95,-1,1.66,1.88,-1,2.5,0.36
4/22/2026,19:30 EDT,NYC,4,2.35,2.36,CIN,4,1.77,1.78,0,0.58,0.57,0,1.77,1
4/22/2026,19:30 EDT,TOR,3,1.67,1.71,PHI,3,0.98,0.98,0,0.7,0.73,0,1.96,0.8
4/22/2026,19:30 EDT,NYRB,4,1.83,1.83,DCU,4,3.53,3.54,0,-1.7,-1.7,0,0.51,2.35
4/22/2026,19:30 EDT,ORL,4,1.61,1.61,CLT,1,1.8,1.8,3,-0.18,-0.18,3,1.25,1.48
4/19/2026,19:00 EDT,LAFC,0,1.83,1.84,SJE,3,2.17,2.17,-3,-0.34,-0.33,-3,1.14,1.63
4/18/2026,21:30 EDT,SEA,4,1.76,1.77,STL,1,0.82,0.83,3,0.94,0.94,3,2.13,0.64
4/18/2026,21:30 EDT,RSL,4,2.88,2.9,SD,2,1.66,1.66,2,1.23,1.25,2,2.24,0.61
4/18/2026,20:30 EDT,FCD,2,1.73,1.75,LAG,2,1.01,1.02,0,0.72,0.73,0,1.91,0.83
4/18/2026,20:30 EDT,MIN,2,2.29,2.29,POR,0,1.33,1.4,2,0.96,0.89,2,2.04,0.73
4/18/2026,19:30 EDT,ATL,0,0.84,0.84,NSH,2,1.99,2.04,-2,-1.15,-1.2,-2,0.6,2.22
4/18/2026,19:30 EDT,NYC,1,1.65,1.69,CLT,2,1.11,1.2,-1,0.55,0.49,-1,1.73,1.02
4/18/2026,19:30 EDT,CIN,2,3.92,3.99,CHI,3,2.18,2.23,-1,1.74,1.76,0,2.35,0.52
4/18/2026,19:30 EDT,NER,2,1.35,1.36,CLB,1,1.18,1.2,1,0.17,0.16,1,1.55,1.15
4/18/2026,19:30 EDT,PHI,0,1.35,1.4,DCU,0,0.67,0.67,0,0.68,0.72,0,1.9,0.79
4/18/2026,19:30 EDT,ORL,0,1.32,1.36,HOU,1,1.32,1.32,-1,0,0.04,-1,1.39,1.33
4/18/2026,16:30 EDT,COL,2,1.37,1.38,MIA,3,1.45,1.45,-1,-0.08,-0.07,-1,1.23,1.48
4/18/2026,14:30 EDT,MTL,4,2.72,2.73,NYRB,0,0.99,0.99,4,1.73,1.74,3,2.6,0.29
4/18/2026,13:00 EDT,TOR,3,3.41,3.61,ATX,3,1.75,1.79,0,1.65,1.82,0,2.37,0.49
4/17/2026,22:30 EDT,VAN,3,3.66,3.97,SKC,0,0.14,0.14,3,3.52,3.84,3,2.96,0.02
4/12/2026,19:00 EDT,CLB,1,1.68,1.69,ORL,1,0.54,0.54,0,1.14,1.15,0,2.22,0.53
4/11/2026,22:30 EDT,SD,1,2.44,2.48,MIN,2,3.06,3.14,-1,-0.62,-0.66,-1,0.99,1.79
4/11/2026,21:30 EDT,COL,5,1.92,2.14,HOU,2,1.6,1.62,3,0.32,0.52,4,1.61,1.16
4/11/2026,20:30 EDT,SKC,1,0.94,0.94,SJE,3,1.6,1.6,-2,-0.67,-0.66,-2,0.95,1.77
4/11/2026,20:30 EDT,CHI,1,2.25,2.32,ATL,0,2.13,2.42,1,0.12,-0.1,1,1.5,1.28
4/11/2026,20:30 EDT,FCD,1,1.64,1.67,STL,1,1.05,1.05,0,0.59,0.62,0,1.88,0.86
4/11/2026,19:30 EDT,MIA,2,2.58,2.58,NYRB,2,1.1,1.11,0,1.47,1.46,0,2.36,0.47
4/11/2026,19:30 EDT,CLT,1,2.63,2.63,NSH,2,0.53,0.53,-1,2.11,2.1,-1,2.81,0.13
4/11/2026,19:30 EDT,NER,1,1.15,1.15,DCU,0,1.71,1.71,1,-0.56,-0.56,1,0.9,1.82
4/11/2026,19:30 EDT,VAN,2,3.36,3.38,NYC,0,0.72,0.73,2,2.64,2.66,2,2.77,0.16
4/11/2026,16:45 EDT,POR,2,1.17,1.18,LAFC,1,1.78,1.79,1,-0.61,-0.61,1,0.95,1.77
4/11/2026,14:30 EDT,ATX,1,0.96,0.96,LAG,2,0.97,0.97,-1,-0.01,-0.01,-1,1.25,1.42
4/11/2026,14:30 EDT,MTL,1,1.1,1.1,PHI,2,1.06,1.06,-1,0.04,0.04,-1,1.37,1.32
4/11/2026,13:00 EDT,TOR,0,0.58,0.58,CIN,1,0.87,0.87,-1,-0.29,-0.29,0,0.99,1.66
4/4/2026,22:30 EDT,LAG,1,2.2,2.46,MIN,2,1.77,1.78,-1,0.43,0.68,-1,1.68,1.08
4/4/2026,22:30 EDT,VAN,3,2.77,2.79,POR,2,0.76,0.78,1,2,2,1,2.64,0.26
4/4/2026,22:30 EDT,SJE,3,3.72,3.72,SD,0,0.56,0.56,3,3.16,3.16,3,2.89,0.07
4/4/2026,21:30 EDT,LAFC,5,2.68,2.68,ORL,0,0.93,0.93,5,1.74,1.74,6,2.44,0.39
4/4/2026,21:00 EDT,HOU,0,1.18,1.2,SEA,1,1.11,1.17,-1,0.07,0.03,-1,1.42,1.27
4/4/2026,20:30 EDT,CHI,1,1.72,1.72,NSH,0,1.27,1.27,1,0.45,0.45,1,1.72,1.01
4/4/2026,19:30 EDT,CLT,2,1.44,1.44,PHI,1,1.3,1.3,1,0.14,0.14,1,1.54,1.19
4/4/2026,19:30 EDT,NYRB,3,2.09,2.09,CIN,2,2.34,2.34,1,-0.25,-0.25,2,1.29,1.49
4/4/2026,19:30 EDT,MIA,2,3.44,3.6,ATX,2,1.46,1.46,0,1.98,2.14,0,2.46,0.4
4/4/2026,19:30 EDT,NYC,1,2.02,2.03,STL,1,1.62,1.65,0,0.41,0.39,0,1.68,1.1
4/4/2026,19:30 EDT,DCU,0,0.85,0.85,FCD,4,2.31,2.4,-4,-1.47,-1.55,-4,0.49,2.34
4/4/2026,19:30 EDT,ATL,1,1.1,1.37,CLB,3,1.62,1.62,-2,-0.52,-0.25,-2,0.98,1.73
4/4/2026,16:30 EDT,NER,3,1.59,1.62,MTL,0,1.55,1.56,3,0.04,0.06,3,1.39,1.33
4/4/2026,16:30 EDT,RSL,3,2.94,2.96,SKC,1,0.63,0.63,2,2.31,2.34,2,2.69,0.21
4/4/2026,13:00 EDT,TOR,2,1.7,1.71,COL,2,0.47,0.47,0,1.23,1.23,1,2.29,0.49
3/22/2026,19:00 EDT,SD,2,2.03,2.5,RSL,2,2.84,2.86,0,-0.81,-0.36,0,0.91,1.88
3/22/2026,16:45 EDT,POR,1,0.59,0.59,LAG,1,2.81,2.84,0,-2.21,-2.25,0,0.2,2.69
3/22/2026,14:30 EDT,MIN,0,1.24,1.31,SEA,0,0.87,0.87,0,0.36,0.43,0,1.65,1.03
3/22/2026,13:00 EDT,NYC,2,1.22,1.22,MIA,3,1.89,1.93,-1,-0.67,-0.7,-1,0.9,1.86
3/22/2026,13:00 EDT,CIN,4,1.9,1.9,MTL,3,2.38,2.39,1,-0.48,-0.49,1,1.07,1.71
3/21/2026,22:30 EDT,VAN,0,1.45,1.45,SJE,1,1.07,1.07,-1,0.37,0.37,-1,1.57,1.12
3/21/2026,20:45 EDT,ATX,0,1.06,1.06,LAFC,0,1.57,1.57,0,-0.52,-0.52,0,0.94,1.81
3/21/2026,20:30 EDT,STL,3,1.35,1.35,NER,1,0.87,0.87,2,0.47,0.48,2,1.73,0.97
3/21/2026,20:30 EDT,FCD,3,1.77,1.78,HOU,3,1.42,1.42,0,0.35,0.36,1,1.6,1.12
3/21/2026,20:30 EDT,SKC,1,0.71,0.72,COL,4,3.95,4.01,-3,-3.24,-3.29,-3,0.05,2.92
3/21/2026,19:30 EDT,ATL,0,0.57,0.57,DCU,0,0.17,0.17,0,0.4,0.4,0,1.67,0.81
3/21/2026,19:30 EDT,CLT,6,2.75,2.78,NYRB,1,1.61,1.67,5,1.14,1.11,5,2.06,0.78
3/21/2026,18:15 EDT,NSH,5,3.64,3.67,ORL,0,0.99,0.99,5,2.65,2.68,5,2.77,0.15
3/21/2026,16:30 EDT,PHI,1,1.1,1.1,CHI,2,1.66,1.67,-1,-0.56,-0.57,-1,0.91,1.83
3/21/2026,13:00 EDT,TOR,2,1.01,1.01,CLB,1,0.95,0.95,1,0.06,0.06,1,1.34,1.35
3/15/2026,19:00 EDT,SJE,0,2.84,2.92,SEA,1,0.59,0.59,-1,2.26,2.33,-1,2.69,0.22
3/15/2026,16:30 EDT,VAN,6,4.54,4.54,MIN,0,1.05,1.05,6,3.5,3.5,6,2.92,0.06
3/15/2026,14:30 EDT,NER,6,1.65,1.73,CIN,1,1.47,1.47,5,0.19,0.26,5,1.53,1.19
3/14/2026,22:30 EDT,LAFC,2,1.13,1.14,STL,0,1.72,1.75,2,-0.58,-0.62,2,0.97,1.77
3/14/2026,21:30 EDT,RSL,1,1.79,1.87,ATX,1,0.78,0.84,0,1.01,1.03,1,2.09,0.68
3/14/2026,21:30 EDT,LAG,1,2.23,2.44,SKC,2,0.61,0.61,-1,1.62,1.83,-1,2.49,0.36
3/14/2026,20:30 EDT,FCD,3,3.08,3.25,SD,3,1.88,1.88,0,1.2,1.37,0,2.11,0.67
3/14/2026,20:30 EDT,HOU,3,1.8,1.81,POR,2,2.55,2.58,1,-0.74,-0.77,1,0.81,1.99
3/14/2026,20:30 EDT,CHI,1,2.15,2.16,DCU,2,1.56,1.57,-1,0.59,0.59,-1,1.81,0.93
3/14/2026,19:30 EDT,ORL,2,2.14,2.36,MTL,1,1.3,1.33,1,0.84,1.03,1,2.08,0.74
3/14/2026,19:30 EDT,CLT,0,1.1,1.1,MIA,0,0.94,0.97,0,0.17,0.14,0,1.47,1.2
3/14/2026,19:30 EDT,NYC,3,1.45,1.52,COL,1,0.96,0.96,2,0.49,0.56,2,1.85,0.89
3/14/2026,18:15 EDT,CLB,0,0.24,0.24,NSH,1,1.41,1.41,-1,-1.17,-1.17,-1,0.31,2.48
3/14/2026,15:15 EDT,ATL,3,1.96,1.96,PHI,1,2.16,2.16,2,-0.2,-0.2,2,1.21,1.55
3/14/2026,13:00 EDT,TOR,1,1.91,1.92,NYRB,1,2.39,2.51,0,-0.47,-0.6,0,1.15,1.6
3/8/2026,19:00 EDT,CIN,0,0.97,0.97,TOR,1,1.14,1.14,-1,-0.17,-0.17,-1,1.13,1.53
3/8/2026,16:30 EDT,NYRB,0,0.81,0.81,MTL,3,2.23,2.23,-3,-1.42,-1.42,-3,0.4,2.43
3/7/2026,22:30 EST,LAFC,1,1.32,1.32,FCD,0,1.3,1.33,1,0.02,-0.01,1,1.39,1.32
3/7/2026,22:30 EST,POR,1,0.47,0.47,VAN,4,2.98,3.22,-3,-2.52,-2.76,-3,0.12,2.83
3/7/2026,21:30 EST,COL,4,2.28,2.29,LAG,1,1.45,1.54,3,0.83,0.75,3,1.96,0.84
3/7/2026,20:30 EST,NSH,3,2.19,2.27,MIN,1,1.12,1.12,2,1.08,1.15,2,2.18,0.62
3/7/2026,20:30 EST,SKC,0,0.63,0.63,SD,1,2.1,2.1,-1,-1.47,-1.47,-1,0.42,2.4
3/7/2026,20:30 EST,STL,0,1.04,1.06,SEA,1,0.96,1,-1,0.09,0.06,-1,1.42,1.27
3/7/2026,19:30 EST,CLB,0,1.44,2.04,CHI,0,0.82,0.82,0,0.62,1.22,0,1.91,0.81
3/7/2026,19:30 EST,ATL,2,1.68,1.68,RSL,3,1.16,1.16,-1,0.52,0.52,-1,1.83,0.93
3/7/2026,19:30 EST,CLT,3,3.18,3.29,ATX,0,0.15,0.15,3,3.03,3.15,2,2.93,0.04
3/7/2026,19:30 EST,PHI,0,1.19,1.19,SJE,1,1.12,1.17,-1,0.07,0.02,-1,1.42,1.28
3/7/2026,16:30 EST,DCU,1,1.65,1.73,MIA,2,0.95,0.95,-1,0.7,0.78,-1,1.94,0.78
3/7/2026,14:30 EST,NYC,5,2.39,2.39,ORL,0,0.17,0.17,5,2.22,2.22,5,2.89,0.06
3/1/2026,21:15 EST,SD,2,1.3,1.3,STL,0,1.26,1.26,2,0.04,0.04,2,1.36,1.34
3/1/2026,19:00 EST,ORL,2,1.03,1.09,MIA,4,1.63,1.64,-2,-0.59,-0.55,-2,0.92,1.84
3/1/2026,16:30 EST,PHI,1,2.2,2.22,NYC,2,2.39,2.46,-1,-0.19,-0.24,-1,1.27,1.48
3/1/2026,14:30 EST,ATX,1,2.4,2.46,DCU,0,0.41,0.41,1,1.99,2.05,1,2.68,0.2
2/28/2026,22:30 EST,LAG,3,3.13,3.15,CLT,0,0.44,0.44,3,2.68,2.7,3,2.9,0.06
2/28/2026,21:30 EST,VAN,3,2.18,2.23,TOR,0,0.55,0.55,3,1.63,1.68,3,2.58,0.27
2/28/2026,20:30 EST,HOU,0,1.15,1.16,LAFC,2,2.13,2.15,-2,-0.98,-0.99,-2,0.82,1.97
2/28/2026,20:30 EST,SKC,2,1.58,1.72,CLB,2,2.35,2.56,0,-0.77,-0.84,0,0.81,1.97
2/28/2026,20:30 EST,FCD,0,0.95,0.95,NSH,0,0.51,0.51,0,0.44,0.44,0,1.7,0.97
2/28/2026,19:30 EST,SJE,2,2.72,2.72,ATL,0,0.85,0.85,2,1.86,1.86,2,2.59,0.29
2/28/2026,19:30 EST,RSL,2,2.04,2.05,SEA,1,1.96,1.96,1,0.08,0.09,1,1.43,1.36
2/28/2026,16:30 EST,COL,2,2.65,2.66,POR,0,1.06,1.06,2,1.59,1.6,2,2.4,0.45
2/28/2026,16:30 EST,MIN,1,1.78,1.86,CIN,0,1.17,1.17,1,0.61,0.69,1,1.9,0.85
2/28/2026,14:30 EST,CHI,3,3.39,3.4,MTL,0,0.08,0.08,3,3.31,3.31,3,2.98,0.01
2/28/2026,14:30 EST,NYRB,1,1.11,1.11,NER,0,0.52,0.52,1,0.59,0.59,1,1.89,0.78
2/22/2026,21:15 EST,SEA,2,1.27,1.27,COL,0,0.75,0.77,2,0.52,0.5,2,1.73,0.95
2/22/2026,19:00 EST,LAG,1,0.36,0.36,NYC,1,1.56,1.56,0,-1.19,-1.19,0,0.34,2.48
2/21/2026,22:30 EST,SD,5,1.52,1.58,MTL,0,0.4,0.4,5,1.12,1.18,5,2.27,0.48
2/21/2026,22:30 EST,POR,3,1.29,1.35,CLB,2,1.09,1.09,1,0.19,0.26,1,1.56,1.12
2/21/2026,22:30 EST,SJE,3,2.52,2.54,SKC,0,0.66,0.68,3,1.85,1.87,3,2.66,0.24
2/21/2026,21:30 EST,LAFC,3,2.85,2.85,MIA,0,1.1,1.11,3,1.74,1.74,3,2.44,0.42
2/21/2026,20:30 EST,ATX,2,1.7,1.7,MIN,2,1.73,1.73,0,-0.02,-0.02,0,1.28,1.41
2/21/2026,20:30 EST,NSH,4,2.83,3.37,NER,1,0.53,0.53,3,2.31,2.84,3,2.78,0.15
2/21/2026,20:30 EST,FCD,3,1.4,1.4,TOR,2,1.55,1.57,1,-0.15,-0.17,1,1.23,1.51
2/21/2026,20:30 EST,HOU,2,0.9,0.92,CHI,1,0.74,0.74,1,0.16,0.18,1,1.49,1.18
2/21/2026,19:30 EST,ORL,1,2.01,2.03,NYRB,2,3.46,3.53,-1,-1.45,-1.5,-1,0.59,2.24
2/21/2026,19:30 EST,VAN,1,1.46,1.48,RSL,0,0.46,0.47,1,0.99,1.01,1,2.16,0.58
2/21/2026,19:30 EST,DCU,1,0.98,0.98,PHI,0,0.74,0.74,1,0.24,0.24,1,1.55,1.13
2/21/2026,16:45 EST,CIN,2,1.82,1.83,ATL,0,0.6,0.6,2,1.22,1.23,2,2.33,0.47
2/21/2026,14:30 EST,STL,1,2.21,2.27,CLT,1,0.75,0.75,0,1.46,1.52,0,2.36,0.47
10/18/2025,21:00 EDT,POR,0,1.21,1.25,SD,4,2.75,2.81,-4,-1.55,-1.55,-4,0.48,2.36
10/18/2025,21:00 EDT,VAN,1,2.07,2.08,FCD,2,1.36,1.36,-1,0.71,0.72,-1,1.97,0.8
10/18/2025,21:00 EDT,SJE,2,2.6,2.71,ATX,1,0.55,0.55,1,2.05,2.16,1,2.66,0.22
10/18/2025,21:00 EDT,SKC,0,1.1,1.1,HOU,0,1.13,1.13,0,-0.02,-0.02,0,1.36,1.31
10/18/2025,21:00 EDT,LAG,2,1.67,1.75,MIN,1,2.24,2.26,1,-0.57,-0.51,1,0.97,1.78
10/18/2025,21:00 EDT,COL,2,1.39,1.4,LAFC,2,2.59,2.6,0,-1.2,-1.21,0,0.58,2.23
10/18/2025,21:00 EDT,STL,2,3.92,4.01,RSL,2,0.85,0.86,0,3.07,3.16,0,2.85,0.11
10/18/2025,18:00 EDT,TOR,4,1.31,1.31,ORL,2,2.91,3.05,2,-1.6,-1.73,2,0.55,2.29
10/18/2025,18:00 EDT,ATL,1,0.91,0.92,DCU,1,1.23,1.34,0,-0.32,-0.42,0,1.04,1.67
10/18/2025,18:00 EDT,NER,2,0.98,0.98,CHI,1,1.72,1.77,1,-0.74,-0.79,0,0.84,1.88
10/18/2025,18:00 EDT,CLT,2,0.96,0.96,PHI,0,2.74,2.75,2,-1.78,-1.79,2,0.41,2.47
10/18/2025,18:00 EDT,CIN,3,1.95,1.95,MTL,0,1.25,1.25,3,0.7,0.7,3,1.91,0.85
10/18/2025,18:00 EDT,NYC,1,0.77,0.77,SEA,2,0.83,0.83,-1,-0.06,-0.06,-1,1.26,1.39
10/18/2025,18:00 EDT,CLB,3,2.29,2.3,NYRB,1,0.84,0.84,2,1.45,1.46,2,2.39,0.44
10/18/2025,18:00 EDT,NSH,2,3,3.13,MIA,5,3.85,4.09,-3,-0.85,-0.96,-3,0.96,1.85
10/12/2025,19:00 EDT,ATX,1,0.54,0.54,LAFC,0,0.52,0.52,1,0.02,0.02,1,1.33,1.23
10/11/2025,22:30 EDT,LAG,2,1.46,1.46,FCD,1,0.59,0.59,1,0.87,0.87,1,2.1,0.63
10/11/2025,21:30 EDT,SEA,1,2.35,2.5,RSL,0,0.75,0.76,1,1.6,1.74,1,2.49,0.36
10/11/2025,19:30 EDT,MIA,4,3.3,3.3,ATL,0,1.21,1.21,4,2.1,2.1,4,2.56,0.32
10/11/2025,19:30 EDT,ORL,1,1.02,1.02,VAN,2,3.1,3.13,-1,-2.08,-2.11,-1,0.23,2.66
10/8/2025,22:30 EDT,LAFC,2,2.92,2.92,TOR,0,0.87,0.88,2,2.05,2.04,2,2.67,0.23
10/5/2025,21:00 EDT,LAFC,1,1.77,1.78,ATL,0,0.08,0.08,1,1.7,1.7,1,2.67,0.18
10/5/2025,18:00 EDT,VAN,4,2.51,2.54,SJE,1,0.6,0.6,3,1.91,1.94,3,2.56,0.31
10/4/2025,22:30 EDT,SEA,1,1.87,1.87,POR,0,0.78,0.78,1,1.09,1.09,1,2.18,0.58
10/4/2025,21:30 EDT,RSL,1,0.71,0.71,COL,0,2.8,2.84,1,-2.09,-2.12,1,0.27,2.61
10/4/2025,20:30 EDT,MIN,3,1.74,1.76,SKC,0,0.83,0.83,3,0.91,0.93,3,2.1,0.66
10/4/2025,20:30 EDT,HOU,2,2.19,2.26,SD,4,2.29,2.29,-2,-0.1,-0.03,-2,1.26,1.52
10/4/2025,20:30 EDT,ATX,1,1.3,1.3,STL,3,2.89,2.9,-2,-1.58,-1.59,-2,0.47,2.38
10/4/2025,20:30 EDT,CHI,2,0.71,0.71,TOR,1,1.96,1.96,1,-1.24,-1.24,0,0.3,2.55
10/4/2025,19:30 EDT,NYRB,0,1.18,1.2,CIN,1,0.84,0.88,-1,0.33,0.31,-1,1.61,1.1
10/4/2025,19:30 EDT,MIA,4,3.36,3.36,NER,1,1.06,1.06,3,2.3,2.3,3,2.67,0.24
10/4/2025,19:30 EDT,PHI,1,1.18,1.2,NYC,0,0.76,0.76,1,0.42,0.44,1,1.62,1.05
10/4/2025,19:30 EDT,ORL,1,0.85,0.86,CLB,1,3.17,3.26,0,-2.31,-2.4,0,0.2,2.71
10/4/2025,16:30 EDT,FCD,2,1.35,1.43,LAG,1,0.69,0.7,1,0.67,0.74,1,1.98,0.76
10/4/2025,14:30 EDT,DCU,0,0.87,0.87,CLT,1,0.69,0.69,-1,0.18,0.18,-1,1.47,1.17
10/4/2025,14:30 EDT,MTL,1,1.01,1.01,NSH,1,1.9,1.9,0,-0.89,-0.89,0,0.74,2
9/30/2025,19:30 EDT,MIA,3,3.52,3.58,CHI,5,2.58,2.78,-2,0.93,0.8,-2,1.89,0.95
9/28/2025,19:00 EDT,CIN,1,2.12,2.12,ORL,1,3.44,3.58,0,-1.33,-1.45,0,0.63,2.21
9/27/2025,22:30 EDT,POR,1,2.2,2.21,FCD,2,2.54,2.71,-1,-0.34,-0.5,0,1.2,1.58
9/27/2025,22:30 EDT,LAG,4,3.92,3.93,SKC,1,1.78,1.79,3,2.14,2.14,3,2.54,0.35
9/27/2025,22:30 EDT,SEA,2,1.8,1.85,VAN,2,0.86,0.86,0,0.94,0.99,0,2.11,0.65
9/27/2025,22:30 EDT,SD,0,2.21,2.24,SJE,1,0.73,0.73,-1,1.48,1.51,-1,2.4,0.42
9/27/2025,21:30 EDT,RSL,3,1.49,1.56,ATX,1,0.56,0.56,2,0.93,1,2,2.09,0.64
9/27/2025,21:30 EDT,COL,1,1.41,1.41,MIN,1,1.13,1.13,0,0.29,0.28,0,1.52,1.18
9/27/2025,20:30 EDT,NSH,3,2.21,2.39,HOU,1,0.45,0.45,2,1.76,1.94,2,2.59,0.27
9/27/2025,20:30 EDT,CHI,2,3,3.38,CLB,0,0.55,0.55,2,2.45,2.82,2,2.72,0.18
9/27/2025,20:30 EDT,STL,0,0.94,0.99,LAFC,3,2.12,2.27,-3,-1.18,-1.28,-3,0.58,2.22
9/27/2025,19:30 EDT,NYRB,2,1.53,1.55,NYC,3,2.52,2.62,-1,-0.98,-1.07,-1,0.76,2.03
9/27/2025,19:30 EDT,CLT,1,0.58,0.58,MTL,4,3.07,3.08,-3,-2.49,-2.5,-3,0.11,2.82
9/27/2025,19:30 EDT,NER,2,1.94,2.19,ATL,0,1,1,2,0.94,1.19,2,2.13,0.68
9/27/2025,19:30 EDT,DCU,0,2.92,2.92,PHI,5,1.95,1.96,-5,0.97,0.96,-6,1.97,0.82
9/27/2025,16:30 EDT,TOR,1,0.8,0.8,MIA,1,1.15,1.15,0,-0.34,-0.34,0,1,1.66
9/24/2025,22:30 EDT,VAN,1,2.26,2.42,POR,1,1.32,1.34,0,0.94,1.08,0,2.06,0.73
9/24/2025,19:30 EDT,NYC,0,1,1,MIA,4,2.67,2.67,-4,-1.67,-1.67,-4,0.36,2.5
9/21/2025,21:00 EDT,LAFC,4,1.86,1.86,RSL,1,0.9,0.9,3,0.95,0.95,3,2.13,0.65
9/21/2025,19:00 EDT,ATX,2,1.61,1.61,SEA,1,2.06,2.07,1,-0.46,-0.46,1,1.03,1.72
9/20/2025,22:30 EDT,SJE,1,3.14,3.16,STL,3,2.58,2.67,-2,0.55,0.48,-2,1.72,1.09
9/20/2025,22:30 EDT,LAG,2,2.11,2.11,CIN,3,2.63,2.67,-1,-0.52,-0.55,-1,1.11,1.69
9/20/2025,20:30 EDT,MIN,0,0.91,0.91,CHI,3,2.69,2.75,-3,-1.78,-1.83,-3,0.34,2.52
9/20/2025,20:30 EDT,SKC,0,0.52,0.52,VAN,2,1.55,1.58,-2,-1.03,-1.06,-2,0.53,2.25
9/20/2025,20:30 EDT,FCD,2,2.66,2.67,COL,1,0.57,0.57,1,2.09,2.1,2,2.65,0.23
9/20/2025,20:30 EDT,HOU,1,2.42,2.42,POR,0,0.63,0.63,1,1.8,1.8,1,2.57,0.3
9/20/2025,19:30 EDT,MTL,0,2.34,2.34,NYRB,2,1.12,1.12,-2,1.22,1.22,-2,2.23,0.57
9/20/2025,19:30 EDT,CLB,1,1.39,1.43,TOR,1,0.34,0.34,0,1.05,1.09,0,2.22,0.51
9/20/2025,19:30 EDT,MIA,3,3.43,3.57,DCU,2,1.47,1.47,1,1.96,2.1,1,2.49,0.39
9/20/2025,19:30 EDT,ORL,3,1.97,1.97,NSH,2,1.57,1.61,1,0.4,0.35,1,1.63,1.12
9/20/2025,16:30 EDT,ATL,1,2.31,2.32,SD,1,0.78,0.78,0,1.53,1.54,0,2.48,0.35
9/20/2025,14:30 EDT,PHI,1,1.29,1.32,NER,0,0.48,0.48,1,0.8,0.84,1,2.05,0.68
9/20/2025,12:00 EDT,NYC,2,2.61,2.64,CLT,0,1,1,2,1.61,1.64,2,2.63,0.23
9/17/2025,21:30 EDT,RSL,1,3.61,3.87,LAFC,4,1.73,1.73,-3,1.88,2.14,-3,2.43,0.43
9/17/2025,19:30 EDT,NYC,3,1.87,1.88,CLB,2,1.45,1.47,1,0.43,0.41,1,1.75,1.01
9/16/2025,19:30 EDT,MIA,3,2.21,2.21,SEA,1,1.47,1.47,2,0.74,0.74,2,1.87,0.9
9/13/2025,22:30 EDT,SD,1,3.15,3.4,MIN,3,0.86,0.86,-2,2.29,2.53,-2,2.68,0.23
9/13/2025,22:30 EDT,POR,2,2.52,2.76,NYRB,1,1.11,1.11,1,1.41,1.66,1,2.31,0.52
9/13/2025,21:35 EDT,VAN,7,5.65,5.77,PHI,0,1.22,1.22,7,4.43,4.55,7,2.96,0.03
9/13/2025,21:30 EDT,RSL,2,1.74,1.77,SKC,0,0.82,0.84,2,0.92,0.94,1,2.12,0.67
9/13/2025,21:30 EDT,COL,1,1.97,2.03,HOU,1,2.21,2.57,0,-0.25,-0.54,1,1.24,1.54
9/13/2025,20:30 EDT,SEA,2,3.09,3.12,LAG,2,2.01,2.14,0,1.09,0.99,0,2.01,0.81
9/13/2025,20:30 EDT,FCD,2,1.52,1.52,ATX,0,0.88,0.9,2,0.64,0.61,2,1.86,0.89
9/13/2025,20:30 EDT,SJE,1,2.03,2.12,LAFC,4,1.48,1.48,-3,0.55,0.64,-2,1.81,0.98
9/13/2025,20:30 EDT,CHI,1,1.23,1.24,NYC,3,1.3,1.3,-2,-0.07,-0.06,-2,1.33,1.39
9/13/2025,19:30 EDT,CIN,2,1.98,1.98,NSH,1,1.59,1.59,1,0.38,0.39,1,1.76,1.01
9/13/2025,19:30 EDT,DCU,1,0.36,0.36,ORL,1,2.22,2.27,0,-1.86,-1.91,0,0.2,2.68
9/13/2025,19:30 EDT,MTL,0,1.55,1.57,STL,2,1.31,1.34,-2,0.24,0.24,-2,1.63,1.11
9/13/2025,19:30 EDT,NER,1,0.72,0.72,TOR,1,0.76,0.76,0,-0.03,-0.03,0,1.27,1.35
9/13/2025,19:30 EDT,CLT,3,2.73,2.73,MIA,0,2.44,2.45,3,0.29,0.28,3,1.65,1.11
9/13/2025,19:30 EDT,ATL,4,2.69,2.69,CLB,5,0.95,0.95,-1,1.75,1.75,-1,2.52,0.36
9/7/2025,19:00 EDT,SKC,1,1.85,1.85,ATX,2,0.78,0.78,-1,1.07,1.07,-1,2.28,0.51
9/6/2025,20:30 EDT,CHI,3,2.46,2.65,NER,2,3.41,3.43,1,-0.95,-0.78,1,0.88,1.94
9/6/2025,20:30 EDT,STL,1,4.02,4.08,FCD,1,0.24,0.24,0,3.78,3.83,0,2.95,0.03
9/6/2025,20:30 EDT,HOU,1,1.42,1.47,LAG,1,1.36,1.37,0,0.06,0.1,0,1.43,1.29
8/31/2025,22:45 EDT,LAFC,1,1.87,1.88,SD,2,1.4,1.4,-1,0.46,0.48,-1,1.7,1.02
8/30/2025,20:30 EDT,ATX,2,1.5,1.5,SJE,1,1.7,1.73,1,-0.2,-0.23,2,1.34,1.37
8/30/2025,20:30 EDT,SKC,4,2.05,2.08,COL,2,3.5,3.5,2,-1.45,-1.43,2,0.57,2.27
8/30/2025,20:30 EDT,STL,2,1.27,1.28,HOU,2,1.08,1.08,0,0.18,0.2,-1,1.52,1.16
8/30/2025,20:30 EDT,NSH,0,2.16,2.17,ATL,1,0.99,1,-1,1.17,1.16,-1,2.15,0.65
8/30/2025,20:30 EDT,MIN,1,1.27,1.31,POR,0,1.63,1.67,1,-0.36,-0.36,0,1.11,1.61
8/30/2025,19:30 EDT,NER,1,1.67,1.81,CLT,2,1.57,1.69,-1,0.1,0.11,-1,1.45,1.29
8/30/2025,19:30 EDT,TOR,1,1.81,1.82,MTL,1,1.22,1.23,0,0.59,0.6,0,1.77,0.99
8/30/2025,19:30 EDT,NYRB,0,0.9,0.9,CLB,0,0.54,0.54,0,0.36,0.36,0,1.63,0.98
8/30/2025,19:30 EDT,NYC,1,0.62,0.62,DCU,2,0.82,0.83,-1,-0.19,-0.21,-1,1.05,1.59
8/30/2025,19:30 EDT,CIN,0,1.31,1.31,PHI,1,2.62,2.62,-1,-1.32,-1.32,-1,0.59,2.25
8/24/2025,21:15 EDT,SEA,5,2.85,2.87,SKC,1,1.24,1.24,4,1.61,1.63,3,2.39,0.45
8/24/2025,19:00 EDT,CLT,1,0.35,0.35,NYRB,0,1.76,1.77,1,-1.41,-1.42,1,0.31,2.53
8/24/2025,16:00 EDT,ATL,0,0.51,0.51,TOR,0,1.19,1.2,0,-0.68,-0.69,0,0.74,1.96
8/23/2025,22:30 EDT,LAG,3,1.95,1.95,COL,0,0.94,0.98,3,1.01,0.97,3,2.1,0.69
8/23/2025,22:30 EDT,SD,0,1.1,1.1,POR,0,0.91,0.91,0,0.19,0.19,0,1.5,1.18
8/23/2025,21:30 EDT,VAN,3,4.02,4.16,STL,2,1.61,1.61,1,2.41,2.55,1,2.66,0.26
8/23/2025,21:30 EDT,RSL,1,2.31,2.37,MIN,2,0.67,0.7,-1,1.64,1.68,-2,2.48,0.36
8/23/2025,20:30 EDT,FCD,1,0.82,0.82,LAFC,1,2.09,2.19,0,-1.27,-1.37,0,0.53,2.26
8/23/2025,20:30 EDT,HOU,1,1.01,1.02,SJE,2,1.86,1.92,-1,-0.85,-0.9,-1,0.73,2.04
8/23/2025,20:30 EDT,NSH,5,2.44,2.44,ORL,1,0.87,0.87,4,1.57,1.57,4,2.4,0.43
8/23/2025,19:30 EDT,CLB,1,1.93,1.93,NER,2,1.82,1.82,-1,0.11,0.11,-1,1.42,1.32
8/23/2025,19:30 EDT,PHI,4,3.05,3.11,CHI,0,0.36,0.37,4,2.68,2.74,4,2.85,0.1
8/23/2025,19:30 EDT,MTL,3,1.96,1.96,ATX,2,1.95,1.95,1,0.01,0.01,1,1.36,1.37
8/23/2025,19:30 EDT,DCU,1,1.29,1.3,MIA,1,1.02,1.03,0,0.28,0.27,0,1.49,1.22
8/23/2025,19:30 EDT,CIN,0,0.52,0.52,NYC,1,1.64,1.64,-1,-1.12,-1.12,-1,0.4,2.39
8/17/2025,21:00 EDT,VAN,1,2.18,2.27,HOU,1,0.95,0.95,0,1.23,1.32,0,2.29,0.51
8/17/2025,19:00 EDT,SJE,1,1.98,2,SD,2,0.66,0.66,-1,1.32,1.34,-1,2.44,0.38
8/17/2025,17:00 EDT,NYC,2,1.33,1.33,NSH,1,1.62,1.62,1,-0.29,-0.29,1,1.14,1.6
8/16/2025,22:43 EDT,ORL,3,2.82,2.91,SKC,1,1.72,1.83,2,1.1,1.08,2,2.06,0.76
8/16/2025,22:30 EDT,POR,2,3.32,3.36,CIN,3,1.21,1.21,-1,2.11,2.15,-1,2.58,0.31
8/16/2025,22:02 EDT,CHI,3,1.51,1.51,STL,2,1.17,1.17,1,0.35,0.35,1,1.69,1.04
8/16/2025,21:30 EDT,COL,3,1.76,1.76,ATL,1,1.02,1.02,2,0.74,0.74,2,2,0.76
8/16/2025,20:30 EDT,ATX,1,1.29,1.29,FCD,1,0.33,0.34,0,0.96,0.96,0,2.22,0.52
8/16/2025,20:30 EDT,MIN,1,0.54,0.55,SEA,0,1.52,1.52,1,-0.98,-0.98,1,0.53,2.25
8/16/2025,19:30 EDT,CLT,1,1.37,1.38,RSL,0,1.74,1.74,1,-0.38,-0.37,1,1.08,1.67
8/16/2025,19:30 EDT,NER,0,0.77,0.77,LAFC,2,1.4,1.4,-2,-0.63,-0.63,-2,0.87,1.85
8/16/2025,19:30 EDT,TOR,1,1.01,1.07,CLB,1,1.81,1.81,0,-0.79,-0.74,0,0.79,1.96
8/16/2025,19:30 EDT,MIA,3,3.06,3.09,LAG,1,0.38,0.38,2,2.68,2.71,2,2.81,0.12
8/16/2025,19:30 EDT,MTL,1,1.02,1.02,DCU,1,2.11,2.23,0,-1.09,-1.2,0,0.69,2.1
8/16/2025,19:30 EDT,NYRB,1,1.21,1.21,PHI,0,1.48,1.48,1,-0.27,-0.27,1,1.09,1.56
8/10/2025,22:00 EDT,LAG,0,0.74,0.74,SEA,3,3.36,3.54,-3,-2.62,-2.8,-4,0.15,2.78
8/10/2025,20:00 EDT,ORL,4,2.71,2.79,MIA,1,0.52,0.52,3,2.19,2.26,3,2.7,0.21
8/10/2025,18:00 EDT,MIN,1,2.41,2.41,COL,2,1.74,1.82,-1,0.67,0.6,-1,1.87,0.94
8/10/2025,18:00 EDT,CIN,0,1.84,1.85,CLT,1,0.57,0.57,-1,1.27,1.28,-1,2.27,0.52
8/10/2025,18:00 EDT,NYRB,2,3.75,3.76,RSL,1,0.93,0.95,1,2.81,2.81,1,2.85,0.1
8/9/2025,22:30 EDT,SJE,2,2.49,2.66,VAN,1,0.64,0.64,1,1.85,2.02,1,2.66,0.22
8/9/2025,20:45 EDT,SKC,0,2.09,2.16,SD,2,0.69,0.69,-2,1.4,1.47,-2,2.32,0.48
8/9/2025,20:30 EDT,FCD,2,0.82,0.82,POR,0,0.55,0.55,2,0.26,0.26,2,1.62,0.99
8/9/2025,20:30 EDT,ATX,2,1.74,1.75,HOU,2,1.88,1.89,0,-0.13,-0.14,0,1.27,1.47
8/9/2025,20:30 EDT,STL,3,2.01,2.5,NSH,1,2.31,2.33,2,-0.31,0.17,2,1.1,1.65
8/9/2025,20:30 EDT,CHI,2,0.87,0.87,LAFC,2,2.15,2.15,0,-1.28,-1.28,0,0.44,2.4
8/9/2025,19:30 EDT,MTL,1,0.51,0.52,ATL,1,2.64,2.68,0,-2.13,-2.16,0,0.19,2.71
8/9/2025,19:30 EDT,PHI,1,1.62,1.62,TOR,1,1.57,1.65,0,0.04,-0.03,0,1.35,1.38
8/9/2025,19:30 EDT,NER,2,1.14,1.14,DCU,0,1.03,1.03,2,0.1,0.11,2,1.47,1.24
7/26/2025,22:30 EDT,VAN,3,2.68,2.71,SKC,0,1.28,1.31,3,1.4,1.41,3,2.23,0.6
7/26/2025,21:30 EDT,RSL,1,1.1,1.11,SJE,1,1.26,1.26,0,-0.16,-0.15,1,1.13,1.58
7/26/2025,20:30 EDT,CHI,1,2.38,2.39,NYRB,0,0.45,0.45,1,1.94,1.95,1,2.68,0.2
7/26/2025,20:30 EDT,STL,1,1.66,1.78,MIN,2,1.95,1.95,-1,-0.28,-0.17,-1,1.13,1.58
7/26/2025,19:30 EDT,CLT,2,2.14,2.16,TOR,0,0.89,0.89,2,1.25,1.27,2,2.3,0.49
7/26/2025,19:30 EDT,PHI,3,4,4.23,COL,1,0.8,0.88,2,3.21,3.35,2,2.87,0.09
7/26/2025,19:30 EDT,DCU,2,2.36,2.38,ATX,4,2.21,2.22,-2,0.15,0.16,-2,1.52,1.25
7/26/2025,19:30 EDT,ATL,1,0.72,0.74,SEA,2,0.89,0.89,-1,-0.17,-0.15,0,1.15,1.5
7/26/2025,19:15 EDT,MIA,0,1.62,1.62,CIN,0,1.34,1.36,0,0.28,0.26,0,1.6,1.13
7/25/2025,22:30 EDT,SD,1,1.64,1.64,NSH,0,0.66,0.66,1,0.99,0.99,1,2.2,0.56
7/25/2025,22:30 EDT,LAFC,0,1.36,1.5,POR,1,0.63,0.63,-1,0.72,0.87,-1,2.04,0.71
7/25/2025,20:40 EDT,CLB,1,2.15,2.16,ORL,3,1.81,1.83,-2,0.34,0.34,-2,1.62,1.11
7/25/2025,20:30 EDT,FCD,3,2.11,2.13,NYC,4,1.63,1.63,-1,0.47,0.49,-1,1.79,0.95
7/25/2025,19:30 EDT,NER,1,1.33,1.33,MTL,3,1.09,1.09,-2,0.24,0.24,-2,1.49,1.2
7/19/2025,22:30 EDT,LAFC,3,1.42,1.42,LAG,3,2.11,2.13,0,-0.69,-0.71,0,0.83,1.91
7/19/2025,22:30 EDT,SD,1,1.11,1.11,VAN,0,1.42,1.49,1,-0.31,-0.37,0,1.02,1.72
7/19/2025,22:30 EDT,POR,1,1.56,1.56,MIN,1,1.12,1.12,0,0.45,0.45,0,1.68,1.07
7/19/2025,21:30 EDT,RSL,0,0.91,0.91,CIN,1,0.71,0.71,-1,0.2,0.2,-1,1.55,1.11
7/19/2025,21:15 EDT,NSH,1,1.5,1.53,TOR,0,0.44,0.44,1,1.06,1.09,1,2.23,0.52
7/19/2025,20:30 EDT,HOU,1,1.44,1.52,PHI,1,1.46,1.46,0,-0.01,0.06,0,1.32,1.37
7/19/2025,20:30 EDT,SEA,3,2.63,2.66,SJE,2,2.34,2.48,1,0.29,0.19,1,1.56,1.22
7/19/2025,20:30 EDT,SKC,1,1.25,1.3,NYC,1,1.88,1.92,0,-0.63,-0.62,0,0.91,1.85
7/19/2025,20:30 EDT,FCD,3,2.06,2.07,STL,0,0.95,1,3,1.11,1.07,3,2.18,0.6
7/19/2025,20:15 EDT,CLB,2,2.71,2.73,DCU,1,0.55,0.55,1,2.17,2.19,1,2.72,0.19
7/19/2025,19:30 EDT,NYRB,1,0.75,0.75,MIA,5,2.33,2.33,-4,-1.58,-1.58,-4,0.29,2.56
7/19/2025,19:30 EDT,ATL,2,1.66,1.66,CLT,3,1.64,1.64,-1,0.02,0.02,-1,1.3,1.44
7/19/2025,19:30 EDT,NER,1,1.34,1.36,ORL,2,1.33,1.37,-1,0.01,-0.01,-1,1.37,1.35
7/19/2025,19:30 EDT,MTL,0,1.07,1.07,CHI,2,1.12,1.14,-2,-0.06,-0.07,-2,1.32,1.4
7/16/2025,22:30 EDT,SJE,2,1.17,1.18,FCD,2,2.7,2.84,0,-1.52,-1.67,0,0.5,2.35
7/16/2025,22:30 EDT,LAG,1,2.3,2.31,ATX,2,0.82,0.82,-1,1.48,1.49,-1,2.48,0.36
7/16/2025,22:30 EDT,SD,0,0.46,0.46,TOR,1,1,1,-1,-0.54,-0.54,-1,0.64,2.04
7/16/2025,22:30 EDT,POR,0,1.03,1.03,RSL,1,1.07,1.07,-1,-0.03,-0.03,-1,1.38,1.31
7/16/2025,22:00 EDT,SEA,3,1.82,1.96,COL,3,2.93,2.93,0,-1.11,-0.96,0,0.69,2.12
7/16/2025,20:30 EDT,MIN,0,0.57,0.57,LAFC,1,1.97,1.97,-1,-1.4,-1.4,-1,0.31,2.53
7/16/2025,20:30 EDT,HOU,0,1.08,1.08,VAN,3,2.33,2.34,-3,-1.25,-1.26,-3,0.51,2.31
7/16/2025,20:30 EDT,NSH,2,2.16,2.18,CLB,0,1.54,1.54,2,0.62,0.64,3,1.91,0.89
7/16/2025,20:15 EDT,ORL,1,2.83,2.84,NYC,1,1.68,1.69,0,1.15,1.15,-1,2.03,0.77
7/16/2025,19:30 EDT,PHI,2,2.21,2.21,MTL,1,1.7,1.7,1,0.51,0.5,1,1.77,0.99
7/16/2025,19:30 EDT,CLT,2,2.43,2.43,DCU,1,0.66,0.67,1,1.77,1.77,1,2.54,0.32
7/16/2025,19:30 EDT,CIN,3,1.31,1.33,MIA,0,1.29,1.29,3,0.01,0.03,3,1.38,1.33
7/16/2025,19:30 EDT,ATL,2,1.12,1.12,CHI,2,2.98,3.07,0,-1.86,-1.95,0,0.33,2.53
7/16/2025,19:30 EDT,NYRB,5,3.85,3.98,NER,2,1.72,1.72,3,2.13,2.26,2,2.49,0.39
7/13/2025,19:00 EDT,STL,2,1.91,2.05,POR,1,1,1,1,0.91,1.05,1,2.06,0.71
7/12/2025,22:30 EDT,LAG,2,1.35,1.39,DCU,1,1.81,1.82,1,-0.47,-0.44,1,1.07,1.7
7/12/2025,22:30 EDT,LAFC,2,2.09,2.11,FCD,0,0.98,0.98,2,1.11,1.13,2,2.21,0.6
7/12/2025,21:30 EDT,COL,3,2.67,2.67,VAN,0,1.4,1.4,3,1.27,1.27,3,2.22,0.57
7/12/2025,21:30 EDT,RSL,1,1.79,1.83,HOU,0,1.55,1.55,1,0.24,0.28,1,1.58,1.18
7/12/2025,20:58 EDT,CLT,2,0.97,0.98,NYC,0,1.64,1.65,2,-0.67,-0.68,2,0.92,1.81
7/12/2025,20:36 EDT,CIN,2,0.97,1,CLB,3,1.11,1.11,-1,-0.14,-0.11,-2,1.2,1.49
7/12/2025,20:30 EDT,ATX,0,1.89,1.92,NER,0,1.63,1.63,0,0.26,0.29,0,1.58,1.19
7/12/2025,20:30 EDT,CHI,1,1.97,2.08,SD,2,0.84,0.84,-1,1.13,1.23,-1,2.21,0.59
7/12/2025,20:30 EDT,MIN,4,2.44,2.45,SJE,1,1.23,1.23,3,1.21,1.22,3,2.32,0.49
7/12/2025,20:30 EDT,SKC,2,3.41,3.64,SEA,3,2.45,2.62,-1,0.96,1.01,-1,1.95,0.84
7/12/2025,19:45 EDT,MIA,2,1.51,1.53,NSH,1,0.7,0.7,1,0.81,0.83,1,2.04,0.7
7/12/2025,19:30 EDT,PHI,2,2.44,2.61,NYRB,0,0.65,0.65,2,1.79,1.97,2,2.6,0.27
7/12/2025,19:30 EDT,ORL,1,1,1,MTL,1,0.85,0.85,0,0.16,0.16,0,1.43,1.21
7/12/2025,19:30 EDT,TOR,1,0.85,0.85,ATL,1,1.37,1.38,0,-0.52,-0.53,0,0.84,1.87
7/9/2025,22:25 EDT,LAFC,3,3.33,3.57,COL,0,1.07,1.08,3,2.26,2.49,3,2.73,0.19
7/9/2025,19:30 EDT,NER,1,1.43,1.5,MIA,2,1.45,1.47,-1,-0.02,0.03,-1,1.33,1.41
7/6/2025,17:00 EDT,SEA,1,1.82,1.82,CLB,1,0.96,0.96,0,0.87,0.87,0,2.1,0.68
7/5/2025,22:30 EDT,POR,2,1.17,1.25,NER,1,1.53,1.53,1,-0.36,-0.28,1,1.08,1.66
7/5/2025,22:30 EDT,SJE,0,1.37,1.37,NYRB,1,1.06,1.06,-1,0.31,0.32,0,1.67,1.05
7/5/2025,22:30 EDT,SD,3,2.11,2.25,HOU,4,1.73,1.73,-1,0.38,0.52,-1,1.63,1.11
7/5/2025,21:30 EDT,RSL,2,2.01,2.22,STL,2,2.36,2.37,0,-0.35,-0.15,1,1.16,1.62
7/5/2025,20:30 EDT,NSH,1,2.76,2.88,PHI,0,1.47,1.47,1,1.29,1.41,1,2.23,0.6
7/5/2025,19:30 EDT,CIN,2,1.26,1.28,CHI,1,1.03,1.03,1,0.24,0.25,1,1.5,1.21
7/5/2025,19:30 EDT,MTL,1,1.82,1.87,MIA,4,3.38,3.45,-3,-1.55,-1.58,-3,0.53,2.31
7/5/2025,19:30 EDT,DCU,0,1.12,1.12,ATL,0,0.77,0.77,0,0.36,0.35,0,1.62,1.04
7/5/2025,19:15 EDT,CLT,2,0.57,0.57,ORL,2,2.25,2.25,0,-1.68,-1.67,0,0.28,2.58
7/4/2025,22:30 EDT,LAG,3,1.63,1.85,VAN,0,0.59,0.59,3,1.04,1.26,3,2.21,0.56
7/4/2025,21:30 EDT,COL,1,5.25,5.32,SKC,2,0.5,0.5,-1,4.75,4.82,-1,2.99,0.01
7/4/2025,20:45 EDT,FCD,1,1.39,1.42,MIN,2,2.36,2.36,-1,-0.97,-0.94,-1,0.74,2.08
7/3/2025,19:30 EDT,NYC,3,1.83,1.83,TOR,0,1.44,1.64,3,0.38,0.18,2,1.69,1.07
6/29/2025,21:30 EDT,LAFC,0,1.01,1.01,VAN,1,0.55,0.57,-1,0.46,0.44,-1,1.81,0.89
6/29/2025,18:00 EDT,CLB,1,0.59,0.59,PHI,0,0.41,0.41,1,0.17,0.17,1,1.48,1.05
6/28/2025,22:30 EDT,SEA,2,1.47,1.47,ATX,0,1.43,1.44,2,0.04,0.04,2,1.33,1.4
6/28/2025,22:30 EDT,SJE,1,1.01,1.04,LAG,1,2.07,2.45,0,-1.06,-1.41,0,0.67,2.12
6/28/2025,20:30 EDT,SKC,1,0.91,0.93,RSL,1,1.22,1.23,0,-0.31,-0.31,0,1.19,1.53
6/28/2025,20:30 EDT,FCD,2,2.47,2.63,SD,3,2.58,2.58,-1,-0.11,0.05,-1,1.22,1.52
6/28/2025,20:30 EDT,HOU,1,2.1,2.55,STL,0,0.44,0.45,1,1.66,2.1,1,2.54,0.31
6/28/2025,20:30 EDT,CHI,3,1.7,1.7,CLT,2,1.17,1.18,1,0.53,0.52,1,1.77,0.98
6/28/2025,19:30 EDT,ORL,1,1.83,1.83,CIN,2,0.74,0.74,-1,1.09,1.09,-1,2.2,0.58
6/28/2025,19:30 EDT,TOR,2,1.48,2,POR,0,0.49,0.5,2,0.98,1.5,3,2.2,0.54
6/28/2025,19:30 EDT,DCU,0,0.6,0.6,NSH,1,1.21,1.21,-1,-0.61,-0.61,-1,0.61,2.07
6/28/2025,19:30 EDT,NER,2,2.58,2.6,COL,3,1.01,1.07,-1,1.57,1.53,0,2.41,0.42
6/28/2025,19:30 EDT,MTL,1,1.57,1.57,NYC,0,0.84,0.84,1,0.74,0.74,1,2.03,0.71
6/28/2025,19:30 EDT,NYRB,2,2.29,2.3,MIN,2,0.84,0.84,0,1.45,1.45,0,2.28,0.54
6/25/2025,23:41 EDT,COL,2,1,1,LAG,0,0.81,0.81,2,0.19,0.19,2,1.56,1.11
6/25/2025,22:30 EDT,VAN,3,1.26,1.27,SD,5,1.44,1.44,-2,-0.18,-0.17,-2,1.19,1.51
6/25/2025,22:05 EDT,FCD,2,0.98,0.98,SJE,4,2.54,2.54,-2,-1.55,-1.56,-2,0.4,2.45
6/25/2025,20:30 EDT,MIN,3,1.37,1.37,HOU,1,1.38,1.39,2,-0.02,-0.03,2,1.4,1.3
6/25/2025,20:30 EDT,SKC,2,2.09,2.18,CLT,1,3.04,3.16,1,-0.94,-0.98,1,0.84,1.98
6/25/2025,20:30 EDT,STL,2,1.71,1.71,ORL,4,2.77,2.79,-2,-1.06,-1.08,-2,0.71,2.13
6/25/2025,20:30 EDT,CHI,0,1.27,1.28,PHI,1,1.48,1.49,-1,-0.2,-0.21,-1,1.16,1.57
6/25/2025,19:30 EDT,NER,2,1.42,1.42,NSH,3,2.94,2.95,-1,-1.52,-1.53,-1,0.46,2.39
6/25/2025,19:30 EDT,MTL,1,0.92,0.92,CIN,3,1.69,1.69,-2,-0.77,-0.77,-2,0.8,1.96
6/25/2025,19:30 EDT,CLB,3,2.67,2.68,ATL,1,2.27,2.53,2,0.4,0.16,2,1.67,1.13
6/25/2025,19:30 EDT,TOR,1,1.33,1.33,NYRB,1,0.91,1.01,0,0.42,0.32,0,1.67,1.03
6/14/2025,21:30 EDT,RSL,2,2.58,2.58,DCU,0,0.48,0.48,2,2.1,2.1,2,2.69,0.2
6/14/2025,21:30 EDT,COL,0,0.88,0.88,ORL,1,0.47,0.47,-1,0.41,0.42,-1,1.75,0.88
6/14/2025,20:30 EDT,ATX,2,1.36,1.38,NYRB,0,1.24,1.24,2,0.11,0.13,1,1.54,1.19
6/14/2025,20:30 EDT,CHI,0,1.61,1.62,NSH,2,1.08,1.08,-2,0.53,0.54,-2,1.8,0.94
6/14/2025,20:30 EDT,HOU,1,2.28,2.32,MTL,3,1.72,1.72,-2,0.56,0.6,-2,1.78,1
6/14/2025,20:30 EDT,MIN,1,2.12,2.14,SD,4,2.71,2.76,-3,-0.6,-0.62,-2,1.05,1.74
6/14/2025,20:30 EDT,SKC,2,1.01,1.01,FCD,4,3.09,3.13,-2,-2.08,-2.11,-2,0.27,2.63
6/14/2025,19:30 EDT,CLB,2,1.74,1.74,VAN,1,1.03,1.15,1,0.71,0.59,1,1.97,0.78
6/14/2025,19:30 EDT,PHI,2,1.49,1.5,CLT,1,0.95,0.96,1,0.53,0.54,1,1.77,0.94
6/14/2025,19:30 EDT,NER,0,0.55,0.55,CIN,1,1.5,1.53,-1,-0.95,-0.99,-1,0.65,2.08
6/14/2025,16:30 EDT,STL,3,1.91,1.91,LAG,3,2.31,2.31,0,-0.4,-0.4,0,1.16,1.62
6/13/2025,22:55 EDT,POR,1,0.77,0.78,SJE,1,1.86,1.89,0,-1.08,-1.11,0,0.54,2.25
6/12/2025,19:30 EDT,NYC,4,1.49,1.49,ATL,0,0.73,0.73,4,0.75,0.75,4,2,0.75
6/8/2025,21:00 EDT,LAFC,3,3.6,3.68,SKC,1,0.6,0.6,2,3.01,3.08,2,2.9,0.06
6/8/2025,21:00 EDT,VAN,3,2.15,2.15,SEA,0,0.69,0.72,3,1.46,1.43,3,2.42,0.4
6/8/2025,19:00 EDT,POR,2,1.64,1.64,STL,1,2.44,2.7,1,-0.8,-1.06,1,0.93,1.88
6/7/2025,21:30 EDT,COL,0,2.74,2.74,ATX,1,1.71,1.78,-1,1.03,0.96,-2,2,0.8
6/7/2025,19:30 EDT,DCU,1,1.51,1.51,CHI,7,2.6,2.65,-6,-1.09,-1.14,-6,0.7,2.11
6/1/2025,18:00 EDT,SEA,1,1.23,1.23,MIN,3,2.64,2.66,-2,-1.4,-1.43,-1,0.51,2.34
5/31/2025,22:30 EDT,LAG,2,1.28,1.28,RSL,0,1.59,1.59,2,-0.3,-0.3,2,1.1,1.64
5/31/2025,22:30 EDT,SD,2,1.66,1.67,ATX,0,0.41,0.41,2,1.26,1.26,2,2.34,0.43
5/31/2025,20:30 EDT,HOU,1,2.64,2.67,SKC,3,1.15,1.16,-2,1.5,1.51,-2,2.33,0.5
5/31/2025,20:30 EDT,FCD,0,0.59,0.59,PHI,0,1.32,1.32,0,-0.74,-0.74,0,0.78,1.92
5/31/2025,19:30 EDT,CIN,1,0.63,0.64,DCU,2,1.08,1.11,-1,-0.45,-0.47,-1,0.88,1.8
5/31/2025,19:30 EDT,ORL,1,1.83,1.85,CHI,3,1.15,1.16,-2,0.68,0.69,-2,1.81,0.93
5/31/2025,19:30 EDT,MIA,5,2.59,2.59,CLB,1,0.99,0.99,4,1.6,1.61,4,2.39,0.43
5/31/2025,19:30 EDT,TOR,0,0.76,0.76,CLT,2,2.31,2.35,-2,-1.55,-1.59,-2,0.42,2.4
5/31/2025,19:30 EDT,MTL,0,1.32,1.35,NER,3,1.17,1.17,-3,0.15,0.19,-3,1.48,1.24
5/31/2025,19:30 EDT,NYRB,2,0.97,0.97,ATL,0,1.09,1.09,2,-0.12,-0.12,2,1.24,1.44
5/31/2025,16:30 EDT,NSH,2,1.84,1.87,NYC,2,1.03,1.03,0,0.82,0.84,0,1.88,0.89
5/31/2025,14:30 EDT,STL,2,1.72,1.72,SJE,1,1.01,1.01,1,0.7,0.7,1,1.91,0.82
5/28/2025,22:30 EDT,POR,2,3.75,3.75,COL,1,1.44,1.44,1,2.31,2.3,1,2.63,0.27
5/28/2025,22:30 EDT,VAN,0,1.64,1.65,MIN,0,0.19,0.19,0,1.45,1.45,0,2.53,0.27
5/28/2025,22:15 EDT,LAG,0,1.68,1.94,SJE,1,1.34,1.34,-1,0.35,0.6,-1,1.62,1.13
5/28/2025,21:20 EDT,ATX,1,1.96,1.96,RSL,1,1.66,1.66,0,0.3,0.3,0,1.61,1.16
5/28/2025,20:30 EDT,SEA,1,0.76,0.76,SD,0,1.32,1.32,1,-0.56,-0.56,1,0.86,1.83
5/28/2025,20:00 EDT,CLB,1,2.08,2.13,NSH,2,2.49,2.5,-1,-0.41,-0.37,0,1.14,1.66
5/28/2025,19:30 EDT,NYRB,4,2.21,2.21,CLT,2,2.02,2.25,2,0.19,-0.04,2,1.53,1.23
5/28/2025,19:30 EDT,NYC,0,0.59,0.59,HOU,2,2.25,2.28,-2,-1.67,-1.7,-3,0.27,2.6
5/28/2025,19:30 EDT,MIA,4,2.84,2.94,MTL,2,1.62,1.63,2,1.22,1.31,2,2.17,0.67
5/28/2025,19:30 EDT,DCU,1,1.46,1.48,NER,1,0.93,0.93,0,0.54,0.55,0,1.79,0.94
5/28/2025,19:30 EDT,CIN,3,2.97,2.99,FCD,3,1.39,1.42,0,1.57,1.56,0,2.37,0.48
5/28/2025,19:30 EDT,ATL,3,2.02,2.41,ORL,2,1.05,1.05,1,0.97,1.36,1,2.17,0.62
5/28/2025,19:30 EDT,TOR,1,0.97,1.06,PHI,2,1.02,1.03,-1,-0.05,0.04,-1,1.31,1.39
5/25/2025,19:00 EDT,ATL,4,3.67,3.68,CIN,2,1.72,1.74,2,1.96,1.94,2,2.52,0.37
5/25/2025,15:00 EDT,NYC,3,3.72,3.78,CHI,1,0.3,0.3,2,3.42,3.48,2,2.91,0.06
5/24/2025,22:30 EDT,SJE,3,2.23,2.25,HOU,3,1.25,1.25,0,0.98,1,0,2.07,0.71
5/24/2025,21:30 EDT,RSL,2,1.49,1.49,VAN,3,2.97,3.07,-1,-1.49,-1.58,-1,0.5,2.33
5/24/2025,21:30 EDT,COL,1,1.09,1.09,STL,0,1.43,1.43,1,-0.34,-0.34,1,1.09,1.59
5/24/2025,20:30 EDT,SKC,3,2.02,2.09,NER,2,2.06,2.07,1,-0.04,0.02,0,1.33,1.41
5/24/2025,20:30 EDT,MIN,1,1.7,1.7,ATX,1,0.76,0.77,0,0.93,0.93,0,2.11,0.65
5/24/2025,19:30 EDT,ORL,1,1.72,1.87,POR,0,0.22,0.22,1,1.5,1.66,1,2.57,0.26
5/24/2025,19:30 EDT,CLT,3,3.19,3.2,CLB,2,1.34,1.34,1,1.86,1.87,1,2.44,0.42
5/24/2025,19:30 EDT,DCU,0,0.69,0.69,NYRB,2,1.3,1.34,-2,-0.61,-0.65,-2,0.83,1.86
5/24/2025,19:30 EDT,MTL,2,1.8,1.84,LAFC,2,2.27,2.27,0,-0.47,-0.43,0,1.02,1.74
5/24/2025,19:30 EDT,TOR,1,0.52,0.52,NSH,2,2.31,2.33,-1,-1.79,-1.81,-1,0.3,2.57
5/24/2025,19:30 EDT,PHI,3,2.04,2.06,MIA,3,1.45,1.45,0,0.59,0.61,0,1.8,0.98
5/24/2025,16:45 EDT,SD,2,2.18,2.19,LAG,1,1.05,1.05,1,1.14,1.15,1,2.2,0.61
5/24/2025,15:00 EDT,SEA,1,2.5,2.71,FCD,0,1.24,1.24,1,1.26,1.46,1,2.23,0.59
5/18/2025,21:00 EDT,LAG,2,1.48,1.54,LAFC,2,1.09,1.09,0,0.39,0.45,0,1.7,1
5/18/2025,19:00 EDT,MIA,0,1.34,1.36,ORL,3,3.31,3.43,-3,-1.97,-2.07,-3,0.35,2.53
5/17/2025,22:30 EDT,SD,0,1.37,1.39,SKC,0,0.07,0.07,0,1.3,1.31,0,2.63,0.21
5/17/2025,21:30 EDT,COL,1,1.04,1.04,RSL,0,0.78,0.78,1,0.27,0.27,1,1.52,1.13
5/17/2025,21:30 EDT,POR,1,0.28,0.28,SEA,1,1.07,1.07,0,-0.79,-0.79,0,0.64,2.05
5/17/2025,21:25 EDT,FCD,0,0.65,0.66,HOU,2,0.66,0.66,-2,0,0,-2,1.26,1.33
5/17/2025,20:30 EDT,ATX,0,1.23,1.24,VAN,0,0.45,0.45,0,0.78,0.79,0,2.1,0.62
5/17/2025,20:30 EDT,MIN,3,2.19,2.2,STL,0,0.58,0.58,3,1.61,1.62,3,2.47,0.37
5/17/2025,20:30 EDT,NSH,0,0.4,0.4,DCU,0,0.3,0.3,0,0.09,0.09,0,1.33,1.13
5/17/2025,19:30 EDT,NER,0,0.35,0.35,SJE,0,1.1,1.1,0,-0.75,-0.75,0,0.69,1.98
5/17/2025,19:30 EDT,ATL,0,1.34,1.34,PHI,1,1.87,2.06,-1,-0.53,-0.72,-1,1.01,1.74
5/17/2025,19:30 EDT,CLT,1,1.29,1.29,CHI,4,4.3,4.39,-3,-3.01,-3.1,-3,0.14,2.8
5/17/2025,19:15 EDT,CLB,1,3.39,3.4,CIN,1,1.34,1.38,0,2.05,2.02,0,2.59,0.28
5/17/2025,16:30 EDT,NYC,2,2.14,2.14,NYRB,0,0.55,0.55,2,1.6,1.6,2,2.55,0.32
5/17/2025,14:30 EDT,MTL,1,1.77,1.8,TOR,6,2.53,2.57,-5,-0.76,-0.77,-5,0.94,1.84
5/14/2025,22:30 EDT,SD,2,2.94,3.01,COL,0,1.54,1.54,2,1.4,1.47,2,2.22,0.61
5/14/2025,22:30 EDT,LAFC,4,2.47,2.49,SEA,0,0.44,0.44,4,2.03,2.06,4,2.65,0.23
5/14/2025,22:30 EDT,SJE,3,1.74,1.74,MIA,3,2.25,2.25,0,-0.51,-0.51,0,1.06,1.69
5/14/2025,21:30 EDT,RSL,0,0.59,0.59,POR,0,1.07,1.18,0,-0.48,-0.59,0,0.88,1.78
5/14/2025,21:00 EDT,ATX,1,1.35,1.35,ATL,1,1.36,1.36,0,-0.01,-0.01,0,1.27,1.44
5/14/2025,20:45 EDT,STL,2,1.21,1.22,SKC,2,1.92,1.93,0,-0.7,-0.71,0,0.85,1.91
5/14/2025,20:30 EDT,NSH,2,1.94,1.99,NYRB,1,0.57,0.57,1,1.37,1.42,1,2.46,0.39
5/14/2025,20:30 EDT,HOU,2,1.44,1.48,MIN,0,0.62,0.62,2,0.82,0.85,2,1.99,0.73
5/14/2025,19:30 EDT,PHI,3,1.6,1.62,LAG,2,0.62,0.62,1,0.98,1,1,2.11,0.62
5/14/2025,19:30 EDT,DCU,0,0.88,0.88,NYC,0,1.93,1.95,0,-1.05,-1.07,0,0.64,2.12
5/14/2025,19:30 EDT,ORL,3,1.31,1.31,CLT,1,1.42,1.44,2,-0.11,-0.13,2,1.27,1.43
5/14/2025,19:30 EDT,MTL,1,0.32,0.32,CLB,1,1.4,1.4,0,-1.08,-1.08,0,0.44,2.29
5/14/2025,19:30 EDT,TOR,0,0.53,0.53,CIN,1,1.61,1.63,-1,-1.08,-1.1,-1,0.6,2.16
5/11/2025,19:00 EDT,VAN,2,1.22,1.22,LAFC,2,2.14,2.22,0,-0.92,-1,0,0.69,2.08
5/10/2025,22:30 EDT,POR,1,1.02,1.02,SKC,0,1.25,1.26,1,-0.23,-0.24,1,1.17,1.54
5/10/2025,21:30 EDT,COL,0,0.95,0.95,SJE,2,1.09,1.1,-2,-0.14,-0.14,-2,1.26,1.42
5/10/2025,20:30 EDT,HOU,1,0.98,0.98,SEA,3,1.5,1.5,-2,-0.53,-0.52,-2,0.95,1.76
5/10/2025,20:30 EDT,NSH,2,0.69,0.69,CLT,1,1.58,1.58,1,-0.89,-0.89,1,0.69,2.09
5/10/2025,20:30 EDT,STL,1,1.7,2.14,SD,2,0.95,0.96,-1,0.75,1.19,-1,1.9,0.87
5/10/2025,20:30 EDT,FCD,1,1.18,1.22,RSL,1,0.47,0.48,0,0.71,0.74,0,2.07,0.67
5/10/2025,19:30 EDT,ORL,3,3.74,3.76,NER,3,2.04,2.05,0,1.7,1.71,0,2.35,0.5
5/10/2025,19:30 EDT,PHI,2,2.32,2.32,CLB,2,0.82,0.82,0,1.51,1.51,0,2.42,0.42
5/10/2025,19:30 EDT,NYRB,6,3.59,4.1,LAG,0,1.73,1.76,6,1.85,2.35,7,2.39,0.48
5/10/2025,19:30 EDT,CIN,2,1.29,1.3,ATX,1,1.75,1.75,1,-0.46,-0.44,1,0.94,1.8
5/10/2025,19:30 EDT,NYC,0,0.96,0.96,MTL,1,1.93,1.99,-1,-0.96,-1.02,-1,0.77,1.97
5/10/2025,16:30 EDT,TOR,1,1.82,1.96,DCU,0,1.2,1.25,1,0.62,0.71,2,1.86,0.89
5/10/2025,16:30 EDT,MIN,3,1.25,1.25,MIA,1,0.49,0.49,2,0.76,0.76,3,2.16,0.58
5/10/2025,14:30 EDT,CHI,2,2.55,2.59,ATL,0,1.56,1.6,2,0.99,0.99,1,2.08,0.73
5/4/2025,19:00 EDT,SKC,0,0,0,LAG,0,1.61,1.61,0,-1.61,-1.61,1,0.14,2.72
5/4/2025,15:00 EDT,NYC,1,2.7,2.72,CIN,0,0.98,0.98,1,1.72,1.74,1,2.44,0.41
5/3/2025,22:30 EDT,SJE,4,2.44,2.44,POR,1,1.94,2,3,0.5,0.43,3,1.64,1.13
5/3/2025,22:30 EDT,LAFC,2,2.36,2.36,HOU,0,0.23,0.23,2,2.13,2.13,2,2.87,0.07
5/3/2025,22:30 EDT,SEA,4,4.1,4.24,STL,1,1.01,1.01,3,3.09,3.24,3,2.86,0.09
5/3/2025,21:30 EDT,VAN,2,2.92,2.94,RSL,1,1.46,1.46,1,1.46,1.48,1,2.25,0.56
5/3/2025,21:15 EDT,SD,5,2.21,2.21,FCD,0,0.52,0.52,5,1.69,1.69,5,2.58,0.29
5/3/2025,20:30 EDT,ATX,0,1.48,1.51,MIN,2,0.92,0.93,-2,0.57,0.57,-3,1.76,0.97
5/3/2025,20:30 EDT,CHI,0,1.97,2.17,ORL,0,2.23,2.28,0,-0.27,-0.11,0,1.22,1.56
5/3/2025,19:30 EDT,CLB,4,2.63,2.68,CLT,2,1.82,1.82,2,0.81,0.86,2,1.96,0.81
5/3/2025,19:30 EDT,MIA,4,2.51,2.81,NYRB,1,0.64,0.64,3,1.87,2.17,3,2.6,0.26
5/3/2025,19:30 EDT,DCU,2,1.35,1.36,COL,1,1.49,1.6,1,-0.13,-0.24,1,1.26,1.43
5/3/2025,19:30 EDT,MTL,1,1.17,1.17,PHI,2,0.92,0.92,-1,0.25,0.26,-1,1.55,1.12
5/3/2025,16:30 EDT,TOR,0,1.2,1.2,NER,2,2.48,2.52,-2,-1.28,-1.32,-2,0.55,2.27
5/3/2025,14:45 EDT,ATL,1,0.87,0.89,NSH,1,1.58,1.61,0,-0.71,-0.72,0,0.74,1.94
4/27/2025,21:00 EDT,LAG,2,2.37,2.39,POR,4,2.18,2.21,-2,0.19,0.18,-2,1.6,1.18
4/27/2025,19:00 EDT,LAFC,2,4.1,4.33,STL,1,1.67,1.75,1,2.43,2.58,0,2.64,0.25
4/27/2025,17:00 EDT,MIA,3,2.08,2.28,FCD,4,2.82,2.93,-1,-0.74,-0.65,-1,0.92,1.88
4/27/2025,15:00 EDT,MIN,1,1.59,1.59,VAN,3,1.59,1.59,-2,0,0,-2,1.39,1.35
4/26/2025,21:30 EDT,COL,1,1.75,1.75,SEA,1,1.77,1.86,0,-0.01,-0.11,0,1.38,1.38
4/26/2025,20:30 EDT,HOU,2,0.79,0.79,ATX,0,0.81,0.89,2,-0.02,-0.1,2,1.3,1.34
4/26/2025,20:30 EDT,NSH,7,4.59,4.86,CHI,2,0.55,0.55,5,4.04,4.31,5,2.96,0.02
4/26/2025,19:30 EDT,CLT,0,2.54,2.57,NER,1,0.43,0.43,-1,2.1,2.14,-1,2.68,0.2
4/26/2025,19:30 EDT,CLB,2,1.63,1.63,SJE,1,2.3,2.31,1,-0.67,-0.68,1,0.98,1.79
4/26/2025,19:30 EDT,SD,1,2.02,2.04,RSL,3,1.44,1.59,-2,0.58,0.45,-2,1.8,0.94
4/26/2025,19:15 EDT,ORL,3,2.57,2.59,ATL,0,0.68,0.69,3,1.9,1.9,3,2.63,0.26
4/26/2025,16:30 EDT,PHI,3,1.53,1.55,DCU,0,1.12,1.12,3,0.41,0.43,3,1.68,1.04
4/26/2025,16:30 EDT,NYRB,1,1.66,1.66,MTL,0,0.69,0.69,1,0.97,0.97,1,2.12,0.64
4/26/2025,14:30 EDT,CIN,2,0.89,0.89,SKC,1,0.76,0.76,1,0.13,0.13,1,1.42,1.25
4/26/2025,14:30 EDT,TOR,0,1.74,1.79,NYC,1,1.4,1.44,-1,0.33,0.35,-1,1.66,1.05
4/19/2025,22:30 EDT,SJE,3,4.64,4.85,SKC,5,1.23,1.23,-2,3.4,3.62,-2,2.86,0.09
4/19/2025,22:15 EDT,POR,3,2.4,2.45,LAFC,3,3.17,3.18,0,-0.77,-0.73,0,0.85,1.91
4/19/2025,21:30 EDT,RSL,0,1.01,1.02,TOR,1,0.17,0.17,-1,0.84,0.85,-1,2.09,0.54
4/19/2025,20:30 EDT,HOU,2,1.41,1.41,COL,2,2.97,2.97,0,-1.55,-1.55,0,0.45,2.4
4/19/2025,20:30 EDT,MIN,0,1.1,1.1,FCD,0,0.8,0.8,0,0.3,0.3,0,1.61,1.05
4/19/2025,20:30 EDT,CHI,2,2.6,2.96,CIN,3,1.21,1.21,-1,1.4,1.75,-1,2.31,0.51
4/19/2025,20:30 EDT,STL,0,1.33,1.42,VAN,0,1.77,1.77,0,-0.44,-0.35,0,1.09,1.68
4/19/2025,19:30 EDT,SEA,3,2.11,2.23,NSH,0,1.08,1.1,3,1.03,1.13,3,2.14,0.66
4/19/2025,19:30 EDT,PHI,3,1.51,1.53,ATL,0,0.76,0.78,3,0.75,0.75,3,2.04,0.71
4/19/2025,19:30 EDT,NER,2,1.73,1.75,NYC,0,1.08,1.08,2,0.65,0.66,2,1.84,0.91
4/19/2025,19:30 EDT,NYRB,1,1.01,1.01,DCU,2,1.16,1.17,-1,-0.14,-0.15,-1,1.26,1.39
4/19/2025,19:30 EDT,MTL,0,0.76,0.77,ORL,0,0.65,0.65,0,0.1,0.12,0,1.45,1.17
4/19/2025,19:30 EDT,CLT,3,3.52,3.52,SD,0,0.53,0.53,3,2.99,2.99,3,2.88,0.07
4/19/2025,16:30 EDT,CLB,0,3,3.01,MIA,1,0.59,0.59,-1,2.41,2.42,-1,2.75,0.17
4/19/2025,13:45 EDT,ATX,1,3.11,3.11,LAG,0,0.91,0.91,1,2.19,2.19,1,2.73,0.19
4/13/2025,19:00 EDT,STL,1,1.93,2,CLB,2,1.82,1.82,-1,0.11,0.18,-1,1.52,1.24
4/13/2025,16:30 EDT,CHI,0,1.71,1.79,MIA,0,1.06,1.06,0,0.65,0.73,0,1.9,0.86
4/13/2025,14:15 EDT,SKC,2,2.28,2.28,POR,3,1.24,1.25,-1,1.04,1.03,-2,2.14,0.64
4/12/2025,22:30 EDT,LAG,1,0.33,0.33,HOU,1,1.77,1.86,0,-1.44,-1.53,0,0.33,2.5
4/12/2025,22:30 EDT,LAFC,2,1.12,1.13,SJE,1,2,2.05,1,-0.88,-0.92,1,0.76,2.03
4/12/2025,21:30 EDT,COL,3,3.94,4.27,SD,2,1.27,1.27,1,2.67,3,1,2.76,0.18
4/12/2025,20:30 EDT,NSH,2,3.65,3.73,RSL,1,1.11,1.12,1,2.53,2.61,1,2.71,0.2
4/12/2025,20:30 EDT,FCD,0,0.63,0.63,SEA,1,1.16,1.17,-1,-0.53,-0.54,-1,0.96,1.72
4/12/2025,19:30 EDT,NYC,1,0.97,0.98,PHI,0,1.67,1.67,1,-0.7,-0.69,1,0.75,1.99
4/12/2025,19:30 EDT,DCU,0,1.16,1.16,CIN,1,0.95,0.95,-1,0.21,0.21,-1,1.55,1.17
4/12/2025,19:30 EDT,MTL,0,2.07,2.08,CLT,1,0.68,0.68,-1,1.39,1.4,-1,2.39,0.42
4/12/2025,19:30 EDT,VAN,5,4.47,4.83,ATX,1,0.83,0.83,4,3.64,3.99,4,2.89,0.08
4/12/2025,16:30 EDT,ORL,0,1.46,1.46,NYRB,0,0.88,0.88,0,0.58,0.58,0,1.82,0.91
4/12/2025,14:45 EDT,ATL,0,2.73,2.89,NER,1,1.61,1.61,-1,1.12,1.27,-1,2.08,0.73
4/12/2025,14:30 EDT,TOR,0,0.5,0.5,MIN,0,0.63,0.65,0,-0.14,-0.15,0,1.23,1.37
4/6/2025,19:00 EDT,MIA,1,2.81,2.81,TOR,1,1.68,1.8,0,1.13,1,0,2.09,0.74
4/6/2025,17:00 EDT,SJE,6,3.68,3.68,DCU,1,1.81,1.85,5,1.87,1.83,5,2.46,0.41
4/6/2025,15:00 EDT,NYC,1,3.12,3.17,MIN,2,2.35,2.42,-1,0.77,0.76,-1,1.86,0.95
4/5/2025,22:30 EDT,SD,3,1.67,1.67,SEA,0,1.23,1.23,3,0.44,0.44,3,1.67,1.06
4/5/2025,21:30 EDT,VAN,2,2.79,2.79,COL,0,0.36,0.36,2,2.43,2.43,2,2.77,0.16
4/5/2025,21:00 EDT,HOU,1,0.81,0.81,LAFC,0,0.73,0.75,1,0.08,0.06,1,1.39,1.24
4/5/2025,20:30 EDT,SKC,2,1.41,1.45,STL,0,1.17,1.24,2,0.24,0.22,2,1.54,1.2
4/5/2025,19:45 EDT,ATX,0,0.62,0.62,POR,0,0.57,0.58,0,0.05,0.04,0,1.31,1.26
4/5/2025,19:30 EDT,CLB,2,1.48,1.48,MTL,1,0.35,0.36,1,1.12,1.12,1,2.33,0.43
4/5/2025,19:30 EDT,NYRB,2,1.46,1.46,CHI,1,2.34,2.37,1,-0.88,-0.91,1,0.76,2.01
4/5/2025,19:30 EDT,PHI,0,1.38,1.38,ORL,0,0.6,0.61,0,0.78,0.77,0,2,0.74
4/5/2025,19:30 EDT,ATL,1,1.94,1.99,FCD,1,0.89,0.94,0,1.05,1.04,0,2.22,0.57
4/5/2025,19:30 EDT,CIN,1,2.42,2.48,NER,0,0.73,0.74,1,1.69,1.74,1,2.52,0.34
4/5/2025,16:30 EDT,RSL,2,1.2,1.2,LAG,0,0.33,0.33,2,0.87,0.87,2,2.2,0.51
4/5/2025,14:30 EDT,CLT,2,1.7,1.7,NSH,1,1.52,1.52,1,0.18,0.18,1,1.49,1.21
3/30/2025,19:00 EDT,POR,3,2.64,2.66,HOU,1,0.67,0.67,2,1.97,1.99,2,2.62,0.27
3/30/2025,14:15 EDT,STL,0,1.5,1.55,ATX,1,0.86,0.86,-1,0.64,0.69,-1,1.85,0.9
3/29/2025,22:30 EDT,SJE,1,0.71,0.71,SEA,1,2.75,2.78,0,-2.04,-2.07,0,0.31,2.57
3/29/2025,22:30 EDT,SD,3,2.61,2.73,LAFC,2,2.03,2.03,1,0.58,0.7,1,1.82,0.96
3/29/2025,22:30 EDT,LAG,1,0.87,0.87,ORL,2,1.85,1.87,-1,-0.99,-1,-1,0.55,2.2
3/29/2025,20:30 EDT,CHI,1,0.78,0.78,MTL,1,1.4,1.41,0,-0.62,-0.63,0,0.91,1.79
3/29/2025,20:30 EDT,NSH,1,2.55,2.67,CIN,2,2.29,2.32,-1,0.27,0.35,-1,1.64,1.12
3/29/2025,20:30 EDT,MIN,2,2.79,2.98,RSL,0,1.65,1.69,2,1.14,1.29,2,2.11,0.71
3/29/2025,20:30 EDT,FCD,2,1.22,1.22,SKC,1,1.18,1.18,1,0.05,0.05,1,1.43,1.27
3/29/2025,19:30 EDT,DCU,1,1.12,1.13,CLB,2,1.29,1.44,-1,-0.17,-0.31,-1,1.27,1.49
3/29/2025,19:30 EDT,ATL,3,1.61,1.61,NYC,3,1.89,1.9,0,-0.27,-0.29,1,1.17,1.59
3/29/2025,19:30 EDT,MIA,2,1.84,1.84,PHI,1,1.84,1.88,1,0,-0.04,1,1.44,1.32
3/29/2025,16:30 EDT,COL,2,2.83,2.95,CLT,0,0.8,0.8,2,2.04,2.15,2,2.65,0.24
3/29/2025,14:30 EDT,NER,2,2.01,2.06,NYRB,1,1.53,1.53,1,0.47,0.53,1,1.73,1.04
3/29/2025,14:30 EDT,TOR,0,0.92,0.92,VAN,0,1.28,1.28,0,-0.36,-0.37,0,1.04,1.64
3/23/2025,16:00 EDT,ATX,2,2.24,2.24,SD,1,1.24,1.25,1,1,0.99,1,2.06,0.73
3/22/2025,22:30 EDT,SEA,0,0.63,0.63,HOU,0,0.44,0.44,0,0.2,0.2,0,1.46,1.08
3/22/2025,22:30 EDT,VAN,1,1.39,1.39,CHI,3,2.05,2.06,-2,-0.66,-0.67,-2,0.86,1.88
3/22/2025,21:30 EDT,COL,0,1.06,1.06,POR,2,1.58,1.58,-2,-0.52,-0.52,-3,0.99,1.77
3/22/2025,21:30 EDT,RSL,0,0.99,1.12,FCD,1,2.75,2.77,-1,-1.76,-1.65,-1,0.33,2.52
3/22/2025,20:30 EDT,NSH,3,2.15,2.27,MTL,0,0.65,0.65,3,1.51,1.62,3,2.5,0.35
3/22/2025,20:30 EDT,SKC,0,1.03,1.04,LAFC,2,1.17,1.23,-2,-0.14,-0.19,-2,1.25,1.42
3/22/2025,19:30 EDT,CLT,4,2.36,2.44,SJE,1,3.04,3.08,3,-0.68,-0.64,3,1,1.81
3/22/2025,19:30 EDT,CLB,0,1.74,1.75,NYC,0,0.32,0.32,0,1.43,1.43,0,2.39,0.4
3/22/2025,19:30 EDT,PHI,1,1.71,1.72,STL,0,0.13,0.13,1,1.58,1.59,1,2.66,0.2
3/22/2025,19:30 EDT,ORL,4,2.5,2.51,DCU,1,1.16,1.16,3,1.34,1.35,3,2.27,0.56
3/22/2025,19:30 EDT,NYRB,2,1.63,1.63,TOR,1,0.42,0.42,1,1.21,1.21,1,2.44,0.39
3/22/2025,16:30 EDT,MIN,2,2.62,2.82,LAG,2,1.42,1.42,0,1.2,1.41,0,2.19,0.63
3/22/2025,14:30 EDT,CIN,2,0.98,0.98,ATL,1,1.92,2.22,1,-0.94,-1.24,0,0.63,2.16
3/16/2025,19:00 EDT,ATL,1,1.2,1.2,MIA,2,1.71,1.71,-1,-0.51,-0.52,-1,0.96,1.78
3/16/2025,16:45 EDT,POR,1,1,1,LAG,1,1.25,1.25,0,-0.25,-0.25,0,1.17,1.52
3/16/2025,14:25 EDT,PHI,1,2.8,2.88,NSH,3,2.28,2.33,-2,0.52,0.55,-2,1.76,1
3/15/2025,22:30 EDT,SJE,1,2.84,2.93,COL,2,1.3,1.3,-1,1.54,1.63,-1,2.32,0.52
3/15/2025,22:30 EDT,SD,1,2.48,2.49,CLB,1,0.98,0.98,0,1.5,1.51,0,2.36,0.48
3/15/2025,20:30 EDT,STL,1,1.19,1.24,SEA,0,1.02,1.03,1,0.16,0.21,1,1.48,1.24
3/15/2025,20:30 EDT,HOU,1,2.54,2.61,RSL,2,0.83,0.83,-1,1.71,1.78,-1,2.48,0.37
3/15/2025,20:30 EDT,FCD,0,0.44,0.44,VAN,1,0.96,0.96,-1,-0.52,-0.52,-1,0.86,1.8
3/15/2025,20:15 EDT,SKC,2,0.44,0.44,MIN,3,2.15,2.21,-1,-1.71,-1.77,0,0.29,2.59
3/15/2025,19:30 EDT,DCU,0,2.03,2.04,MTL,0,0.98,1.03,0,1.05,1.02,0,2.09,0.68
3/15/2025,19:30 EDT,NYC,2,1.26,1.28,NER,0,0.54,0.54,2,0.72,0.75,1,2,0.7
3/15/2025,19:30 EDT,CLT,2,1.51,1.51,CIN,0,1.33,1.33,2,0.18,0.18,2,1.5,1.23
3/15/2025,15:45 EDT,LAFC,0,0.96,0.97,ATX,1,0.49,0.49,-1,0.47,0.48,-1,1.72,0.92
3/15/2025,14:30 EDT,TOR,1,0.46,0.46,CHI,2,1.64,2.01,-1,-1.17,-1.55,-1,0.44,2.32
3/15/2025,14:30 EDT,NYRB,2,2.58,2.58,ORL,2,2.15,2.22,0,0.43,0.36,0,1.76,1.02
3/9/2025,19:00 EDT,LAG,0,1.93,1.95,STL,3,2.01,2.01,-3,-0.07,-0.05,-3,1.43,1.35
3/9/2025,16:00 EDT,MIA,1,0.37,0.37,CLT,0,1.01,1.02,1,-0.64,-0.64,1,0.72,1.92
3/8/2025,22:30 EST,SJE,0,1.38,1.41,MIN,1,2.02,2.02,-1,-0.64,-0.61,-1,0.89,1.88
3/8/2025,21:30 EST,VAN,2,1.38,1.38,MTL,0,1.2,1.27,2,0.18,0.11,2,1.44,1.26
3/8/2025,21:30 EST,RSL,1,2.05,2.05,SD,3,2.33,2.34,-2,-0.28,-0.29,-2,1.23,1.55
3/8/2025,20:30 EST,FCD,1,2.37,2.37,CHI,3,1.65,1.66,-2,0.71,0.71,-2,1.96,0.8
3/8/2025,20:30 EST,NSH,2,3.4,3.49,POR,0,0.56,0.56,2,2.85,2.93,2,2.89,0.06
3/8/2025,20:30 EST,ATX,0,2.06,2.09,COL,1,0.78,0.78,-1,1.27,1.31,-1,2.28,0.53
3/8/2025,19:30 EST,ATL,0,1.08,1.08,NYRB,0,0.6,0.64,0,0.48,0.44,0,1.78,0.92
3/8/2025,19:30 EST,NER,0,0.45,0.46,PHI,2,1.77,1.78,-2,-1.31,-1.32,-2,0.44,2.37
3/8/2025,19:30 EST,NYC,2,2.49,2.62,ORL,1,1.88,1.88,1,0.6,0.74,1,1.85,0.92
3/8/2025,19:30 EST,CIN,2,1.77,1.77,TOR,0,0.22,0.22,2,1.55,1.55,2,2.73,0.16
3/8/2025,19:30 EST,DCU,2,1.63,1.63,SKC,1,0.61,0.61,1,1.01,1.01,1,2.3,0.47
3/8/2025,16:45 EST,SEA,5,1.62,1.62,LAFC,2,1.52,2.24,3,0.1,-0.62,3,1.45,1.29
3/8/2025,14:30 EST,CLB,0,0.71,0.71,HOU,0,0.4,0.4,0,0.31,0.31,0,1.63,0.95
3/2/2025,19:00 EST,HOU,1,0.4,0.4,MIA,4,1.59,1.59,-3,-1.19,-1.19,-3,0.43,2.36
3/2/2025,17:00 EST,VAN,2,1.92,1.92,LAG,1,0.34,0.34,1,1.58,1.58,1,2.53,0.31
3/1/2025,22:30 EST,POR,1,0.72,0.72,ATX,0,0.87,0.9,1,-0.15,-0.18,1,1.22,1.41
3/1/2025,22:30 EST,SD,0,1.3,1.34,STL,0,0.1,0.1,0,1.2,1.24,0,2.4,0.35
3/1/2025,22:30 EST,LAFC,1,0.88,0.9,NYC,0,0.46,0.46,1,0.42,0.44,1,1.69,0.93
3/1/2025,21:30 EST,COL,3,2.37,2.39,FCD,3,2.02,2.02,0,0.35,0.37,0,1.63,1.13
3/1/2025,20:30 EST,SKC,1,1.56,1.59,SJE,2,1.35,1.53,-1,0.21,0.06,-1,1.53,1.19
3/1/2025,20:30 EST,MIN,1,1.94,1.95,MTL,0,0.15,0.15,1,1.79,1.8,1,2.75,0.14
3/1/2025,20:30 EST,CHI,2,2.4,2.56,DCU,2,3.55,3.61,0,-1.15,-1.05,0,0.64,2.21
3/1/2025,19:30 EST,NYRB,2,1.64,1.87,NSH,0,1.01,1.1,2,0.63,0.78,2,1.86,0.88
3/1/2025,19:30 EST,ORL,4,1.22,1.22,TOR,2,0.26,0.26,2,0.97,0.97,2,2.31,0.43
3/1/2025,19:30 EST,NER,0,0.48,0.48,CLB,1,0.69,0.69,-1,-0.21,-0.21,-1,1.09,1.5
3/1/2025,19:30 EST,PHI,4,2.45,2.46,CIN,1,1.06,1.42,3,1.4,1.04,3,2.33,0.51
3/1/2025,16:30 EST,RSL,1,1.58,1.58,SEA,0,0.52,0.53,1,1.05,1.05,2,2.33,0.47
3/1/2025,14:15 EST,CLT,2,1.79,1.86,ATL,0,1.3,1.34,2,0.49,0.52,2,1.71,1.03
2/23/2025,19:00 EST,LAG,0,0.88,0.88,SD,2,1.59,1.59,-2,-0.71,-0.71,-2,0.83,1.88
2/23/2025,16:00 EST,POR,1,0.72,0.75,VAN,4,3.02,3.02,-3,-2.29,-2.27,-3,0.18,2.71
2/22/2025,22:30 EST,SEA,2,2,2,CLT,1,0.72,0.73,1,1.28,1.27,0,2.31,0.51
2/22/2025,22:30 EST,SJE,4,1.93,1.93,RSL,0,2.07,2.13,4,-0.14,-0.2,4,1.28,1.48
2/22/2025,20:30 EST,HOU,1,1.22,1.37,FCD,2,1.34,1.41,-1,-0.13,-0.04,-1,1.29,1.4
2/22/2025,20:30 EST,ATX,1,1.39,1.39,SKC,0,0.58,0.59,1,0.81,0.79,1,2.03,0.7
2/22/2025,20:30 EST,NSH,0,1.37,1.37,NER,0,0.52,0.52,0,0.86,0.86,0,2.06,0.66
2/22/2025,20:30 EST,STL,0,2.1,2.14,COL,0,0.41,0.41,0,1.68,1.72,0,2.62,0.24
2/22/2025,19:30 EST,ATL,3,1.69,1.69,MTL,2,2.15,2.2,1,-0.45,-0.51,1,1.1,1.67
2/22/2025,19:30 EST,DCU,2,0.64,0.64,TOR,2,2.03,2.03,0,-1.39,-1.39,0,0.34,2.48
2/22/2025,19:30 EST,ORL,2,2.62,3.18,PHI,4,1.67,1.69,-2,0.95,1.48,-2,1.97,0.81
2/22/2025,19:30 EST,CIN,1,1.63,1.63,NYRB,0,1.36,1.43,1,0.27,0.2,1,1.61,1.13
2/22/2025,19:30 EST,CLB,3,2.31,2.41,CHI,2,1.84,1.85,1,0.47,0.57,2,1.64,1.14
2/22/2025,19:30 EST,MIA,2,2.33,2.36,NYC,2,0.81,0.81,0,1.52,1.55,0,2.42,0.42
2/22/2025,16:45 EST,LAFC,1,1.5,1.57,MIN,0,0.93,0.93,1,0.57,0.64,1,1.78,0.94
10/19/2024,21:00 EDT,ATX,3,2.01,2.02,COL,2,2.12,2.12,1,-0.11,-0.11,1,1.26,1.48
10/19/2024,21:00 EDT,FCD,1,0.5,0.5,SKC,1,1.85,1.93,0,-1.35,-1.43,1,0.38,2.43
10/19/2024,21:00 EDT,SEA,1,0.96,0.97,POR,1,1.04,1.05,0,-0.08,-0.08,0,1.31,1.39
10/19/2024,21:00 EDT,HOU,2,1.71,1.76,LAG,1,2.65,2.92,1,-0.94,-1.16,1,0.77,2.04
10/19/2024,21:00 EDT,LAFC,3,1.77,1.77,SJE,1,1.52,1.52,2,0.25,0.25,2,1.5,1.25
10/19/2024,21:00 EDT,RSL,1,1.45,1.45,VAN,1,1.48,1.48,0,-0.02,-0.02,1,1.32,1.38
10/19/2024,21:00 EDT,MIN,3,2.62,2.65,STL,1,0.92,0.92,2,1.71,1.73,3,2.44,0.42
10/19/2024,18:00 EDT,PHI,1,0.71,0.71,CIN,1,1.69,1.69,0,-0.98,-0.98,-1,0.56,2.22
10/19/2024,18:00 EDT,MTL,2,0.74,0.74,NYC,0,1.48,1.48,2,-0.74,-0.74,2,0.8,1.95
10/19/2024,18:00 EDT,DCU,0,0.71,0.71,CLT,3,2.34,2.34,-3,-1.63,-1.63,-3,0.39,2.47
10/19/2024,18:00 EDT,MIA,6,2.81,2.84,NER,2,1.7,1.7,4,1.11,1.13,4,2.1,0.7
10/19/2024,18:00 EDT,ORL,1,1.56,1.57,ATL,2,1.75,1.75,-1,-0.19,-0.18,-1,1.11,1.62
10/19/2024,18:00 EDT,NYRB,2,2.47,2.49,CLB,3,1.71,1.71,-1,0.76,0.77,-1,1.93,0.89
10/19/2024,18:00 EDT,CHI,0,1.05,1.06,NSH,3,2.4,2.4,-3,-1.35,-1.34,-3,0.54,2.27
10/13/2024,19:30 EDT,VAN,0,1.56,1.56,LAFC,2,1.04,1.05,-2,0.52,0.52,-1,1.75,0.98
10/12/2024,19:30 EDT,CLB,4,3.58,3.63,NER,0,0.32,0.32,4,3.26,3.31,4,2.91,0.05
10/6/2024,19:00 EDT,POR,0,2.46,2.59,FCD,0,1.6,1.75,0,0.87,0.84,0,1.89,0.9
10/6/2024,16:25 EDT,NYC,3,1.26,1.37,NSH,1,2.97,3.28,2,-1.71,-1.92,2,0.43,2.42
10/5/2024,22:30 EDT,LAG,2,1.97,1.97,ATX,1,1.25,1.26,1,0.72,0.71,1,1.88,0.91
10/5/2024,22:30 EDT,SJE,0,0.68,0.68,RSL,1,0.98,1,-1,-0.3,-0.32,-1,1.08,1.56
10/5/2024,21:30 EDT,COL,0,1.19,1.19,SEA,1,2.03,2.09,-1,-0.84,-0.89,-1,0.77,2.02
10/5/2024,20:30 EDT,STL,3,1.34,1.34,HOU,0,1.3,1.33,3,0.04,0,3,1.41,1.29
10/5/2024,20:30 EDT,SKC,0,0.6,0.6,LAFC,3,2.03,2.03,-3,-1.43,-1.43,-3,0.35,2.49
10/5/2024,19:30 EDT,NER,0,0.65,0.65,DCU,2,0.64,0.64,-2,0.01,0.01,-1,1.33,1.29
10/5/2024,19:30 EDT,ATL,2,2.29,2.29,NYRB,1,0.73,0.73,1,1.55,1.55,1,2.55,0.3
10/5/2024,19:30 EDT,CLT,2,1.78,2.07,MTL,0,0.52,0.52,2,1.25,1.55,2,2.41,0.4
10/5/2024,19:30 EDT,CIN,1,1.3,1.31,ORL,3,1.68,1.68,-2,-0.38,-0.37,-2,1.02,1.68
10/5/2024,19:30 EDT,VAN,0,0.88,0.88,MIN,1,2.74,2.8,-1,-1.86,-1.92,-1,0.31,2.56
10/5/2024,19:30 EDT,CLB,3,1.62,1.67,PHI,2,0.91,0.92,1,0.71,0.75,1,1.91,0.85
10/5/2024,16:00 EDT,TOR,0,1.12,1.12,MIA,1,0.36,0.36,-1,0.76,0.76,-1,2.03,0.67
10/2/2024,22:30 EDT,LAFC,1,2.55,2.55,STL,0,0.76,0.78,1,1.79,1.77,1,2.48,0.36
10/2/2024,22:30 EDT,VAN,0,1.07,1.08,SEA,3,2.01,2.02,-3,-0.94,-0.94,-3,0.64,2.13
10/2/2024,22:30 EDT,POR,0,2.68,2.82,ATX,1,0.3,0.3,-1,2.38,2.52,-1,2.77,0.14
10/2/2024,22:30 EDT,SJE,3,1.56,1.56,FCD,2,1.69,1.7,1,-0.14,-0.14,1,1.27,1.48
10/2/2024,21:30 EDT,COL,1,0.96,0.96,LAG,3,2.12,2.19,-2,-1.16,-1.23,-2,0.56,2.25
10/2/2024,21:30 EDT,RSL,0,0.54,0.54,MIN,0,0.86,0.87,0,-0.32,-0.33,0,1,1.62
10/2/2024,20:30 EDT,NSH,3,2.6,2.67,DCU,4,3.62,3.7,-1,-1.02,-1.03,-1,0.89,1.95
10/2/2024,20:30 EDT,HOU,2,2.91,3.06,NER,1,2.71,2.74,1,0.2,0.32,1,1.55,1.26
10/2/2024,19:45 EDT,CLB,2,1.9,1.9,MIA,3,1.06,1.06,-1,0.83,0.83,-1,2.08,0.66
10/2/2024,19:30 EDT,ORL,2,2.3,2.35,PHI,1,1.79,1.79,1,0.52,0.56,1,1.79,0.98
10/2/2024,19:30 EDT,TOR,1,1.94,1.97,NYRB,4,2.41,2.41,-3,-0.47,-0.44,-3,0.95,1.75
10/2/2024,19:30 EDT,NYC,3,1.57,1.57,CIN,2,1.81,1.81,1,-0.24,-0.24,1,1.17,1.55
10/2/2024,19:30 EDT,ATL,1,1.85,1.85,MTL,2,0.95,0.95,-1,0.9,0.9,-1,1.96,0.8
10/2/2024,19:30 EDT,CLT,4,3.11,3.2,CHI,3,1.75,2.04,1,1.36,1.16,1,2.2,0.62
9/28/2024,22:30 EDT,SEA,1,0.92,0.93,HOU,0,0.44,0.44,1,0.48,0.49,1,1.78,0.86
9/28/2024,22:30 EDT,VAN,1,0.98,0.98,POR,1,0.64,0.64,0,0.33,0.33,0,1.66,1
9/28/2024,20:30 EDT,MIN,3,1.61,1.62,COL,0,0.44,0.44,3,1.18,1.18,3,2.32,0.44
9/28/2024,20:30 EDT,ATX,2,1.35,1.36,RSL,2,2.57,2.78,0,-1.22,-1.41,0,0.62,2.18
9/28/2024,20:30 EDT,CHI,1,1.02,1.05,TOR,1,1.24,1.24,0,-0.22,-0.19,0,1.07,1.58
9/28/2024,20:30 EDT,STL,3,1.4,1.41,SKC,1,1.42,1.51,2,-0.02,-0.1,2,1.36,1.34
9/28/2024,20:30 EDT,FCD,1,1.55,1.56,ORL,3,1.96,1.99,-2,-0.41,-0.43,-2,1.05,1.69
9/28/2024,19:30 EDT,NYRB,1,1.5,1.51,NYC,5,2.37,2.37,-4,-0.87,-0.86,-4,0.74,2.06
9/28/2024,19:30 EDT,PHI,1,1.16,1.16,ATL,1,1.95,1.95,0,-0.79,-0.79,0,0.83,1.96
9/28/2024,19:30 EDT,MIA,1,3,3.04,CLT,1,1.31,1.35,0,1.68,1.7,0,2.39,0.47
9/28/2024,19:30 EDT,CIN,1,1.68,1.7,LAFC,2,1.87,1.89,-1,-0.18,-0.2,-1,1.24,1.53
9/28/2024,19:30 EDT,MTL,3,2.4,2.48,SJE,0,0.72,0.74,3,1.67,1.74,3,2.49,0.36
9/28/2024,19:30 EDT,DCU,2,2.58,2.61,CLB,2,1.69,1.74,0,0.89,0.87,0,2.02,0.8
9/28/2024,19:30 EDT,NER,1,0.78,0.78,NSH,0,0.94,0.94,1,-0.17,-0.17,1,1.12,1.54
9/22/2024,18:15 EDT,PHI,4,2.47,2.5,DCU,0,0.84,0.85,4,1.63,1.65,4,2.52,0.33
9/21/2024,22:30 EDT,LAG,3,1.27,1.27,VAN,2,1.36,1.36,1,-0.09,-0.09,2,1.24,1.47
9/21/2024,22:30 EDT,SJE,1,1.14,1.14,STL,2,1.16,1.16,-1,-0.02,-0.02,-1,1.22,1.46
9/21/2024,21:30 EDT,COL,2,2.65,2.65,TOR,0,1.14,1.21,2,1.51,1.45,2,2.48,0.35
9/21/2024,21:30 EDT,RSL,3,2.1,2.1,POR,3,0.71,0.72,0,1.38,1.39,0,2.35,0.46
9/21/2024,20:30 EDT,ATX,0,1.36,1.36,HOU,1,1.23,1.25,-1,0.13,0.11,-1,1.47,1.24
9/21/2024,20:30 EDT,FCD,3,1.35,1.36,LAFC,1,0.92,0.92,2,0.43,0.44,2,1.71,1.01
9/21/2024,20:30 EDT,NSH,2,0.84,0.84,CIN,2,0.81,0.81,0,0.03,0.03,0,1.35,1.29
9/21/2024,20:30 EDT,SKC,0,2.03,2.06,MIN,2,0.98,0.99,-2,1.05,1.07,-2,2.19,0.57
9/21/2024,19:30 EDT,MTL,2,1.37,1.37,CHI,0,1.35,1.4,2,0.02,-0.03,2,1.35,1.38
9/21/2024,19:30 EDT,CLB,4,1.56,1.56,ORL,3,2.6,2.99,1,-1.04,-1.43,1,0.68,2.14
9/21/2024,19:30 EDT,NYRB,2,2.78,2.79,ATL,2,1.52,1.52,0,1.26,1.27,0,2.19,0.6
9/21/2024,16:00 EDT,CLT,4,2.58,2.66,NER,0,1.61,1.63,4,0.97,1.03,4,2.01,0.81
9/21/2024,14:00 EDT,NYC,1,1.12,1.12,MIA,1,0.63,0.63,0,0.49,0.49,0,1.69,0.99
9/18/2024,22:30 EDT,POR,4,3,3.03,LAG,2,2.18,2.21,2,0.83,0.82,2,1.9,0.93
9/18/2024,22:30 EDT,SEA,2,1.13,1.13,SJE,2,1.38,1.38,0,-0.25,-0.25,0,1.04,1.62
9/18/2024,22:30 EDT,LAFC,1,0.87,0.87,ATX,1,0.92,0.92,0,-0.05,-0.05,0,1.27,1.4
9/18/2024,21:30 EDT,RSL,3,1.6,1.6,FCD,2,2.06,2.14,1,-0.46,-0.54,1,1.03,1.72
9/18/2024,20:30 EDT,HOU,1,1.4,1.4,VAN,1,1.29,1.3,0,0.12,0.1,0,1.46,1.25
9/18/2024,20:30 EDT,NSH,1,0.39,0.4,CHI,0,0.59,0.59,1,-0.2,-0.19,1,1.04,1.5
9/18/2024,20:30 EDT,SKC,4,3.26,3.32,COL,1,0.81,0.82,3,2.45,2.5,3,2.74,0.17
9/18/2024,20:30 EDT,MIN,1,1.93,1.93,CIN,2,1,1,-1,0.93,0.93,-1,2.1,0.66
9/18/2024,20:15 EDT,ORL,2,1.31,1.33,CLT,0,0.35,0.35,2,0.96,0.98,2,2.2,0.54
9/18/2024,19:30 EDT,ATL,2,1.9,1.96,MIA,2,1.22,1.28,0,0.68,0.68,0,1.9,0.87
9/18/2024,19:30 EDT,NER,2,1.44,1.47,MTL,2,0.6,0.61,0,0.83,0.86,0,2,0.72
9/18/2024,19:30 EDT,TOR,0,0.85,0.88,CLB,2,1,1,-2,-0.15,-0.12,-2,1.22,1.44
9/18/2024,19:30 EDT,NYC,1,2.45,2.47,PHI,5,1.95,1.98,-4,0.5,0.49,-4,1.68,1.11
9/15/2024,19:15 EDT,SEA,2,2.47,2.72,SKC,0,0.82,0.82,2,1.65,1.89,2,2.49,0.35
9/14/2024,22:30 EDT,LAG,4,2.31,2.49,LAFC,2,1.65,1.66,2,0.66,0.83,2,1.85,0.94
9/14/2024,22:30 EDT,VAN,2,2.76,2.77,SJE,0,0.89,0.89,2,1.88,1.88,2,2.52,0.35
9/14/2024,21:30 EDT,COL,2,1.55,1.58,POR,1,1.61,1.61,1,-0.06,-0.03,1,1.28,1.46
9/14/2024,20:30 EDT,CHI,2,1.77,1.88,NYRB,1,1.29,1.3,1,0.48,0.58,1,1.71,1.04
9/14/2024,20:30 EDT,HOU,4,1.61,1.64,RSL,0,1.01,1.01,4,0.6,0.63,3,1.82,0.93
9/14/2024,20:30 EDT,STL,1,1.51,1.51,MIN,2,1.86,1.91,-1,-0.35,-0.4,-2,1.12,1.61
9/14/2024,19:30 EDT,MTL,2,1.51,2.37,CLT,1,1.44,1.57,1,0.07,0.79,1,1.35,1.37
9/14/2024,19:30 EDT,ORL,3,2.09,2.1,NER,0,1.07,1.13,3,1.02,0.97,3,2.17,0.65
9/14/2024,19:30 EDT,TOR,2,1.06,1.06,ATX,1,3.24,3.35,1,-2.18,-2.3,1,0.25,2.64
9/14/2024,19:30 EDT,ATL,0,0.5,0.5,NSH,2,1.3,1.3,-2,-0.8,-0.8,-2,0.59,2.13
9/14/2024,19:30 EDT,MIA,3,0.94,0.95,PHI,1,2.6,2.61,2,-1.66,-1.66,2,0.37,2.48
9/14/2024,19:30 EDT,CIN,0,0.43,0.43,CLB,0,1.42,1.42,0,-0.99,-0.99,0,0.52,2.26
9/14/2024,19:30 EDT,DCU,1,1.36,1.36,NYC,1,1.38,1.38,0,-0.02,-0.02,0,1.18,1.47
9/7/2024,22:30 EDT,VAN,0,2.26,2.36,FCD,0,0.89,0.89,0,1.36,1.47,0,2.3,0.52
9/7/2024,20:30 EDT,CHI,1,0.78,0.78,DCU,2,0.54,0.54,-1,0.24,0.24,-1,1.68,0.94
9/7/2024,20:30 EDT,HOU,0,1.05,1.05,LAFC,0,0.34,0.34,0,0.71,0.71,0,2.07,0.6
9/7/2024,19:30 EDT,NYRB,1,1.22,1.22,SKC,1,0.86,0.86,0,0.37,0.37,0,1.61,1.05
9/7/2024,19:30 EDT,NER,2,1.06,1.09,STL,2,1.49,1.49,0,-0.43,-0.4,0,1.11,1.63
9/7/2024,19:30 EDT,CLB,0,0.38,0.38,SEA,4,2.13,2.13,-4,-1.75,-1.75,-4,0.22,2.67
9/1/2024,14:45 EDT,STL,2,0.71,0.72,LAG,1,0.97,0.97,1,-0.26,-0.25,1,1.11,1.53
8/31/2024,22:30 EDT,SJE,1,0.65,0.65,MIN,2,1.98,3.03,-1,-1.33,-2.38,-1,0.45,2.36
8/31/2024,22:30 EDT,LAFC,0,1.02,1.02,HOU,2,1.88,1.88,-2,-0.86,-0.87,-2,0.64,2.13
8/31/2024,22:30 EDT,POR,1,1.35,1.41,SEA,0,0.74,0.75,1,0.61,0.66,1,1.94,0.79
8/31/2024,21:30 EDT,RSL,2,1.88,1.93,NER,0,0.62,0.62,2,1.26,1.3,2,2.38,0.44
8/31/2024,20:30 EDT,CHI,1,1.6,1.6,MIA,3,1.86,1.86,-2,-0.26,-0.26,-3,1.16,1.59
8/31/2024,20:30 EDT,FCD,2,2.32,2.36,COL,3,2.86,3.43,-1,-0.54,-1.07,-1,0.96,1.84
8/31/2024,20:30 EDT,ATX,0,0.49,0.49,VAN,1,1.03,1.04,-1,-0.55,-0.55,-1,0.8,1.84
8/31/2024,19:30 EDT,NYRB,0,1.79,1.81,PHI,2,0.97,0.97,-2,0.82,0.84,-2,1.95,0.81
8/31/2024,19:30 EDT,CIN,4,1.71,1.71,MTL,1,1.06,1.06,3,0.65,0.65,3,1.85,0.9
8/31/2024,19:30 EDT,CLB,4,2.76,2.94,NYC,2,1.48,1.49,2,1.28,1.46,2,2.19,0.62
8/31/2024,19:30 EDT,ORL,3,1.79,1.8,NSH,0,1.96,1.97,3,-0.18,-0.17,3,1.31,1.47
8/31/2024,19:30 EDT,CLT,0,1,1,ATL,1,2.02,2.15,-1,-1.01,-1.15,-1,0.73,2.06
8/31/2024,19:30 EDT,TOR,1,0.48,0.48,DCU,3,1.62,1.63,-2,-1.14,-1.15,-2,0.45,2.33
8/28/2024,19:30 EDT,PHI,0,1.11,1.11,CLB,1,1.23,1.23,-1,-0.11,-0.11,-1,1.28,1.45
8/24/2024,22:30 EDT,POR,4,4.3,4.41,STL,4,1.66,1.67,0,2.64,2.73,0,2.73,0.21
8/24/2024,22:30 EDT,LAG,2,3.55,3.7,ATL,0,1.42,1.43,2,2.12,2.27,2,2.6,0.29
8/24/2024,21:30 EDT,RSL,0,0.71,0.71,SJE,2,1.95,1.95,-2,-1.24,-1.24,-2,0.46,2.35
8/24/2024,20:30 EDT,NSH,0,2.18,2.21,ATX,2,1.88,1.92,-2,0.3,0.29,-2,1.57,1.18
8/24/2024,20:30 EDT,HOU,0,1.79,1.95,TOR,1,0.76,0.77,-1,1.03,1.18,-1,2.12,0.68
8/24/2024,20:30 EDT,SKC,3,1.07,1.07,ORL,0,1.19,1.21,3,-0.12,-0.15,3,1.26,1.43
8/24/2024,19:30 EDT,DCU,3,1.74,1.76,FCD,4,2.67,2.67,-1,-0.93,-0.91,-1,0.73,2.09
8/24/2024,19:30 EDT,CLT,1,1.21,1.21,NYRB,1,2.46,2.48,0,-1.26,-1.27,0,0.54,2.24
8/24/2024,19:30 EDT,MIA,2,0.55,0.55,CIN,0,1.72,1.73,2,-1.17,-1.18,2,0.49,2.29
8/24/2024,19:30 EDT,MTL,0,0.86,0.86,NER,5,2.53,2.53,-5,-1.67,-1.67,-5,0.37,2.51
8/24/2024,19:30 EDT,NYC,2,1.04,1.05,CHI,2,1.59,1.59,0,-0.55,-0.55,0,0.9,1.8
8/24/2024,18:45 EDT,MIN,2,2.13,2.16,SEA,3,1.26,1.39,-1,0.87,0.77,-1,2.02,0.75
7/20/2024,22:45 EDT,LAG,3,1.32,1.32,POR,2,1.52,1.52,1,-0.19,-0.2,1,1.23,1.51
7/20/2024,22:30 EDT,SEA,0,1.6,1.79,LAFC,3,1.86,2.26,-3,-0.26,-0.47,-3,1.19,1.55
7/20/2024,22:30 EDT,VAN,3,3.23,3.23,HOU,4,1.76,1.8,-1,1.47,1.43,-1,2.32,0.51
7/20/2024,21:30 EDT,COL,3,1.93,1.93,RSL,2,0.78,0.78,1,1.15,1.15,1,2.35,0.44
7/20/2024,20:30 EDT,MIN,1,1.15,1.24,SJE,0,1.49,1.49,1,-0.34,-0.25,2,1.1,1.63
7/20/2024,20:30 EDT,ATX,2,2.41,2.41,CLT,2,2.43,2.43,0,-0.02,-0.02,0,1.44,1.32
7/20/2024,20:30 EDT,SKC,1,2.25,2.28,STL,1,1.4,1.45,0,0.85,0.83,0,1.89,0.85
7/20/2024,19:30 EDT,ORL,1,0.76,0.76,NYC,1,0.77,0.77,0,-0.01,-0.01,0,1.37,1.28
7/20/2024,19:30 EDT,MTL,0,1.75,1.8,TOR,1,1.02,1.02,-1,0.72,0.77,-1,1.94,0.8
7/20/2024,19:30 EDT,ATL,2,2.11,2.11,CLB,1,1.43,1.43,1,0.68,0.68,1,1.9,0.88
7/20/2024,19:30 EDT,PHI,3,3.88,3.97,NSH,0,1.29,1.36,3,2.6,2.61,3,2.75,0.19
7/20/2024,19:30 EDT,NER,1,1.53,1.54,FCD,1,1.25,1.32,0,0.28,0.22,0,1.63,1.08
7/20/2024,19:30 EDT,NYRB,3,2.52,2.53,CIN,1,0.59,0.59,2,1.93,1.93,2,2.67,0.22
7/20/2024,19:30 EDT,MIA,2,2.08,2.14,CHI,1,0.85,0.85,1,1.23,1.28,1,2.22,0.6
7/17/2024,22:45 EDT,LAFC,1,0.76,0.76,RSL,1,1.4,1.41,0,-0.64,-0.64,0,0.85,1.85
7/17/2024,22:30 EDT,LAG,3,2.08,2.09,COL,2,2.4,2.4,1,-0.32,-0.31,1,1.17,1.58
7/17/2024,22:30 EDT,SEA,1,1.55,1.72,STL,0,0.72,0.72,1,0.84,1.01,2,2.1,0.67
7/17/2024,22:30 EDT,SJE,0,0.69,0.69,HOU,1,1.57,1.59,-1,-0.88,-0.9,-1,0.72,2.01
7/17/2024,22:30 EDT,VAN,1,1.35,1.35,SKC,1,1.31,1.36,0,0.04,-0.01,1,1.4,1.3
7/17/2024,20:30 EDT,NSH,0,0.47,0.47,ORL,2,1.3,1.31,-2,-0.83,-0.83,-3,0.67,2.04
7/17/2024,20:30 EDT,FCD,3,1.83,1.83,ATX,1,0.76,0.77,2,1.07,1.06,2,2.23,0.55
7/17/2024,20:30 EDT,MIN,2,0.7,0.7,DCU,3,1.7,1.7,-1,-1,-1,-1,0.5,2.25
7/17/2024,19:30 EDT,CIN,0,1.87,2.03,CHI,1,1.47,1.47,-1,0.4,0.56,-1,1.62,1.14
7/17/2024,19:30 EDT,NYRB,1,1.7,1.71,MTL,2,1.28,1.29,-1,0.41,0.42,0,1.77,0.96
7/17/2024,19:30 EDT,CLB,1,1.77,1.88,CLT,1,1.64,1.74,0,0.13,0.14,0,1.5,1.27
7/17/2024,19:30 EDT,ATL,2,2.15,2.18,NYC,2,1.77,1.77,0,0.38,0.41,0,1.61,1.14
7/17/2024,19:30 EDT,PHI,5,1.69,1.69,NER,1,0.23,0.23,4,1.47,1.47,4,2.5,0.3
7/17/2024,19:30 EDT,MIA,3,0.88,0.88,TOR,1,0.73,0.73,2,0.15,0.15,2,1.44,1.22
7/13/2024,22:30 EDT,LAFC,1,1.49,1.49,CLB,5,2.04,2.04,-4,-0.56,-0.55,-4,1.02,1.75
7/13/2024,22:30 EDT,SJE,0,0.67,0.67,SKC,2,1.07,1.09,-2,-0.4,-0.42,-1,1,1.68
7/13/2024,22:25 EDT,POR,3,2.17,2.23,RSL,0,0.9,0.9,3,1.27,1.33,3,2.26,0.55
7/13/2024,21:30 EDT,COL,0,1.85,1.85,NYRB,1,1.39,1.41,-1,0.47,0.44,0,1.75,1.01
7/13/2024,21:27 EDT,HOU,1,0.99,1,MIN,1,0.58,0.59,0,0.42,0.41,0,1.71,0.92
7/13/2024,20:30 EDT,FCD,2,1.21,1.23,LAG,0,0.37,0.37,2,0.84,0.86,2,2.12,0.58
7/13/2024,20:30 EDT,CHI,0,0.82,0.84,NYC,0,0.45,0.46,0,0.37,0.38,0,1.65,0.95
7/13/2024,20:30 EDT,ATX,0,0.78,0.78,SEA,1,0.5,0.5,-1,0.27,0.27,-1,1.57,1.04
7/13/2024,20:30 EDT,STL,1,1.39,1.4,VAN,4,2.54,2.57,-3,-1.15,-1.17,-3,0.65,2.16
7/13/2024,19:30 EDT,DCU,2,1.74,1.75,NSH,1,0.91,0.91,1,0.83,0.84,1,1.95,0.81
7/13/2024,19:30 EDT,TOR,1,1.33,1.33,PHI,1,1.31,1.31,0,0.02,0.02,1,1.37,1.36
7/13/2024,19:30 EDT,MTL,1,1.86,1.9,ATL,0,0.63,0.63,1,1.23,1.27,1,2.32,0.49
7/13/2024,19:30 EDT,NER,1,0.76,0.76,ORL,3,1.5,1.51,-2,-0.75,-0.75,-2,0.69,2.04
7/13/2024,19:30 EDT,CIN,1,2.15,2.18,CLT,3,1.65,1.69,-2,0.5,0.49,-2,1.74,1.05
7/7/2024,22:30 EDT,LAG,2,2.33,2.33,MIN,1,1.18,1.19,1,1.15,1.15,1,2.23,0.59
7/7/2024,22:30 EDT,POR,4,2.49,2.51,NSH,1,1.6,1.6,3,0.89,0.91,3,1.94,0.88
7/7/2024,21:30 EDT,COL,4,2.17,2.18,STL,1,1.28,1.28,3,0.9,0.9,3,2.03,0.75
7/7/2024,20:30 EDT,SJE,1,0.8,0.81,CHI,0,1.38,1.39,1,-0.59,-0.57,1,0.86,1.84
7/7/2024,20:30 EDT,SKC,3,2.67,2.67,FCD,1,1.95,2.21,2,0.72,0.46,1,1.93,0.85
7/6/2024,22:30 EDT,SEA,2,1.07,1.07,NER,0,0.7,0.72,2,0.37,0.35,2,1.67,0.99
7/6/2024,21:55 EDT,ATX,2,0.94,0.96,NYC,1,1.44,1.44,1,-0.5,-0.49,1,0.96,1.76
7/6/2024,21:30 EDT,RSL,5,1.58,1.59,ATL,2,0.94,0.95,3,0.64,0.63,3,1.84,0.89
7/6/2024,19:30 EDT,MTL,1,0.85,0.85,VAN,1,1.34,1.34,0,-0.49,-0.49,0,0.91,1.82
7/6/2024,19:30 EDT,CLB,4,1.97,1.97,TOR,0,0.39,0.39,4,1.58,1.58,4,2.61,0.27
7/6/2024,19:30 EDT,ORL,5,1.77,1.78,DCU,0,0.49,0.49,5,1.28,1.29,5,2.41,0.41
7/6/2024,19:30 EDT,CIN,6,2.49,2.49,MIA,1,1.32,1.36,5,1.17,1.13,5,2.12,0.68
7/6/2024,19:30 EDT,PHI,0,3.02,3.24,NYRB,0,2.24,2.26,0,0.78,0.98,0,1.93,0.88
7/4/2024,22:40 EDT,LAG,1,1.11,1.11,LAFC,2,2.62,2.7,-1,-1.51,-1.59,-1,0.42,2.41
7/4/2024,21:30 EDT,COL,2,2.64,2.64,SKC,1,1.22,1.23,1,1.42,1.41,1,2.27,0.56
7/4/2024,20:30 EDT,FCD,2,1.61,1.63,POR,2,1.53,1.53,0,0.08,0.1,1,1.43,1.32
7/3/2024,21:30 EDT,RSL,3,3,3.02,HOU,1,1.09,1.1,2,1.91,1.92,1,2.53,0.35
7/3/2024,20:45 EDT,CLB,2,1.91,1.91,NSH,0,0.36,0.36,2,1.55,1.55,2,2.55,0.31
7/3/2024,20:30 EDT,CHI,4,3.46,3.5,PHI,3,1.31,1.32,1,2.15,2.18,1,2.6,0.28
7/3/2024,20:30 EDT,MIN,1,3.45,3.46,VAN,3,0.91,0.91,-2,2.54,2.55,-2,2.83,0.12
7/3/2024,20:30 EDT,STL,2,3.55,3.55,SJE,0,0.45,0.45,2,3.1,3.11,2,2.88,0.07
7/3/2024,19:45 EDT,NER,2,1.16,1.16,ATL,1,1.59,1.59,1,-0.43,-0.43,1,1.1,1.64
7/3/2024,19:30 EDT,NYC,2,3.13,3.13,MTL,0,1.1,1.1,2,2.03,2.03,2,2.56,0.31
7/3/2024,19:30 EDT,TOR,1,1.27,1.27,ORL,1,1.29,1.31,0,-0.02,-0.04,-1,1.35,1.39
7/3/2024,19:30 EDT,DCU,2,1.29,1.3,CIN,3,1.89,1.9,-1,-0.61,-0.6,-1,0.95,1.83
7/3/2024,19:30 EDT,CLT,1,1.74,1.74,MIA,2,1.36,1.36,-1,0.38,0.38,-1,1.59,1.16
6/29/2024,22:30 EDT,LAFC,3,2.66,2.69,COL,0,0.65,0.66,3,2.01,2.03,3,2.64,0.23
6/29/2024,22:30 EDT,VAN,4,1.58,1.62,STL,3,2.07,2.18,1,-0.49,-0.56,1,0.95,1.8
6/29/2024,22:30 EDT,SJE,0,1.9,1.9,LAG,3,1.72,1.73,-3,0.18,0.17,-3,1.53,1.23
6/29/2024,22:30 EDT,SEA,2,2.34,2.34,CHI,1,1.33,1.33,1,1.01,1.01,1,2.11,0.64
6/29/2024,22:30 EDT,POR,3,4.28,4.49,MIN,2,1.36,1.36,1,2.92,3.13,1,2.79,0.14
6/29/2024,20:30 EDT,FCD,0,0.99,0.99,CIN,1,0.99,0.99,-1,0,0,-1,1.25,1.42
6/29/2024,20:30 EDT,NSH,1,1.34,1.34,MIA,2,0.85,0.85,-1,0.49,0.49,-1,1.8,0.88
6/29/2024,20:30 EDT,HOU,1,1.21,1.21,CLT,0,0.82,0.82,1,0.39,0.39,1,1.68,1.04
6/29/2024,20:30 EDT,SKC,2,1.32,1.32,ATX,0,0.46,0.46,2,0.86,0.87,2,2.13,0.59
6/29/2024,19:30 EDT,MTL,4,1.92,1.92,PHI,2,1.02,1.02,2,0.9,0.9,2,2.13,0.65
6/29/2024,19:30 EDT,NYRB,2,1.79,1.8,DCU,2,0.48,0.49,0,1.31,1.31,0,2.43,0.39
6/29/2024,19:30 EDT,ATL,2,1.57,1.58,TOR,1,1.31,1.37,1,0.26,0.21,1,1.57,1.18
6/29/2024,19:30 EDT,NER,1,1.17,1.17,CLB,5,2.58,2.58,-4,-1.4,-1.4,-4,0.45,2.37
6/28/2024,19:30 EDT,NYC,4,1.71,1.72,ORL,2,1.67,1.92,2,0.04,-0.2,2,1.4,1.36
6/22/2024,22:30 EDT,SEA,3,2.4,2.44,FCD,2,0.78,0.79,1,1.63,1.66,1,2.46,0.4
6/22/2024,22:30 EDT,LAFC,6,2.85,2.88,SJE,2,0.76,0.76,4,2.09,2.11,4,2.6,0.28
6/22/2024,22:30 EDT,POR,2,1.31,1.31,VAN,0,0.71,0.71,2,0.6,0.6,2,1.81,0.89
6/22/2024,21:30 EDT,RSL,0,1.05,1.06,LAG,1,0.6,0.6,-1,0.45,0.46,-1,1.76,0.94
6/22/2024,21:30 EDT,COL,4,3.04,3.33,MTL,0,0.28,0.28,4,2.76,3.04,3,2.9,0.06
6/22/2024,20:30 EDT,STL,1,1.45,1.45,ATL,1,2.01,2.01,0,-0.56,-0.56,0,0.93,1.8
6/22/2024,20:30 EDT,NSH,1,0.9,0.9,NYC,0,1.25,1.27,1,-0.34,-0.37,1,1.07,1.62
6/22/2024,20:30 EDT,MIN,0,0.77,0.77,ATX,1,0.54,0.54,-1,0.24,0.24,-1,1.57,1.06
6/22/2024,19:30 EDT,NYRB,3,1.44,1.44,TOR,0,0.26,0.26,3,1.18,1.18,3,2.45,0.34
6/22/2024,19:30 EDT,CIN,1,1.55,1.56,NER,2,0.68,0.68,-1,0.87,0.87,-1,2.06,0.68
6/22/2024,19:30 EDT,CLB,4,2.21,2.53,SKC,0,0.45,0.45,4,1.76,2.08,4,2.64,0.23
6/22/2024,19:30 EDT,ORL,4,1.84,1.87,CHI,2,3.23,3.45,2,-1.4,-1.58,2,0.58,2.23
6/22/2024,19:30 EDT,PHI,0,0.9,0.9,CLT,2,3.03,3.03,-2,-2.12,-2.12,-2,0.28,2.61
6/22/2024,19:30 EDT,DCU,1,1.76,1.76,HOU,4,2.04,2.09,-3,-0.28,-0.33,-3,1.12,1.6
6/19/2024,22:30 EDT,LAG,2,1.65,1.77,NYC,0,0.97,0.98,2,0.67,0.79,2,1.84,0.92
6/19/2024,22:30 EDT,SJE,1,1.14,1.15,POR,2,2.09,2.1,-1,-0.95,-0.95,-1,0.67,2.11
6/19/2024,20:30 EDT,FCD,5,1.76,1.76,MIN,3,2.16,2.22,2,-0.4,-0.46,2,1.04,1.74
6/19/2024,20:30 EDT,HOU,2,2.03,2.06,SEA,2,1.15,1.26,0,0.88,0.79,0,1.94,0.84
6/19/2024,20:30 EDT,STL,0,1.81,1.94,COL,3,3.09,3.09,-3,-1.28,-1.15,-3,0.57,2.27
6/19/2024,20:30 EDT,ATX,1,0.25,0.25,LAFC,1,1.55,1.56,0,-1.3,-1.31,0,0.26,2.59
6/19/2024,20:30 EDT,SKC,3,2.92,2.94,RSL,4,2.64,2.67,-1,0.28,0.27,-1,1.57,1.22
6/19/2024,19:45 EDT,CIN,4,2.98,2.98,PHI,3,1.3,1.31,1,1.68,1.68,1,2.42,0.44
6/19/2024,19:30 EDT,MIA,2,1.31,1.43,CLB,1,2.08,2.09,1,-0.77,-0.66,1,0.93,1.86
6/19/2024,19:30 EDT,DCU,0,1.37,1.37,ATL,1,1.04,1.04,-1,0.33,0.33,-1,1.6,1.12
6/19/2024,19:30 EDT,CLT,2,1.21,1.21,ORL,2,2.03,2.03,0,-0.82,-0.83,0,0.82,1.98
6/19/2024,19:30 EDT,TOR,1,2.06,2.2,NSH,2,0.85,0.86,-1,1.21,1.34,-1,2.25,0.56
6/19/2024,19:30 EDT,MTL,2,1.86,1.99,NYRB,2,2.43,2.45,0,-0.57,-0.46,0,1.1,1.66
6/15/2024,22:30 EDT,SEA,2,1.49,1.49,MIN,0,0.27,0.27,2,1.21,1.21,2,2.36,0.4
6/15/2024,22:30 EDT,LAG,4,2.16,2.32,SKC,2,2.55,2.55,2,-0.39,-0.23,2,1.21,1.59
6/15/2024,22:30 EDT,SJE,2,1.98,2,CIN,4,2.36,2.37,-2,-0.38,-0.37,-2,1.17,1.63
6/15/2024,21:30 EDT,COL,2,1.3,1.33,ATX,0,0.61,0.61,2,0.69,0.71,2,1.9,0.82
6/15/2024,20:30 EDT,FCD,2,1.37,1.37,STL,0,1.29,1.3,2,0.08,0.07,2,1.48,1.25
6/15/2024,19:30 EDT,NYRB,0,1.74,1.76,NSH,0,0.33,0.33,0,1.41,1.43,0,2.46,0.36
6/15/2024,19:30 EDT,ATL,2,2.04,2.22,HOU,2,1.2,1.21,0,0.84,1.01,0,2.01,0.76
6/15/2024,19:30 EDT,NER,3,1.28,1.3,VAN,2,0.8,0.8,1,0.49,0.5,1,1.76,0.93
6/15/2024,19:30 EDT,CLT,1,1.68,1.68,DCU,0,0.3,0.3,1,1.38,1.38,1,2.43,0.37
6/15/2024,19:30 EDT,PHI,1,1.69,1.69,MIA,2,1.55,1.55,-1,0.14,0.14,-1,1.51,1.24
6/15/2024,19:30 EDT,ORL,1,2.05,2.16,LAFC,3,1.91,1.91,-2,0.14,0.25,-2,1.42,1.3
6/15/2024,19:30 EDT,TOR,1,0.85,0.85,CHI,4,1.64,1.65,-3,-0.79,-0.8,-3,0.81,1.94
6/15/2024,19:30 EDT,MTL,0,1.07,1.07,RSL,0,1.36,1.4,0,-0.29,-0.33,0,1.22,1.56
6/14/2024,20:40 EDT,NYC,2,1.88,1.88,CLB,3,4.12,4.2,-1,-2.24,-2.32,-1,0.28,2.63
6/8/2024,20:30 EDT,MIN,1,0.62,0.63,FCD,1,0.42,0.43,0,0.19,0.2,0,1.52,1.03
6/8/2024,20:30 EDT,STL,0,1.23,1.25,POR,0,0.43,0.43,0,0.79,0.82,0,2.08,0.62
6/8/2024,20:30 EDT,SKC,2,0.83,0.83,SEA,1,1.21,1.21,1,-0.37,-0.37,1,1.01,1.71
6/8/2024,19:30 EDT,NER,1,0.78,0.78,NYRB,0,1.01,1.02,1,-0.23,-0.24,1,1.18,1.49
6/2/2024,16:45 EDT,ATL,2,2.07,2.07,CLT,2,0.9,0.9,0,1.17,1.17,-1,2.21,0.58
6/1/2024,22:30 EDT,VAN,2,1.54,1.58,COL,1,1.54,1.54,1,-0.01,0.04,1,1.32,1.38
6/1/2024,22:30 EDT,POR,2,1.39,1.39,HOU,2,0.66,0.66,0,0.73,0.73,0,2.01,0.71
6/1/2024,22:30 EDT,LAFC,1,1.31,1.32,FCD,0,0.44,0.44,1,0.87,0.88,1,2.13,0.58
6/1/2024,21:30 EDT,RSL,5,3.19,3.22,ATX,1,1.24,1.24,4,1.95,1.97,4,2.63,0.25
6/1/2024,20:30 EDT,CHI,2,1.01,1.01,LAG,1,1.7,1.71,1,-0.68,-0.7,1,0.83,1.89
6/1/2024,20:30 EDT,MIN,3,1.42,1.42,SKC,1,0.56,0.56,2,0.86,0.86,2,2.03,0.69
6/1/2024,20:30 EDT,NSH,1,3.47,4.17,NER,2,0.6,0.6,-1,2.88,3.57,-1,2.86,0.09
6/1/2024,19:30 EDT,MIA,3,2.37,2.37,STL,2,2.14,2.14,1,0.23,0.23,0,1.63,1.16
6/1/2024,19:30 EDT,DCU,2,2.52,2.57,TOR,2,0.68,0.7,0,1.84,1.87,0,2.64,0.24
6/1/2024,19:30 EDT,NYRB,1,0.7,0.71,ORL,0,0.41,0.41,1,0.29,0.29,1,1.59,0.99
6/1/2024,19:30 EDT,PHI,2,2.24,2.35,MTL,2,1.03,1.16,0,1.21,1.19,0,2.24,0.53
5/31/2024,19:30 EDT,NYC,5,2.46,2.5,SJE,1,1.41,1.41,4,1.05,1.1,4,2.07,0.72
5/29/2024,22:45 EDT,LAFC,2,2.4,2.43,MIN,0,0.21,0.21,2,2.19,2.21,2,2.83,0.1
5/29/2024,22:30 EDT,SEA,1,0.87,0.87,RSL,1,1.63,1.74,0,-0.76,-0.87,0,0.73,2
5/29/2024,22:30 EDT,LAG,3,3.53,3.54,FCD,1,0.74,0.74,2,2.79,2.8,2,2.85,0.1
5/29/2024,20:30 EDT,ATX,0,2.39,2.39,POR,2,1.51,1.51,-2,0.87,0.87,-2,2.05,0.71
5/29/2024,20:30 EDT,HOU,3,1.77,1.77,COL,1,2.03,2.03,2,-0.25,-0.26,2,1.18,1.56
5/29/2024,20:30 EDT,SKC,1,1.23,1.23,VAN,2,1.54,1.57,-1,-0.32,-0.34,-1,1.2,1.53
5/29/2024,20:30 EDT,CHI,1,1.54,1.55,ORL,1,1.18,1.38,0,0.36,0.17,0,1.66,1.06
5/29/2024,19:30 EDT,MTL,4,2.31,2.31,DCU,2,1.39,1.4,2,0.93,0.91,2,2.08,0.72
5/29/2024,19:30 EDT,PHI,0,0.56,0.56,TOR,0,1.11,1.11,0,-0.54,-0.54,0,0.92,1.77
5/29/2024,19:30 EDT,CIN,0,1.96,2.03,NSH,2,1.08,1.08,-2,0.87,0.94,-2,1.97,0.82
5/29/2024,19:30 EDT,MIA,1,0.93,0.93,ATL,3,3.54,3.63,-2,-2.61,-2.7,-2,0.19,2.74
5/29/2024,19:30 EDT,NYRB,3,1.21,1.21,CLT,1,1.12,1.12,2,0.08,0.08,2,1.42,1.28
5/25/2024,22:30 EDT,SJE,1,2.97,3.21,ATX,1,0.72,0.72,0,2.25,2.49,0,2.68,0.22
5/25/2024,22:30 EDT,LAG,2,1,1,HOU,1,1.57,1.61,1,-0.58,-0.61,1,0.94,1.79
5/25/2024,22:30 EDT,VAN,1,2.03,2.04,MIA,2,1.47,1.47,-1,0.57,0.58,-1,1.85,0.9
5/25/2024,22:30 EDT,POR,2,1.83,1.85,SKC,1,0.34,0.34,1,1.48,1.5,1,2.58,0.28
5/25/2024,21:30 EDT,COL,3,3.03,3.29,MIN,3,1.87,1.88,0,1.16,1.41,0,2.1,0.71
5/25/2024,20:30 EDT,FCD,3,1.27,1.27,RSL,3,3.23,3.41,0,-1.96,-2.15,0,0.44,2.43
5/25/2024,20:30 EDT,STL,1,1.48,1.52,SEA,1,1.05,1.05,0,0.43,0.47,-1,1.67,1.06
5/25/2024,19:30 EDT,MTL,0,1.22,1.23,NSH,0,0.67,0.67,0,0.55,0.56,0,1.84,0.86
5/25/2024,19:30 EDT,NER,0,0.9,0.9,NYC,1,1.91,1.91,-1,-1.01,-1.01,-1,0.69,2.1
5/25/2024,19:30 EDT,DCU,1,1.44,1.44,CHI,1,1.35,1.35,0,0.09,0.09,0,1.5,1.23
5/25/2024,19:30 EDT,CLT,0,1.27,1.27,PHI,0,0.94,0.95,0,0.33,0.32,0,1.61,1.12
5/25/2024,19:30 EDT,ATL,0,1.36,1.39,LAFC,1,1,1.01,-1,0.36,0.38,-1,1.63,1.11
5/25/2024,19:30 EDT,TOR,2,1.38,1.38,CIN,4,1.36,1.38,-2,0.02,-0.01,-1,1.36,1.33
5/25/2024,19:30 EDT,ORL,0,1.08,1.08,CLB,2,1.78,1.78,-2,-0.69,-0.69,-2,0.8,1.94
5/18/2024,22:30 EDT,SEA,1,0.93,1.04,VAN,1,1.01,1.03,0,-0.08,0.01,0,1.19,1.45
5/18/2024,22:30 EDT,SJE,0,0.56,0.56,ORL,1,1.56,1.69,-1,-1.01,-1.13,-1,0.51,2.26
5/18/2024,21:30 EDT,RSL,5,2.58,2.61,COL,3,2.56,2.95,2,0.03,-0.34,2,1.45,1.35
5/18/2024,20:30 EDT,MIN,2,2.56,2.6,POR,1,1.5,1.51,1,1.06,1.08,1,2.12,0.68
5/18/2024,20:30 EDT,CHI,1,1.55,1.65,CLB,3,1.44,1.45,-2,0.11,0.2,-2,1.48,1.23
5/18/2024,20:30 EDT,HOU,1,0.85,0.85,FCD,1,0.93,0.93,0,-0.08,-0.08,0,1.2,1.46
5/18/2024,20:30 EDT,ATX,3,2.4,2.48,SKC,2,1.2,1.21,1,1.2,1.27,1,2.2,0.64
5/18/2024,20:05 EDT,MIA,1,0.72,0.72,DCU,0,1.22,1.22,1,-0.5,-0.5,1,0.91,1.79
5/18/2024,19:30 EDT,NER,0,1.43,1.52,PHI,3,2.06,2.13,-3,-0.62,-0.61,-3,0.94,1.82
5/18/2024,19:30 EDT,TOR,5,3.13,3.13,MTL,1,2.22,2.22,4,0.91,0.91,4,1.89,0.92
5/18/2024,19:30 EDT,CIN,3,2.91,2.91,STL,0,0.65,0.65,3,2.26,2.26,2,2.78,0.15
5/18/2024,19:30 EDT,CLT,0,1,1.03,LAG,0,1.33,1.33,0,-0.32,-0.3,0,1.15,1.57
5/18/2024,19:30 EDT,NYC,2,1.8,1.82,NYRB,1,1.07,1.09,1,0.73,0.73,1,2.01,0.78
5/18/2024,13:45 EDT,NSH,1,1.51,1.53,ATL,1,0.43,0.44,0,1.08,1.1,0,2.39,0.39
5/15/2024,22:30 EDT,POR,4,3.19,3.29,SJE,2,1.77,1.83,2,1.42,1.46,2,2.31,0.52
5/15/2024,21:30 EDT,RSL,2,2.2,2.26,SEA,0,0.78,0.82,2,1.43,1.44,2,2.35,0.49
5/15/2024,21:30 EDT,COL,1,2.33,2.55,VAN,0,0.91,0.91,1,1.42,1.63,1,2.38,0.43
5/15/2024,20:30 EDT,ATX,1,1.92,1.99,HOU,0,1.5,1.5,1,0.41,0.49,1,1.7,1.05
5/15/2024,20:30 EDT,NSH,2,1.32,1.32,TOR,0,0.61,0.65,2,0.7,0.67,2,2.16,0.6
5/15/2024,20:30 EDT,CHI,0,1.26,1.26,CLT,1,0.49,0.49,-1,0.77,0.78,-1,1.98,0.73
5/15/2024,20:30 EDT,STL,0,1.31,1.31,LAFC,2,1.38,1.39,-2,-0.07,-0.08,-2,1.27,1.41
5/15/2024,20:30 EDT,MIN,2,1.95,1.97,LAG,2,1.08,1.08,0,0.87,0.89,0,1.94,0.81
5/15/2024,19:30 EDT,DCU,1,3.03,3.13,NYRB,4,1.99,1.99,-3,1.03,1.14,-3,2.07,0.74
5/15/2024,19:30 EDT,CIN,1,1.2,1.24,ATL,0,0.48,0.49,1,0.72,0.75,1,1.97,0.74
5/15/2024,19:30 EDT,ORL,0,0.71,0.71,MIA,0,0.87,0.87,0,-0.16,-0.16,0,1.2,1.45
5/15/2024,19:30 EDT,PHI,1,1.86,1.9,NYC,2,1.61,1.64,-1,0.25,0.25,-1,1.52,1.21
5/15/2024,19:30 EDT,MTL,1,1.45,1.45,CLB,3,1.81,1.89,-2,-0.36,-0.44,-2,1.03,1.68
5/12/2024,16:45 EDT,POR,1,0.64,0.64,SEA,2,0.42,0.42,-1,0.22,0.22,-1,1.54,1.03
5/11/2024,22:30 EDT,LAG,2,2.42,2.45,RSL,2,1.05,1.05,0,1.37,1.4,0,2.33,0.51
5/11/2024,22:30 EDT,LAFC,3,3.2,3.2,VAN,0,0.66,0.67,3,2.53,2.54,3,2.87,0.09
5/11/2024,21:30 EDT,COL,2,2.57,2.57,SJE,3,0.96,0.97,-1,1.61,1.61,-1,2.43,0.42
5/11/2024,20:30 EDT,STL,3,2.21,2.22,CHI,1,1.55,1.57,2,0.66,0.65,2,1.84,0.95
5/11/2024,20:30 EDT,SKC,1,1,1.01,HOU,2,1.19,1.19,-1,-0.19,-0.18,-1,1.19,1.52
5/11/2024,20:30 EDT,FCD,2,1.77,1.85,ATX,1,2.16,2.2,1,-0.39,-0.35,1,1.06,1.69
5/11/2024,19:45 EDT,CLB,1,0.92,0.93,CIN,2,1.82,1.82,-1,-0.9,-0.88,-1,0.67,2.09
5/11/2024,19:30 EDT,ATL,1,1.36,1.37,DCU,3,2.07,2.07,-2,-0.7,-0.7,-1,0.86,1.9
5/11/2024,19:30 EDT,TOR,2,1.64,1.68,NYC,3,1.96,1.99,-1,-0.33,-0.3,-1,1.14,1.61
5/11/2024,19:30 EDT,CLT,1,0.58,0.58,NSH,0,0.17,0.17,1,0.41,0.41,1,1.71,0.79
5/11/2024,19:30 EDT,NYRB,4,2.66,2.66,NER,2,1,1,2,1.66,1.66,2,2.52,0.36
5/11/2024,19:30 EDT,MTL,2,1.19,1.19,MIA,3,1.25,1.25,-1,-0.06,-0.06,-1,1.3,1.39
5/11/2024,19:30 EDT,PHI,2,4.27,4.32,ORL,3,1.51,1.53,-1,2.76,2.8,-1,2.73,0.2
5/5/2024,18:45 EDT,SEA,0,1.72,1.73,LAG,0,0.68,0.69,0,1.04,1.05,0,2.15,0.62
5/5/2024,16:00 EDT,NYC,0,1.27,1.27,COL,2,0.76,0.76,-2,0.51,0.51,-2,1.78,0.92
5/4/2024,22:30 EDT,VAN,0,1.35,1.35,ATX,0,0.22,0.22,0,1.13,1.13,0,2.35,0.41
5/4/2024,21:30 EDT,RSL,1,0.77,0.77,SKC,0,0.41,0.41,1,0.36,0.36,1,1.59,1
5/4/2024,21:25 EDT,CHI,0,1.51,1.52,NER,1,0.76,0.76,-1,0.75,0.76,-1,1.91,0.84
5/4/2024,20:30 EDT,HOU,0,1.33,1.34,STL,0,1.27,1.28,0,0.06,0.06,0,1.39,1.32
5/4/2024,20:30 EDT,NSH,4,2.73,2.81,MTL,0,1.1,1.1,4,1.64,1.7,3,2.44,0.41
5/4/2024,19:30 EDT,ORL,0,0.78,0.79,CIN,1,1.01,1.01,-1,-0.23,-0.23,-1,1.07,1.56
5/4/2024,19:30 EDT,DCU,2,0.78,0.78,PHI,2,0.71,0.71,0,0.07,0.07,0,1.45,1.18
5/4/2024,19:30 EDT,MIA,6,2.88,2.89,NYRB,2,1.6,1.63,4,1.28,1.26,4,2.17,0.66
5/4/2024,19:30 EDT,ATL,1,2.09,2.09,MIN,2,0.51,0.51,-1,1.58,1.58,-1,2.5,0.33
5/4/2024,19:30 EDT,CLT,2,1.34,1.34,POR,0,0.66,0.66,2,0.69,0.69,2,1.87,0.83
5/4/2024,19:30 EDT,SJE,2,1.16,1.16,LAFC,1,1.05,1.05,1,0.11,0.11,2,1.5,1.2
5/4/2024,19:30 EDT,TOR,3,2.41,2.41,FCD,1,0.5,0.5,2,1.91,1.91,2,2.72,0.19
4/30/2024,19:30 EDT,PHI,2,1.09,1.09,SEA,3,2.64,2.65,-1,-1.55,-1.55,-1,0.47,2.36
4/27/2024,22:30 EDT,LAFC,2,1.56,1.57,POR,2,1.05,1.15,0,0.51,0.42,1,1.66,1.08
4/27/2024,20:30 EDT,CHI,0,0.73,0.73,ATL,0,1.24,1.24,0,-0.52,-0.52,0,0.94,1.78
4/27/2024,20:30 EDT,NSH,1,1.17,1.19,SJE,1,1.12,1.12,0,0.05,0.07,0,1.33,1.37
4/27/2024,20:30 EDT,FCD,2,2.23,2.24,HOU,0,0.12,0.12,2,2.11,2.11,2,2.77,0.13
4/27/2024,20:30 EDT,MIN,2,1.78,1.78,SKC,1,1.18,1.18,1,0.59,0.59,1,1.86,0.87
4/27/2024,19:30 EDT,CLB,0,1.55,1.56,MTL,0,0.64,0.64,0,0.91,0.92,0,2.18,0.63
4/27/2024,19:30 EDT,DCU,2,1.91,1.91,SEA,1,0.99,1.04,1,0.93,0.88,1,2.16,0.61
4/27/2024,19:30 EDT,NER,1,0.32,0.32,MIA,4,2.28,2.37,-3,-1.96,-2.04,-3,0.17,2.74
4/27/2024,19:30 EDT,NYC,2,1.38,1.38,CLT,1,1.49,1.49,1,-0.12,-0.11,1,1.24,1.48
4/27/2024,19:30 EDT,PHI,1,2.1,2.1,RSL,2,0.51,0.51,-1,1.59,1.59,-1,2.51,0.33
4/27/2024,19:30 EDT,CIN,2,2.06,2.07,COL,1,0.81,0.83,1,1.26,1.24,1,2.19,0.61
4/27/2024,19:30 EDT,ORL,1,0.69,0.69,TOR,2,1.94,2.13,-1,-1.25,-1.44,-1,0.49,2.3
4/27/2024,19:30 EDT,NYRB,1,1.52,1.59,VAN,1,1.39,1.39,0,0.13,0.19,0,1.49,1.24
4/27/2024,13:45 EDT,ATX,2,0.73,0.73,LAG,0,0.69,0.69,2,0.04,0.04,2,1.4,1.23
4/21/2024,20:15 EDT,LAG,4,2.45,2.5,SJE,3,1.88,1.91,1,0.57,0.59,1,1.8,0.98
4/21/2024,18:00 EDT,CLT,0,0.71,0.71,MIN,3,1.26,1.26,-3,-0.55,-0.56,-3,0.95,1.78
4/20/2024,22:30 EDT,SEA,0,0.68,0.68,VAN,2,1.62,1.62,-2,-0.94,-0.94,-2,0.65,2.11
4/20/2024,22:30 EDT,LAFC,2,1.68,1.68,NYRB,1,1.57,1.66,1,0.1,0.02,0,1.39,1.32
4/20/2024,21:30 EDT,COL,0,1.76,1.76,FCD,1,0.84,0.84,-1,0.92,0.91,1,2.04,0.72
4/20/2024,20:30 EDT,CHI,0,1.33,1.33,RSL,4,2.13,2.14,-4,-0.81,-0.82,-4,0.87,1.93
4/20/2024,20:30 EDT,HOU,0,1.48,1.52,ATX,1,0.69,0.69,-1,0.79,0.82,-1,2,0.75
4/20/2024,20:30 EDT,SKC,3,1.26,1.26,STL,3,1.84,1.86,0,-0.58,-0.59,0,0.91,1.8
4/20/2024,19:30 EDT,MIA,3,1.98,2.07,NSH,0,2.05,2.2,3,-0.07,-0.13,2,1.34,1.41
4/20/2024,19:30 EDT,ATL,1,1.65,1.65,CIN,2,2.22,2.22,-1,-0.57,-0.57,-1,1.08,1.68
4/20/2024,19:30 EDT,NYC,2,2.68,2.71,DCU,0,0.9,0.91,2,1.78,1.8,2,2.46,0.39
4/20/2024,19:30 EDT,TOR,1,1.96,1.97,NER,0,1.36,1.37,1,0.61,0.6,1,1.92,0.85
4/20/2024,19:30 EDT,MTL,2,0.93,0.94,ORL,2,1.69,1.69,0,-0.76,-0.75,0,0.65,2.08
4/20/2024,19:30 EDT,CLB,2,1.54,1.57,POR,2,1.16,1.17,0,0.37,0.4,0,1.59,1.13
4/14/2024,16:45 EDT,STL,1,1.22,1.22,ATX,0,0.27,0.27,1,0.95,0.95,1,2.25,0.46
4/14/2024,14:30 EDT,ATL,2,1.55,1.55,PHI,2,1,1.04,0,0.55,0.5,0,1.75,0.97
4/13/2024,22:30 EDT,SJE,0,2.4,2.49,COL,3,2.14,2.41,-3,0.26,0.08,-3,1.54,1.23
4/13/2024,22:30 EDT,VAN,1,1.97,1.97,LAG,3,2.07,2.16,-2,-0.1,-0.19,-2,1.29,1.48
4/13/2024,21:30 EDT,RSL,0,1.59,1.59,CLB,0,0.74,0.74,0,0.85,0.85,0,2,0.74
4/13/2024,20:30 EDT,FCD,0,0.53,0.53,SEA,0,0.69,0.69,0,-0.16,-0.16,0,1.1,1.5
4/13/2024,20:30 EDT,SKC,2,0.8,0.8,MIA,3,1.34,1.34,-1,-0.55,-0.55,-1,0.87,1.87
4/13/2024,20:30 EDT,MIN,1,2.47,2.57,HOU,1,0.35,0.35,0,2.12,2.22,-1,2.71,0.19
4/13/2024,19:30 EDT,DCU,2,2.07,2.1,ORL,3,1.62,1.62,-1,0.45,0.49,-1,1.76,1.02
4/13/2024,19:30 EDT,CLT,3,1.3,1.31,TOR,2,1.63,1.66,1,-0.32,-0.35,1,1.09,1.64
4/13/2024,19:30 EDT,NYC,2,2,2.05,NER,0,0.53,0.54,2,1.47,1.51,2,2.42,0.41
4/13/2024,19:30 EDT,MTL,2,1.36,1.36,CIN,1,0.91,0.91,1,0.46,0.46,1,1.73,1
4/13/2024,19:30 EDT,NYRB,0,1.66,1.7,CHI,0,0.59,0.59,0,1.07,1.11,0,2.17,0.6
4/13/2024,16:45 EDT,POR,2,1.29,1.29,LAFC,2,2.24,2.26,0,-0.96,-0.97,0,0.76,2.02
4/7/2024,13:45 EDT,SKC,3,2.72,2.72,POR,3,1.9,1.9,0,0.82,0.82,0,1.99,0.79
4/6/2024,22:30 EDT,SEA,5,3.41,3.43,MTL,0,0.54,0.54,5,2.87,2.89,5,2.87,0.08
4/6/2024,20:30 EDT,STL,0,2.14,2.14,FCD,0,1.41,1.41,0,0.73,0.73,0,1.83,0.93
4/6/2024,20:30 EDT,MIN,1,2.29,2.38,RSL,1,1.08,1.08,0,1.21,1.3,0,2.23,0.56
4/6/2024,20:30 EDT,NSH,1,1.65,1.66,PHI,2,1.46,1.47,-1,0.19,0.19,-1,1.6,1.15
4/6/2024,20:30 EDT,CHI,2,1.61,1.61,HOU,1,0.93,0.93,1,0.69,0.69,1,1.98,0.76
4/6/2024,20:30 EDT,ATX,4,1.96,1.96,SJE,3,2.52,2.62,1,-0.56,-0.66,1,1.06,1.72
4/6/2024,19:45 EDT,LAFC,2,3.26,3.27,LAG,1,1.28,1.4,1,1.98,1.87,1,2.57,0.33
4/6/2024,19:30 EDT,CLB,1,0.58,0.58,DCU,1,1.71,1.73,0,-1.13,-1.14,0,0.56,2.24
4/6/2024,19:30 EDT,NER,1,1.33,1.39,CLT,0,0.76,0.76,1,0.57,0.64,1,1.75,0.93
4/6/2024,19:30 EDT,VAN,4,1.87,1.87,TOR,0,1.12,1.12,4,0.74,0.74,4,1.88,0.87
4/6/2024,19:30 EDT,NYC,1,2.72,2.76,ATL,1,1.68,1.68,0,1.05,1.08,0,2.03,0.77
4/6/2024,19:30 EDT,CIN,1,0.55,0.57,NYRB,2,1.41,1.44,-1,-0.86,-0.87,-1,0.53,2.21
4/6/2024,19:30 EDT,MIA,2,1.03,1.03,COL,2,1.39,1.39,0,-0.36,-0.36,0,0.97,1.72
3/31/2024,15:45 EDT,ATL,3,3.11,3.24,CHI,0,0.64,0.64,3,2.48,2.6,3,2.75,0.16
3/30/2024,22:30 EDT,VAN,3,1.85,2.19,POR,2,0.81,0.81,1,1.04,1.39,1,2.23,0.57
3/30/2024,22:30 EDT,LAG,1,0.86,0.86,SEA,0,1.25,1.25,1,-0.39,-0.39,1,1.02,1.66
3/30/2024,21:30 EDT,RSL,3,1.89,1.9,STL,1,0.6,0.6,2,1.29,1.3,2,2.41,0.4
3/30/2024,20:30 EDT,ATX,2,1.95,2.15,FCD,1,0.78,0.78,1,1.17,1.37,1,2.28,0.52
3/30/2024,20:30 EDT,NSH,2,0.97,0.97,CLB,2,1.62,1.62,0,-0.65,-0.65,0,0.78,1.95
3/30/2024,20:30 EDT,HOU,2,0.9,0.9,SJE,1,0.18,0.18,1,0.72,0.72,1,1.99,0.64
3/30/2024,19:30 EDT,CLT,1,2.06,2.06,CIN,1,1.56,1.57,0,0.5,0.49,0,1.66,1.11
3/30/2024,19:30 EDT,TOR,1,1.68,1.75,SKC,3,1.35,1.35,-2,0.33,0.4,-2,1.53,1.22
3/30/2024,19:30 EDT,DCU,1,2.4,2.43,MTL,0,0.67,0.71,1,1.73,1.72,1,2.47,0.38
3/30/2024,19:30 EDT,ORL,0,0.94,0.94,NYRB,1,1.4,1.4,-1,-0.46,-0.46,0,1,1.69
3/30/2024,19:30 EDT,MIA,1,1.86,1.86,NYC,1,0.66,0.66,0,1.2,1.19,0,2.3,0.49
3/30/2024,16:00 EDT,COL,3,1.37,1.37,LAFC,2,1.34,1.38,1,0.04,0,1,1.34,1.36
3/30/2024,14:00 EDT,PHI,2,1.89,1.99,MIN,0,0.41,0.41,2,1.48,1.58,2,2.49,0.33
3/23/2024,22:30 EDT,SJE,3,2.34,2.44,SEA,2,1.82,1.82,1,0.52,0.62,1,1.74,0.99
3/23/2024,22:30 EDT,LAFC,5,3.96,4.05,NSH,0,0.47,0.47,5,3.49,3.58,5,2.93,0.05
3/23/2024,22:30 EDT,POR,1,1.96,1.96,PHI,3,1.96,1.96,-2,0,0,-2,1.46,1.33
3/23/2024,21:30 EDT,COL,0,0.86,0.86,HOU,1,0.48,0.48,-1,0.38,0.38,-1,1.65,0.96
3/23/2024,20:30 EDT,SKC,2,2.75,2.76,LAG,3,2.33,2.36,-1,0.42,0.41,-1,1.72,1.07
3/23/2024,20:30 EDT,STL,2,2.18,2.18,DCU,2,2.12,2.29,0,0.06,-0.11,0,1.39,1.35
3/23/2024,19:30 EDT,CLT,2,1.77,1.77,CLB,0,0.55,0.55,2,1.22,1.22,2,2.41,0.41
3/23/2024,19:30 EDT,ORL,2,2.19,2.2,ATX,0,0.16,0.16,2,2.03,2.04,2,2.82,0.1
3/23/2024,19:30 EDT,VAN,1,0.97,0.97,RSL,2,1.46,1.47,-1,-0.49,-0.5,-1,0.98,1.75
3/23/2024,19:30 EDT,CIN,1,1.56,1.58,NYC,0,0.52,0.52,1,1.05,1.06,1,2.24,0.53
3/23/2024,19:30 EDT,TOR,2,2.12,2.16,ATL,0,0.51,0.51,2,1.61,1.64,2,2.53,0.32
3/23/2024,14:00 EDT,NER,1,1.86,1.89,CHI,1,0.81,0.81,0,1.06,1.08,0,2.26,0.54
3/23/2024,14:00 EDT,NYRB,4,1.39,1.39,MIA,0,0.27,0.27,4,1.12,1.12,4,2.31,0.45
3/17/2024,19:15 EDT,ATL,2,0.94,0.95,ORL,0,0.57,0.57,2,0.38,0.37,2,1.67,0.97
3/17/2024,14:00 EDT,NER,1,1.2,1.21,CIN,2,1.36,1.36,-1,-0.17,-0.15,-1,1.11,1.59
3/16/2024,22:30 EDT,LAG,3,2.46,2.82,STL,2,2.21,2.28,1,0.24,0.54,0,1.49,1.29
3/16/2024,20:30 EDT,ATX,2,1.29,1.29,PHI,2,1.98,2.01,0,-0.69,-0.71,0,0.83,1.91
3/16/2024,20:30 EDT,MIN,2,1.02,1.02,LAFC,0,0.83,0.83,2,0.19,0.19,2,1.58,1.11
3/16/2024,20:30 EDT,NSH,2,0.94,0.94,CLT,1,1.2,1.2,1,-0.26,-0.26,1,1.12,1.54
3/16/2024,20:30 EDT,FCD,1,0.76,0.76,VAN,3,0.82,0.83,-2,-0.06,-0.07,-2,1.34,1.28
3/16/2024,20:30 EDT,SKC,2,0.59,0.59,SJE,1,1.32,1.32,1,-0.73,-0.73,1,0.75,1.95
3/16/2024,20:30 EDT,HOU,1,1.04,1.04,POR,0,1.31,1.36,1,-0.27,-0.32,1,1.12,1.57
3/16/2024,19:30 EDT,CLB,3,1.65,1.66,NYRB,0,0.37,0.37,3,1.29,1.3,3,2.5,0.33
3/16/2024,19:30 EDT,NYC,2,1.64,1.64,TOR,1,1.38,1.38,1,0.25,0.25,1,1.48,1.25
3/16/2024,15:55 EDT,SEA,1,1.2,1.2,COL,1,2.4,2.43,0,-1.19,-1.23,0,0.48,2.32
3/16/2024,14:00 EDT,DCU,1,1.53,1.53,MIA,3,1.97,2.02,-2,-0.44,-0.49,-2,1.04,1.71
3/16/2024,14:00 EDT,CHI,4,2.69,2.71,MTL,3,3.02,3.02,1,-0.32,-0.31,1,1.13,1.67
3/10/2024,17:00 EDT,MIA,2,1.93,1.98,MTL,3,2.98,3.25,-1,-1.05,-1.27,-1,0.7,2.14
3/10/2024,15:00 EDT,NSH,2,1.61,1.61,LAG,2,2.1,2.11,0,-0.49,-0.5,0,1.03,1.69
3/10/2024,15:00 EDT,CIN,0,1.89,1.9,DCU,0,0.48,0.48,0,1.4,1.41,0,2.48,0.36
3/9/2024,22:30 EST,LAFC,0,2.13,2.13,SKC,0,0.87,0.89,0,1.25,1.24,0,2.28,0.52
3/9/2024,22:30 EST,SJE,0,0.6,0.61,VAN,2,0.99,0.99,-2,-0.38,-0.38,-2,0.94,1.72
3/9/2024,21:30 EST,RSL,1,1.09,1.21,COL,2,1.62,1.62,-1,-0.52,-0.4,-1,1.01,1.67
3/9/2024,20:30 EST,ATX,2,0.87,0.88,STL,2,1.9,1.9,0,-1.03,-1.02,0,0.57,2.2
3/9/2024,19:30 EST,ATL,4,3.71,3.73,NER,1,0.89,0.9,3,2.82,2.82,3,2.83,0.11
3/9/2024,19:30 EST,CLB,2,1.02,1.05,CHI,1,1.65,1.85,1,-0.63,-0.79,1,0.83,1.93
3/9/2024,19:30 EST,ORL,2,2.97,2.97,MIN,3,1.23,1.23,-1,1.73,1.73,-1,2.44,0.42
3/9/2024,19:30 EST,NYRB,2,2.23,2.24,FCD,1,0.63,0.63,1,1.6,1.6,1,2.57,0.29
3/9/2024,14:00 EST,TOR,1,0.73,0.74,CLT,0,0.66,0.66,1,0.07,0.08,1,1.3,1.28
3/9/2024,14:00 EST,NYC,1,1.51,1.53,POR,2,0.72,0.72,-1,0.8,0.82,-1,1.95,0.77
3/3/2024,14:00 EST,NER,0,1.69,1.7,TOR,1,0.48,0.48,-1,1.21,1.21,-1,2.32,0.46
3/2/2024,22:30 EST,SEA,0,1.41,1.43,ATX,0,0.05,0.05,0,1.37,1.38,0,2.52,0.26
3/2/2024,22:30 EST,SJE,1,1.09,1.09,LAG,3,1.27,1.27,-2,-0.18,-0.18,-2,1.08,1.63
3/2/2024,22:30 EST,POR,2,0.92,0.93,DCU,2,2.72,2.75,0,-1.8,-1.82,0,0.27,2.61
3/2/2024,21:30 EST,COL,0,0.39,0.39,NSH,1,1.59,1.59,-1,-1.2,-1.2,0,0.33,2.49
3/2/2024,20:30 EST,CHI,1,0.92,0.93,CIN,2,0.78,0.78,-1,0.14,0.15,-1,1.6,1.04
3/2/2024,20:30 EST,HOU,1,1.48,1.48,NYRB,2,0.85,0.85,-1,0.63,0.63,-1,1.91,0.82
3/2/2024,20:30 EST,STL,2,0.97,0.98,NYC,0,0.86,0.86,2,0.11,0.12,2,1.39,1.3
3/2/2024,20:30 EST,FCD,1,0.97,0.97,MTL,2,1.53,1.53,-1,-0.56,-0.56,-1,0.9,1.84
3/2/2024,20:30 EST,SKC,1,0.9,0.91,PHI,1,0.56,0.56,0,0.34,0.35,0,1.61,1.02
3/2/2024,19:30 EST,VAN,1,0.79,0.8,CLT,1,1.15,1.17,0,-0.36,-0.37,0,1,1.7
3/2/2024,16:30 EST,MIA,5,2.21,2.37,ORL,0,0.59,0.59,5,1.62,1.77,5,2.55,0.31
3/2/2024,16:00 EST,RSL,3,2.29,2.29,LAFC,0,0.88,0.88,3,1.41,1.41,3,2.38,0.46
3/2/2024,14:00 EST,MIN,1,0.89,0.96,CLB,1,1.23,1.23,0,-0.33,-0.27,0,1.04,1.64
2/25/2024,21:00 EST,LAG,1,3.65,3.71,MIA,1,1.03,1.03,0,2.63,2.67,0,2.75,0.17
2/25/2024,17:00 EST,NSH,0,0.14,0.14,NYRB,0,1.57,1.64,0,-1.43,-1.5,0,0.28,2.51
2/25/2024,14:30 EST,CIN,0,0.97,0.98,TOR,0,0.65,0.65,0,0.32,0.33,0,1.7,0.94
2/24/2024,22:30 EST,POR,3,0.64,0.64,COL,1,1.37,1.39,2,-0.73,-0.74,3,0.71,2.02
2/24/2024,20:30 EST,FCD,2,1.31,1.32,SJE,1,1.22,1.27,1,0.09,0.05,1,1.33,1.38
2/24/2024,20:30 EST,STL,1,0.95,0.95,RSL,1,1.93,1.93,0,-0.99,-0.98,0,0.68,2.11
2/24/2024,20:30 EST,ATX,1,0.96,0.99,MIN,2,2.81,2.83,-1,-1.85,-1.85,-1,0.33,2.55
2/24/2024,20:30 EST,HOU,1,1.38,1.41,SKC,1,0.2,0.2,0,1.18,1.21,0,2.46,0.33
2/24/2024,19:30 EST,ORL,0,0.74,0.74,MTL,0,0.86,0.87,0,-0.12,-0.13,0,1.12,1.55
2/24/2024,19:30 EST,DCU,3,4.66,5.08,NER,1,0.89,0.89,2,3.77,4.19,2,2.92,0.05
2/24/2024,19:30 EST,CLT,1,1.61,1.65,NYC,0,0.64,0.64,1,0.97,1,1,2.26,0.49
2/24/2024,19:30 EST,PHI,2,1.76,1.77,CHI,2,1.66,1.69,0,0.1,0.08,0,1.45,1.29
2/24/2024,16:30 EST,LAFC,2,1.36,1.36,SEA,1,1.67,1.68,1,-0.31,-0.32,1,1.16,1.58
2/24/2024,14:00 EST,CLB,1,1.53,1.54,ATL,0,0.79,0.79,1,0.74,0.75,1,2.03,0.7
2/21/2024,20:00 EST,MIA,2,1.84,1.84,RSL,0,0.88,0.89,2,0.96,0.95,2,2.09,0.7
10/21/2023,21:00 EDT,SKC,3,1.43,1.43,MIN,1,0.46,0.46,2,0.98,0.98,2,2.21,0.54
10/21/2023,21:00 EDT,COL,0,1.76,1.76,RSL,1,0.54,0.54,-1,1.22,1.22,-1,2.39,0.41
10/21/2023,21:00 EDT,STL,0,0.78,0.79,SEA,1,1.03,1.03,-1,-0.25,-0.25,-2,1.13,1.56
10/21/2023,21:00 EDT,POR,1,1.69,1.69,HOU,3,0.69,0.69,-2,1,1,-2,2.15,0.62
10/21/2023,21:00 EDT,LAG,1,1,1,FCD,4,2.26,2.32,-3,-1.26,-1.32,-3,0.5,2.33
10/21/2023,21:00 EDT,VAN,1,2.04,2.04,LAFC,1,1.17,1.17,0,0.87,0.87,0,2.06,0.68
10/21/2023,21:00 EDT,SJE,1,1.36,1.39,ATX,1,0.24,0.24,0,1.12,1.15,0,2.33,0.4
10/21/2023,18:20 EDT,TOR,0,1.32,1.32,ORL,2,0.82,0.82,-2,0.49,0.49,-2,1.73,0.98
10/21/2023,18:00 EDT,NYC,1,0.87,0.87,CHI,0,1.09,1.09,1,-0.22,-0.22,1,1.17,1.51
10/21/2023,18:00 EDT,NSH,0,0.91,0.92,NYRB,1,1.36,1.36,-1,-0.44,-0.43,-1,0.96,1.75
10/21/2023,18:00 EDT,NER,2,1.86,2.01,PHI,1,0.91,0.93,1,0.95,1.08,1,2.11,0.64
10/21/2023,18:00 EDT,CLB,2,2.13,2.16,MTL,1,0.53,0.53,1,1.59,1.62,1,2.53,0.31
10/21/2023,18:00 EDT,CLT,1,0.72,0.72,MIA,0,0.91,1.03,1,-0.19,-0.31,1,1.17,1.49
10/21/2023,18:00 EDT,CIN,2,2.39,2.39,ATL,2,1.31,1.32,0,1.07,1.07,0,2.12,0.69
10/18/2023,20:00 EDT,MIA,2,1.97,1.98,CLT,2,0.95,0.95,0,1.02,1.03,0,2.13,0.67
10/14/2023,22:30 EDT,LAG,2,1.98,2.01,RSL,2,2.1,2.2,0,-0.12,-0.18,0,1.35,1.46
10/14/2023,20:30 EDT,NSH,3,2.89,2.95,NER,2,1.29,1.31,1,1.6,1.64,1,2.37,0.46
10/14/2023,20:30 EDT,FCD,1,0.72,0.73,COL,1,2.17,2.35,0,-1.45,-1.62,0,0.41,2.42
10/7/2023,22:30 EDT,SEA,0,1.03,1.04,VAN,0,0.23,0.23,0,0.8,0.81,0,1.99,0.67
10/7/2023,21:30 EDT,RSL,2,0.54,0.54,SKC,3,2.4,2.4,-1,-1.86,-1.86,-1,0.2,2.69
10/7/2023,20:30 EDT,CHI,0,1.07,1.07,CLT,2,1.14,1.14,-2,-0.07,-0.07,-2,1.19,1.46
10/7/2023,20:30 EDT,MIN,5,3.19,3.19,LAG,2,2.67,2.68,3,0.53,0.52,3,1.69,1.13
10/7/2023,20:30 EDT,HOU,5,2.41,2.47,COL,1,0.8,0.8,4,1.61,1.67,4,2.49,0.37
10/7/2023,20:30 EDT,ATX,1,0.61,0.61,LAFC,4,2.65,2.85,-3,-2.04,-2.24,-2,0.22,2.68
10/7/2023,20:30 EDT,FCD,1,1.41,1.41,SJE,1,0.7,0.7,0,0.7,0.7,0,2.02,0.75
10/7/2023,19:30 EDT,NYRB,3,2.24,2.26,TOR,0,0.17,0.17,3,2.06,2.08,3,2.75,0.15
10/7/2023,19:30 EDT,MIA,0,0.96,0.96,CIN,1,1.89,1.94,-1,-0.93,-0.98,-1,0.74,2.04
10/7/2023,19:30 EDT,MTL,4,2.09,2.1,POR,1,1.79,1.91,3,0.3,0.19,3,1.54,1.22
10/7/2023,19:30 EDT,ATL,1,0.94,0.94,CLB,1,1.69,1.71,0,-0.74,-0.76,0,0.82,1.96
10/7/2023,19:30 EDT,DCU,2,1.58,1.64,NYC,0,1.09,1.09,2,0.49,0.55,2,1.71,1.01
10/7/2023,19:30 EDT,PHI,0,0.46,0.46,NSH,0,0.66,0.66,0,-0.2,-0.2,0,1.07,1.49
10/7/2023,19:30 EDT,ORL,3,1.29,1.29,NER,2,0.86,0.87,1,0.43,0.42,1,1.63,1.07
10/4/2023,22:30 EDT,SEA,2,1.6,1.6,LAG,1,0.69,0.69,1,0.91,0.91,1,2.03,0.7
10/4/2023,22:30 EDT,VAN,3,1.71,1.71,STL,0,0.38,0.38,3,1.33,1.33,3,2.39,0.42
10/4/2023,22:30 EDT,LAFC,4,3.14,3.16,MIN,1,1.71,1.72,3,1.43,1.44,4,2.29,0.55
10/4/2023,20:30 EDT,NSH,0,0.55,0.55,ORL,1,0.29,0.29,-1,0.26,0.26,-1,1.53,0.99
10/4/2023,20:30 EDT,CHI,4,2.77,3.19,MIA,1,1.66,1.83,3,1.12,1.36,3,2.08,0.73
10/4/2023,20:30 EDT,ATX,3,1.38,1.39,DCU,0,1.39,1.39,3,-0.01,0,3,1.37,1.34
10/4/2023,19:30 EDT,PHI,3,2.52,2.77,ATL,2,2.29,2.41,1,0.23,0.37,1,1.57,1.2
10/4/2023,19:30 EDT,MTL,1,1.6,1.6,HOU,1,1.04,1.04,0,0.56,0.56,0,1.76,0.97
10/4/2023,19:30 EDT,NER,1,1.16,1.16,CLB,2,1.33,1.33,-1,-0.17,-0.17,-1,1.22,1.51
10/4/2023,19:30 EDT,CLT,3,3.42,3.42,TOR,0,0.2,0.2,3,3.21,3.21,3,2.96,0.02
10/4/2023,19:30 EDT,CIN,1,1.57,1.59,NYRB,2,1,1,-1,0.57,0.59,-1,1.8,0.91
10/1/2023,20:00 EDT,LAFC,0,1.39,1.39,RSL,1,0.51,0.51,-1,0.88,0.88,-1,2.06,0.66
9/30/2023,22:30 EDT,VAN,2,1.87,1.87,DCU,2,1.41,1.41,0,0.46,0.46,0,1.76,0.96
9/30/2023,22:30 EDT,LAG,3,0.72,0.72,POR,2,1.55,1.57,1,-0.83,-0.85,0,0.71,2.05
9/30/2023,21:30 EDT,COL,1,0.51,0.51,ATX,0,0.95,1.18,1,-0.44,-0.67,1,0.95,1.66
9/30/2023,20:32 EDT,MIA,1,1.1,1.1,NYC,1,1.17,1.17,0,-0.07,-0.07,0,1.31,1.41
9/30/2023,20:30 EDT,STL,4,2.84,2.89,SKC,1,1.5,1.6,3,1.34,1.29,3,2.25,0.57
9/30/2023,20:30 EDT,NSH,0,0.4,0.4,SEA,0,0.62,0.63,0,-0.22,-0.22,0,1.06,1.47
9/30/2023,20:30 EDT,MIN,1,1.53,1.54,SJE,1,1.24,1.25,0,0.28,0.29,0,1.59,1.15
9/30/2023,20:30 EDT,HOU,0,1.28,1.29,FCD,0,0.33,0.33,0,0.95,0.96,0,2.19,0.55
9/30/2023,19:30 EDT,NER,2,1.23,1.23,CLT,1,1.46,1.54,1,-0.22,-0.3,1,1.31,1.43
9/30/2023,19:30 EDT,ORL,2,1.85,1.85,MTL,0,0.39,0.39,2,1.46,1.46,3,2.52,0.33
9/30/2023,19:30 EDT,TOR,2,1.95,2,CIN,3,3.24,3.31,-1,-1.29,-1.31,-1,0.6,2.22
9/30/2023,19:30 EDT,CLB,1,2.47,2.67,PHI,1,1.15,1.16,0,1.32,1.51,0,2.23,0.58
9/30/2023,19:30 EDT,NYRB,0,1.61,1.62,CHI,1,1.28,1.28,-1,0.33,0.33,-1,1.59,1.12
9/27/2023,21:30 EDT,COL,2,1.51,1.51,VAN,2,1.27,1.3,0,0.23,0.2,0,1.56,1.18
9/27/2023,19:30 EDT,PHI,1,2.06,2.14,FCD,1,1.65,1.65,0,0.42,0.49,0,1.71,1.06
9/25/2023,00:25 EDT,ATX,3,1.76,1.76,LAG,3,2.66,2.68,0,-0.9,-0.92,0,0.82,1.96
9/24/2023,19:30 EDT,ORL,1,1.78,1.83,MIA,1,1.04,1.2,0,0.74,0.64,0,1.97,0.79
9/24/2023,13:00 EDT,NYC,3,2.47,2.7,TOR,0,0.49,0.49,3,1.98,2.21,3,2.7,0.2
9/23/2023,22:30 EDT,POR,3,1.68,1.69,COL,2,0.39,0.39,1,1.29,1.3,1,2.41,0.38
9/23/2023,22:30 EDT,SJE,1,1.5,1.61,NSH,1,1.09,1.09,0,0.41,0.52,0,1.63,1.11
9/23/2023,21:30 EDT,RSL,2,1.05,1.05,VAN,1,0.82,0.84,1,0.23,0.2,1,1.59,1.08
9/23/2023,20:30 EDT,FCD,1,1.35,1.35,CLB,0,1.1,1.11,1,0.24,0.24,0,1.54,1.15
9/23/2023,20:30 EDT,SKC,2,1.97,2.01,HOU,1,1.25,1.25,1,0.72,0.76,1,1.93,0.83
9/23/2023,20:30 EDT,CHI,2,1.61,1.67,NER,2,0.93,0.95,0,0.67,0.72,0,1.87,0.87
9/23/2023,20:30 EDT,MIN,1,2.14,2.17,STL,2,1.15,1.17,-1,0.99,1,-1,2.09,0.72
9/23/2023,19:30 EDT,DCU,3,3.03,3.41,NYRB,5,3.54,3.67,-2,-0.52,-0.27,-2,1.05,1.74
9/23/2023,19:30 EDT,ATL,4,2.53,2.53,MTL,1,0.98,0.98,3,1.55,1.55,3,2.42,0.4
9/23/2023,19:30 EDT,PHI,0,0.27,0.27,LAFC,0,0.04,0.04,0,0.23,0.23,0,1.45,0.83
9/23/2023,19:30 EDT,CIN,3,3.01,3.03,CLT,0,0.49,0.49,3,2.52,2.53,3,2.8,0.14
9/20/2023,22:30 EDT,LAG,4,3.4,3.48,MIN,3,0.95,0.95,1,2.46,2.53,1,2.75,0.17
9/20/2023,22:30 EDT,POR,2,1.91,1.92,SJE,1,0.85,0.86,1,1.06,1.06,1,2.22,0.57
9/20/2023,21:30 EDT,COL,1,0.7,0.7,SEA,2,1.39,1.39,-1,-0.69,-0.69,-1,0.78,1.95
9/20/2023,21:30 EDT,RSL,1,1.33,1.36,FCD,3,1.68,1.68,-2,-0.35,-0.32,-2,1.04,1.67
9/20/2023,20:30 EDT,STL,0,0.83,0.83,LAFC,0,1.01,1.02,0,-0.18,-0.19,0,1.25,1.43
9/20/2023,20:30 EDT,SKC,0,0.47,0.47,NSH,3,0.7,0.7,-3,-0.23,-0.23,-3,1.09,1.49
9/20/2023,20:30 EDT,HOU,4,1.22,1.22,VAN,0,1.12,1.12,4,0.1,0.1,3,1.47,1.22
9/20/2023,19:30 EDT,DCU,1,2.18,2.19,ATL,1,0.69,0.69,0,1.49,1.5,0,2.42,0.43
9/20/2023,19:30 EDT,CLT,2,1.77,1.81,PHI,2,1.6,1.6,0,0.17,0.2,0,1.44,1.27
9/20/2023,19:30 EDT,NYC,2,2.48,2.49,ORL,0,1.09,1.14,2,1.39,1.34,2,2.33,0.48
9/20/2023,19:30 EDT,CLB,3,2.3,2.3,CHI,0,0.47,0.47,3,1.83,1.83,3,2.73,0.17
9/20/2023,19:30 EDT,MTL,1,0.35,0.35,CIN,1,2.01,2.06,0,-1.66,-1.71,0,0.19,2.68
9/20/2023,19:30 EDT,MIA,4,1.79,1.79,TOR,0,0.8,0.85,4,1,0.95,4,2.08,0.72
9/20/2023,19:30 EDT,NYRB,0,1.41,1.41,ATX,1,0.2,0.2,-1,1.22,1.22,0,2.48,0.31
9/17/2023,20:30 EDT,ATX,1,1.21,1.27,POR,2,2.27,2.27,-1,-1.05,-1,-1,0.65,2.15
9/16/2023,22:30 EDT,LAFC,4,1.06,1.06,LAG,2,0.88,0.88,2,0.18,0.18,2,1.57,1.14
9/16/2023,22:30 EDT,SJE,2,1.36,1.36,RSL,1,2.3,2.6,1,-0.94,-1.24,1,0.8,2
9/16/2023,21:30 EDT,COL,2,1.19,1.19,NER,1,1.06,1.06,1,0.13,0.13,1,1.48,1.19
9/16/2023,20:30 EDT,HOU,1,1.53,1.7,STL,1,1.04,1.1,0,0.49,0.6,0,1.81,0.94
9/16/2023,20:30 EDT,MIN,0,1.24,1.24,SKC,1,0.94,0.94,-1,0.3,0.31,-1,1.57,1.13
9/16/2023,20:30 EDT,FCD,1,0.78,0.78,SEA,1,1.09,1.2,0,-0.31,-0.42,0,1.05,1.64
9/16/2023,19:30 EDT,MTL,0,1.82,1.83,CHI,0,0.56,0.56,0,1.27,1.27,0,2.26,0.52
9/16/2023,19:30 EDT,ORL,4,1.7,1.71,CLB,3,2.88,3.34,1,-1.19,-1.63,1,0.64,2.21
9/16/2023,19:30 EDT,TOR,1,0.8,0.8,VAN,2,2.28,2.28,-1,-1.48,-1.48,-1,0.42,2.42
9/16/2023,19:30 EDT,PHI,2,1.98,2.03,CIN,2,2.73,2.9,0,-0.75,-0.87,0,0.94,1.85
9/16/2023,19:30 EDT,CLT,0,1.46,1.48,DCU,0,1.28,1.29,0,0.18,0.19,0,1.51,1.25
9/16/2023,17:00 EDT,ATL,4,1.86,1.86,MIA,2,1.7,1.74,2,0.16,0.12,3,1.47,1.27
9/16/2023,15:30 EDT,NYC,0,0.61,0.62,NYRB,0,1.19,1.19,0,-0.58,-0.57,0,0.81,1.88
9/10/2023,20:00 EDT,LAG,2,2.31,2.38,STL,2,0.69,0.69,0,1.62,1.69,0,2.57,0.28
9/9/2023,22:30 EDT,POR,2,1.91,1.91,LAFC,0,0.76,0.81,2,1.15,1.09,2,2.25,0.53
9/9/2023,20:30 EDT,MIN,1,1.78,1.81,NER,1,0.51,0.51,0,1.27,1.3,0,2.3,0.5
9/9/2023,19:30 EDT,MIA,3,2.23,2.23,SKC,2,1.27,1.28,1,0.96,0.95,1,2.09,0.71
9/9/2023,19:30 EDT,DCU,0,1.72,1.77,SJE,0,0.89,0.91,0,0.83,0.86,0,1.97,0.78
9/3/2023,22:00 EDT,LAFC,1,2.37,2.37,MIA,3,1.68,1.68,-2,0.69,0.69,-2,1.8,0.97
9/3/2023,19:30 EDT,PHI,4,1.75,1.8,NYRB,1,1.34,1.39,3,0.42,0.4,3,1.74,1.01
9/2/2023,22:30 EDT,SJE,1,1.54,1.55,MIN,1,1.37,1.4,0,0.17,0.15,0,1.47,1.3
9/2/2023,22:30 EDT,LAG,0,0.59,0.6,HOU,0,0.98,0.98,0,-0.39,-0.38,0,0.96,1.72
9/2/2023,22:30 EDT,SEA,2,1.7,1.73,POR,2,1.51,1.73,0,0.19,0,0,1.53,1.2
9/2/2023,21:30 EDT,RSL,2,1.32,1.32,COL,0,0.24,0.24,2,1.08,1.08,2,2.31,0.43
9/2/2023,20:30 EDT,SKC,2,1.49,1.55,STL,1,0.38,0.38,1,1.12,1.17,1,2.32,0.45
9/2/2023,20:30 EDT,NSH,1,1.52,1.52,CLT,1,0.58,0.58,0,0.94,0.95,0,2.21,0.55
9/2/2023,20:30 EDT,FCD,2,2.6,2.6,ATL,2,0.81,0.81,0,1.79,1.79,0,2.59,0.28
9/2/2023,19:30 EDT,NER,2,1.23,1.23,ATX,2,0.99,0.99,0,0.24,0.24,0,1.49,1.21
9/2/2023,19:30 EDT,DCU,3,1.41,1.41,CHI,0,1.26,1.26,3,0.15,0.15,4,1.54,1.19
9/2/2023,19:30 EDT,MTL,2,2.17,2.2,CLB,3,2.19,2.19,-1,-0.02,0.01,-2,1.31,1.46
9/2/2023,19:30 EDT,CIN,0,0.88,0.88,ORL,1,1.32,1.33,-1,-0.44,-0.45,-1,0.96,1.75
9/2/2023,15:30 EDT,NYC,1,1.15,1.15,VAN,1,1.16,1.16,0,-0.01,-0.01,0,1.23,1.44
8/30/2023,22:30 EDT,POR,2,0.66,0.66,RSL,1,0.96,0.96,1,-0.3,-0.31,1,1.09,1.55
8/30/2023,22:30 EDT,SJE,1,1.67,1.67,LAG,3,1.52,1.52,-2,0.14,0.14,-1,1.45,1.27
8/30/2023,20:30 EDT,ATX,1,1.6,1.6,SEA,2,1.63,1.65,-1,-0.03,-0.05,-1,1.4,1.33
8/30/2023,20:30 EDT,MIN,3,2.6,2.64,COL,0,0.63,0.64,3,1.97,2,3,2.71,0.19
8/30/2023,20:30 EDT,HOU,2,2.06,2.46,CLB,0,0.57,0.57,2,1.49,1.89,2,2.48,0.36
8/30/2023,20:30 EDT,STL,2,1.18,1.18,FCD,1,0.85,0.85,1,0.33,0.33,1,1.57,1.1
8/30/2023,20:30 EDT,CHI,0,1.23,1.23,VAN,1,2.27,2.27,-1,-1.04,-1.04,-1,0.61,2.22
8/30/2023,19:30 EDT,MIA,0,1.05,1.05,NSH,0,0.53,0.53,0,0.52,0.52,0,1.88,0.82
8/30/2023,19:30 EDT,ATL,1,0.82,0.82,CIN,2,2.22,2.23,-1,-1.4,-1.41,-1,0.45,2.37
8/30/2023,19:30 EDT,CLT,1,1.32,1.32,ORL,1,0.61,0.61,0,0.71,0.71,0,2.1,0.64
8/30/2023,19:30 EDT,NYC,2,1.57,1.57,MTL,0,0.88,0.88,2,0.69,0.69,2,1.84,0.88
8/30/2023,19:30 EDT,NER,1,1.13,1.13,NYRB,0,0.5,0.5,1,0.63,0.63,1,1.9,0.79
8/30/2023,19:30 EDT,TOR,3,1.37,1.37,PHI,1,2.18,2.27,2,-0.81,-0.9,2,0.85,1.91
8/27/2023,16:30 EDT,MIN,0,1.02,1.02,SEA,1,0.63,0.63,-1,0.4,0.39,0,1.71,0.93
8/26/2023,22:30 EDT,POR,2,2.1,2.15,VAN,3,2.57,2.66,-1,-0.47,-0.52,-1,1.02,1.76
8/26/2023,22:30 EDT,LAG,3,1.91,1.92,CHI,0,0.92,0.98,3,0.99,0.94,3,2.14,0.65
8/26/2023,21:30 EDT,RSL,0,0.53,0.54,HOU,3,0.84,0.84,-3,-0.31,-0.3,-3,1.04,1.58
8/26/2023,20:30 EDT,FCD,1,0.8,0.82,ATX,0,0.58,0.58,1,0.22,0.24,1,1.53,1.09
8/26/2023,20:30 EDT,SKC,3,0.95,0.95,SJE,0,1.63,1.63,3,-0.68,-0.68,3,0.74,1.99
8/26/2023,19:30 EDT,DCU,1,1.54,1.66,PHI,3,2.59,2.59,-2,-1.05,-0.93,-2,0.68,2.12
8/26/2023,19:30 EDT,CIN,3,1.14,1.25,NYC,0,1.24,1.24,3,-0.11,0,3,1.24,1.48
8/26/2023,19:30 EDT,CLB,2,2.84,2.88,TOR,0,1.11,1.11,2,1.74,1.78,2,2.37,0.48
8/26/2023,19:30 EDT,ATL,4,3.2,3.22,NSH,0,1.11,1.11,4,2.08,2.11,4,2.55,0.33
8/26/2023,19:30 EDT,CLT,2,1.98,2,LAFC,1,1.73,1.73,1,0.25,0.27,1,1.54,1.23
8/26/2023,19:30 EDT,NYRB,0,1.04,1.04,MIA,2,1.52,1.59,-2,-0.48,-0.55,-2,1.01,1.72
8/26/2023,19:30 EDT,MTL,1,0.96,0.96,NER,0,0.15,0.15,1,0.81,0.81,1,2.17,0.49
8/26/2023,19:30 EDT,ORL,2,1.56,1.58,STL,1,1.09,1.09,1,0.47,0.49,1,1.72,0.98
8/23/2023,22:30 EDT,LAFC,4,2.51,2.55,COL,0,0.68,0.68,4,1.83,1.88,4,2.5,0.36
8/20/2023,22:30 EDT,SEA,0,1.44,1.44,ATL,2,1.45,1.45,-2,-0.01,-0.01,-2,1.38,1.34
8/20/2023,22:30 EDT,VAN,0,1.81,1.87,SJE,1,0.57,0.57,-1,1.25,1.31,-1,2.33,0.45
8/20/2023,21:30 EDT,STL,6,2.08,2.49,ATX,3,2.6,2.64,3,-0.53,-0.15,3,1.04,1.74
8/20/2023,20:30 EDT,HOU,5,2.36,2.36,POR,0,0.32,0.32,5,2.05,2.05,5,2.76,0.15
8/20/2023,20:30 EDT,CHI,1,0.74,0.74,ORL,3,1.77,1.77,-2,-1.04,-1.03,-2,0.52,2.26
8/20/2023,19:30 EDT,NYRB,1,0.57,0.57,DCU,0,0.3,0.3,1,0.27,0.27,1,1.59,0.93
8/20/2023,19:30 EDT,TOR,2,0.94,0.95,MTL,2,2.05,2.06,0,-1.11,-1.11,-1,0.52,2.28
8/20/2023,19:30 EDT,CLB,3,2.07,2.13,CIN,0,0.41,0.41,3,1.66,1.72,3,2.62,0.26
8/20/2023,19:30 EDT,NYC,0,2.27,2.28,MIN,2,0.99,1,-2,1.28,1.28,-2,2.32,0.51
7/15/2023,22:30 EDT,SEA,0,1.31,1.39,FCD,1,0.31,0.31,-1,1,1.08,0,2.26,0.48
7/15/2023,22:30 EDT,POR,3,1.61,1.61,CLB,2,2.27,2.27,1,-0.66,-0.66,1,0.97,1.79
7/15/2023,22:30 EDT,VAN,4,3.51,3.76,LAG,2,0.56,0.56,2,2.95,3.2,2,2.87,0.1
7/15/2023,21:30 EDT,COL,0,0.36,0.36,HOU,0,0.34,0.34,0,0.02,0.02,0,1.27,1.17
7/15/2023,21:30 EDT,RSL,3,1.03,1.03,NYRB,1,1.3,1.32,2,-0.27,-0.29,2,1.09,1.61
7/15/2023,21:30 EDT,ATX,2,1.55,1.7,SKC,1,0.41,0.42,1,1.14,1.28,1,2.32,0.46
7/15/2023,20:59 EDT,STL,3,1.96,1.96,MIA,0,0.5,0.5,3,1.46,1.46,3,2.49,0.35
7/15/2023,20:32 EDT,CIN,3,1.71,1.71,NSH,1,0.47,0.47,2,1.23,1.23,2,2.45,0.34
7/15/2023,20:30 EDT,CHI,1,1.04,1.04,TOR,0,0.71,0.72,1,0.33,0.32,1,1.61,1.06
7/15/2023,20:30 EDT,MIN,1,2.26,2.26,LAFC,1,1.17,1.17,0,1.09,1.09,0,2.07,0.71
7/15/2023,19:30 EDT,MTL,2,2.21,2.72,CLT,0,0.38,0.38,2,1.83,2.34,2,2.65,0.24
7/15/2023,19:30 EDT,ATL,1,1,1.05,ORL,2,1.12,1.12,-1,-0.11,-0.06,-1,1.29,1.41
7/15/2023,19:30 EDT,PHI,2,1.12,1.12,NYC,1,1.09,1.12,1,0.03,0,1,1.35,1.32
7/15/2023,19:30 EDT,NER,3,1.9,1.9,DCU,0,1.29,1.4,3,0.61,0.49,4,1.9,0.89
7/12/2023,22:30 EDT,LAFC,3,1.38,1.38,STL,0,0.36,0.37,3,1.02,1.01,3,2.23,0.5
7/12/2023,22:30 EDT,SJE,2,1.44,1.45,SEA,0,0.52,0.53,2,0.92,0.92,2,2.27,0.51
7/12/2023,22:30 EDT,VAN,2,1.74,1.74,ATX,1,0.57,0.57,1,1.17,1.17,1,2.28,0.5
7/12/2023,21:44 EDT,CHI,3,1.35,1.35,MTL,0,1.78,2.16,3,-0.44,-0.81,3,1.02,1.71
7/12/2023,21:00 EDT,COL,0,1.22,1.22,POR,0,0.66,0.66,0,0.56,0.56,0,1.92,0.78
7/12/2023,20:30 EDT,HOU,0,1.64,1.64,MIN,3,1.62,1.95,-3,0.02,-0.31,-3,1.29,1.46
7/12/2023,20:30 EDT,SKC,2,2.03,2.03,RSL,2,1.45,1.48,0,0.59,0.55,0,1.76,1.02
7/12/2023,20:30 EDT,NSH,0,1.68,1.89,PHI,2,1.76,1.76,-2,-0.08,0.13,-2,1.26,1.43
7/12/2023,19:30 EDT,NER,2,1.74,1.74,ATL,1,1.47,1.48,1,0.28,0.27,1,1.62,1.09
7/12/2023,19:30 EDT,NYRB,1,1.01,1.01,CIN,2,1.11,1.12,-1,-0.1,-0.1,-1,1.24,1.3
7/8/2023,22:30 EDT,LAFC,1,1.89,1.89,SJE,1,0.68,0.68,0,1.21,1.22,0,2.35,0.43
7/8/2023,22:30 EDT,LAG,2,1.43,1.44,PHI,1,0.6,0.6,1,0.83,0.84,2,2.06,0.68
7/8/2023,22:30 EDT,VAN,2,1.11,1.11,SEA,3,1.91,1.93,-1,-0.8,-0.82,-1,0.8,1.93
7/8/2023,21:30 EDT,RSL,4,1.65,1.65,ORL,0,0.84,0.84,4,0.81,0.8,4,1.98,0.75
7/8/2023,21:30 EDT,COL,2,2.02,2.02,FCD,1,0.49,0.49,1,1.53,1.53,1,2.56,0.3
7/8/2023,20:30 EDT,MIN,1,1.94,1.95,ATX,4,3.36,3.54,-3,-1.42,-1.6,-3,0.62,2.19
7/8/2023,20:30 EDT,CHI,1,0.59,0.59,NSH,0,1.52,1.71,1,-0.93,-1.13,1,0.62,2.14
7/8/2023,20:30 EDT,HOU,2,1.81,1.82,SKC,2,1.19,1.19,0,0.62,0.63,0,1.81,0.92
7/8/2023,19:30 EDT,CLB,1,0.64,0.64,NYC,1,1.39,1.42,0,-0.75,-0.77,0,0.72,2
7/8/2023,19:30 EDT,NYRB,2,2.09,2.1,NER,1,0.7,0.7,1,1.39,1.4,1,2.35,0.46
7/8/2023,19:30 EDT,DCU,2,2.94,2.94,MIA,2,0.61,0.61,0,2.33,2.33,0,2.76,0.16
7/8/2023,19:30 EDT,CLT,2,1,1,CIN,2,1.67,1.67,0,-0.68,-0.68,0,0.8,1.94
7/8/2023,19:30 EDT,TOR,0,0.4,0.4,STL,1,1.36,1.36,-1,-0.96,-0.96,-1,0.56,2.19
7/8/2023,19:30 EDT,MTL,0,0.48,0.49,ATL,1,1.24,1.3,-1,-0.76,-0.81,-1,0.63,2.08
7/5/2023,19:30 EDT,NYC,1,1.94,1.94,CLT,1,0.2,0.2,0,1.74,1.74,0,2.63,0.23
7/4/2023,22:30 EDT,LAG,2,1.59,1.59,LAFC,1,1.46,1.49,1,0.13,0.1,1,1.43,1.31
7/4/2023,20:30 EDT,FCD,0,1.31,1.31,DCU,1,0.64,0.65,-1,0.67,0.66,-1,2.02,0.7
7/4/2023,19:30 EDT,MIA,2,0.83,0.83,CLB,2,2.11,2.12,0,-1.28,-1.28,0,0.5,2.3
7/4/2023,19:30 EDT,ORL,4,2.05,2.06,TOR,0,0.2,0.2,4,1.85,1.86,4,2.67,0.2
7/2/2023,16:00 EDT,ATL,2,0.81,0.82,PHI,0,0.78,0.8,2,0.02,0.02,2,1.31,1.31
7/1/2023,22:30 EDT,SEA,1,1.61,1.62,HOU,0,0.45,0.45,1,1.16,1.16,1,2.3,0.47
7/1/2023,22:30 EDT,SJE,2,1.76,1.76,LAG,2,0.77,0.77,0,0.99,0.99,0,2.14,0.62
7/1/2023,21:03 EDT,MTL,0,0.84,0.84,NYC,1,0.81,0.84,-1,0.02,-0.01,-1,1.3,1.33
7/1/2023,20:30 EDT,SKC,3,1.9,1.9,VAN,0,0.98,0.99,3,0.92,0.92,3,2.01,0.76
7/1/2023,20:30 EDT,STL,2,2.17,2.2,COL,0,0.7,0.7,2,1.47,1.5,2,2.37,0.44
7/1/2023,20:30 EDT,MIN,3,3.11,3.14,POR,1,1.08,1.08,2,2.03,2.05,3,2.62,0.25
7/1/2023,20:30 EDT,NSH,2,0.88,0.88,DCU,0,1.11,1.11,2,-0.23,-0.23,2,1.2,1.5
7/1/2023,20:30 EDT,FCD,2,1.08,1.08,LAFC,0,0.94,0.94,2,0.14,0.14,2,1.45,1.24
7/1/2023,19:30 EDT,CIN,2,1.86,1.86,NER,1,0.45,0.45,1,1.41,1.41,0,2.43,0.4
7/1/2023,19:30 EDT,ORL,3,2.39,2.4,CHI,1,1.77,1.8,2,0.61,0.6,2,1.81,0.95
7/1/2023,19:30 EDT,TOR,0,1.17,1.19,RSL,1,1.67,1.76,-1,-0.5,-0.57,-1,0.96,1.76
7/1/2023,19:30 EDT,MIA,1,2.46,3.19,ATX,1,1,1.01,0,1.46,2.19,0,2.34,0.51
7/1/2023,19:30 EDT,CLB,2,0.97,0.98,NYRB,1,2.01,2.01,1,-1.04,-1.03,1,0.57,2.19
6/24/2023,22:30 EDT,SJE,1,0.9,0.9,STL,2,1.48,1.48,-1,-0.58,-0.57,-1,0.83,1.89
6/24/2023,22:30 EDT,SEA,0,1.43,1.45,ORL,0,1.24,1.3,0,0.19,0.15,0,1.53,1.18
6/24/2023,22:30 EDT,LAFC,2,2.12,2.22,VAN,3,1.98,2.04,-1,0.13,0.18,-1,1.46,1.31
6/24/2023,22:30 EDT,POR,1,1.25,1.25,NYC,1,0.56,0.56,0,0.69,0.69,0,1.97,0.74
6/24/2023,21:30 EDT,ATX,3,1.43,1.43,HOU,0,0.84,0.84,3,0.58,0.58,3,1.86,0.84
6/24/2023,21:30 EDT,COL,0,0.34,0.34,LAG,0,1,1,0,-0.66,-0.66,0,0.66,2
6/24/2023,21:30 EDT,RSL,2,2.41,2.42,MIN,2,1.9,1.99,0,0.51,0.43,0,1.72,1.06
6/24/2023,20:30 EDT,SKC,0,1.02,1.02,CHI,1,0.81,0.81,-1,0.21,0.21,-1,1.54,1.13
6/24/2023,19:30 EDT,CLT,0,1.07,1.07,MTL,0,0.64,0.64,0,0.43,0.43,0,1.71,0.97
6/24/2023,19:30 EDT,NYRB,4,1.11,1.12,ATL,0,0.38,0.38,4,0.74,0.74,4,1.98,0.69
6/24/2023,19:30 EDT,DCU,3,1.68,1.71,CIN,0,0.89,0.89,3,0.79,0.81,3,2.05,0.72
6/24/2023,19:30 EDT,CLB,1,2.04,2.13,NSH,0,0.47,0.47,1,1.56,1.65,2,2.57,0.28
6/24/2023,19:30 EDT,NER,2,0.67,0.67,TOR,1,1.3,1.3,1,-0.63,-0.63,1,0.76,1.96
6/24/2023,19:30 EDT,PHI,3,0.84,0.84,MIA,1,1.41,1.71,2,-0.57,-0.87,3,0.9,1.79
6/21/2023,23:07 EDT,ATX,3,1.44,1.44,FCD,0,1.25,1.3,3,0.19,0.14,3,1.59,1.15
6/21/2023,22:30 EDT,LAFC,1,1.23,1.23,SEA,0,0.48,0.48,1,0.74,0.74,1,2.03,0.68
6/21/2023,22:30 EDT,POR,1,1.58,1.61,CHI,2,1.55,1.56,-1,0.03,0.05,-1,1.39,1.36
6/21/2023,22:30 EDT,LAG,2,1.54,1.54,SKC,2,1.92,1.96,0,-0.38,-0.43,0,1.03,1.71
6/21/2023,20:30 EDT,STL,1,0.81,0.81,RSL,3,1.06,1.06,-2,-0.25,-0.25,-2,1.16,1.54
6/21/2023,20:30 EDT,HOU,4,2.61,2.64,SJE,1,0.7,0.7,3,1.91,1.93,3,2.56,0.29
6/21/2023,19:30 EDT,CIN,3,2.22,2.28,TOR,0,0.67,0.67,3,1.56,1.62,3,2.44,0.39
6/21/2023,19:30 EDT,ATL,2,0.9,0.9,NYC,2,0.48,0.48,0,0.42,0.42,0,1.74,0.87
6/21/2023,19:30 EDT,NYRB,2,1.85,2,CLT,2,0.55,0.55,0,1.3,1.45,0,2.37,0.43
6/21/2023,19:30 EDT,MTL,1,1.08,1.08,NSH,0,1.01,1.01,1,0.06,0.06,1,1.39,1.3
6/21/2023,19:30 EDT,ORL,2,1,1,PHI,2,0.6,0.6,0,0.4,0.4,0,1.76,0.91
6/17/2023,22:30 EDT,SJE,0,0.86,0.88,POR,0,1.58,1.74,0,-0.72,-0.86,0,0.82,1.93
6/17/2023,20:30 EDT,NSH,3,1.7,1.7,STL,1,1.51,1.99,2,0.18,-0.3,2,1.49,1.22
6/17/2023,20:30 EDT,SKC,1,1.94,1.94,LAFC,2,1.43,1.43,-1,0.51,0.51,-1,1.75,0.99
6/17/2023,19:30 EDT,NER,3,1.03,1.03,ORL,1,0.88,0.89,2,0.15,0.15,2,1.52,1.16
6/17/2023,19:30 EDT,DCU,1,1.53,1.63,RSL,2,1.26,1.26,-1,0.27,0.37,-1,1.63,1.09
6/17/2023,15:30 EDT,NYC,1,1.27,1.27,CLB,1,0.97,0.97,0,0.3,0.3,0,1.6,1.09
6/14/2023,22:30 EDT,LAFC,0,0.73,0.73,HOU,1,0.51,0.52,-1,0.21,0.21,-1,1.51,1.1
6/11/2023,22:00 EDT,POR,1,1.56,1.82,FCD,0,0.4,0.41,1,1.15,1.42,1,2.28,0.49
6/11/2023,13:00 EDT,STL,1,1.96,1.99,LAG,1,1.2,1.2,0,0.76,0.8,0,1.95,0.8
6/10/2023,22:30 EDT,VAN,1,1.37,1.38,CIN,1,1.67,1.69,0,-0.31,-0.31,0,1.15,1.58
6/10/2023,22:30 EDT,SJE,2,0.56,0.56,PHI,1,1.45,1.46,1,-0.88,-0.9,1,0.67,2.05
6/10/2023,21:30 EDT,RSL,0,1.93,2,NYC,0,0.28,0.28,0,1.65,1.72,0,2.58,0.28
6/10/2023,20:30 EDT,HOU,4,1.63,1.63,LAFC,0,0.76,0.76,4,0.87,0.87,4,2.16,0.6
6/10/2023,20:30 EDT,SKC,4,1.61,1.66,ATX,1,1.31,1.35,3,0.31,0.31,3,1.6,1.14
6/10/2023,20:30 EDT,CHI,1,0.61,0.61,CLB,2,0.68,0.68,-1,-0.08,-0.08,-1,1.22,1.38
6/10/2023,20:20 EDT,ORL,2,0.9,0.9,COL,0,0.32,0.32,2,0.58,0.58,2,1.87,0.75
6/10/2023,19:30 EDT,TOR,1,1.05,1.08,NSH,1,0.59,0.6,0,0.46,0.48,0,1.69,0.96
6/10/2023,19:30 EDT,CLT,3,0.83,0.85,SEA,3,1.22,1.23,0,-0.39,-0.38,0,1.06,1.63
6/10/2023,19:30 EDT,ATL,3,1.52,1.52,DCU,1,0.75,0.76,2,0.77,0.77,2,2.09,0.64
6/10/2023,19:30 EDT,NER,3,2.02,2.05,MIA,1,1.31,1.31,2,0.71,0.73,2,2.05,0.7
6/10/2023,19:30 EDT,MTL,4,1.48,1.54,MIN,0,1.37,1.39,4,0.11,0.15,4,1.53,1.2
6/7/2023,22:30 EDT,LAFC,0,2.21,2.21,ATL,0,0.25,0.25,0,1.96,1.97,0,2.79,0.13
6/7/2023,20:30 EDT,FCD,2,0.79,0.79,STL,0,1.08,1.08,2,-0.29,-0.29,2,1.09,1.6
6/3/2023,22:30 EDT,VAN,1,1.15,1.19,SKC,1,0.91,0.91,0,0.24,0.28,0,1.63,1.04
6/3/2023,21:30 EDT,COL,0,1.65,1.66,SJE,0,0.57,0.57,0,1.08,1.09,0,2.34,0.46
6/3/2023,20:30 EDT,STL,3,2.4,2.4,HOU,0,1.61,1.64,3,0.78,0.76,3,1.99,0.77
6/3/2023,20:30 EDT,FCD,1,1.35,1.35,NSH,1,0.88,0.89,0,0.47,0.46,-1,1.72,0.95
6/3/2023,20:30 EDT,MIN,1,2.22,2.25,TOR,1,0.52,0.52,0,1.7,1.73,0,2.57,0.28
6/3/2023,20:30 EDT,ATX,1,2.15,2.18,RSL,2,0.87,0.89,-1,1.28,1.3,-1,2.22,0.59
6/3/2023,20:09 EDT,CLB,4,1.87,1.87,CLT,2,1.08,1.09,2,0.79,0.78,2,2.02,0.74
6/3/2023,19:30 EDT,PHI,3,1.74,1.76,MTL,0,1.4,1.4,3,0.34,0.36,3,1.62,1.12
6/3/2023,19:30 EDT,MIA,1,0.09,0.09,DCU,2,2.73,3.5,-1,-2.64,-3.41,-1,0.06,2.9
6/3/2023,19:30 EDT,NYRB,0,1.41,1.44,ORL,3,2.36,2.36,-3,-0.94,-0.92,-3,0.69,2.1
6/3/2023,19:30 EDT,CIN,1,1.42,1.45,CHI,0,0.29,0.29,1,1.13,1.16,1,2.3,0.43
6/3/2023,16:30 EDT,SEA,0,0.28,0.28,POR,0,0.27,0.27,0,0.01,0.01,0,1.2,1.18
6/3/2023,15:30 EDT,NYC,0,1.37,1.37,NER,0,0.6,0.6,0,0.77,0.77,0,1.95,0.76
5/31/2023,22:30 EDT,SEA,0,2.09,2.1,SJE,1,0.64,0.65,-1,1.45,1.45,-1,2.4,0.42
5/31/2023,22:30 EDT,VAN,6,1.95,1.98,HOU,2,2.46,2.56,4,-0.51,-0.58,4,1.09,1.72
5/31/2023,21:35 EDT,SKC,2,0.79,0.79,FCD,1,1.27,1.31,1,-0.48,-0.52,1,0.97,1.74
5/31/2023,21:30 EDT,RSL,2,1.5,1.5,LAG,3,1.88,1.89,-1,-0.38,-0.39,-1,1.04,1.71
5/31/2023,20:30 EDT,ATX,2,1.13,1.16,MIN,1,2.2,2.22,1,-1.07,-1.06,1,0.68,2.1
5/31/2023,20:15 EDT,MIA,0,0.96,0.96,NYRB,1,2.16,2.42,-1,-1.2,-1.46,-1,0.54,2.24
5/31/2023,19:30 EDT,NYC,1,0.75,0.75,CIN,3,1.32,1.32,-2,-0.57,-0.56,-2,0.81,1.9
5/31/2023,19:30 EDT,DCU,2,0.87,0.9,MTL,2,1.15,1.15,0,-0.27,-0.25,0,1.15,1.52
5/31/2023,19:30 EDT,CLB,3,1.08,1.08,COL,2,1.39,1.39,1,-0.3,-0.3,1,1.12,1.6
5/31/2023,19:30 EDT,TOR,0,1.71,1.75,CHI,0,0.42,0.42,0,1.3,1.34,0,2.32,0.48
5/31/2023,19:30 EDT,PHI,0,0.81,0.82,CLT,0,0.24,0.24,0,0.57,0.59,1,1.93,0.68
5/31/2023,19:00 EDT,ATL,3,1.51,1.55,NER,3,1.21,1.21,0,0.3,0.34,0,1.56,1.14
5/28/2023,20:30 EDT,NSH,3,1.77,1.78,CLB,1,0.71,0.71,2,1.06,1.07,2,2.11,0.68
5/28/2023,15:00 EDT,SKC,3,1.7,1.7,POR,1,0.74,0.75,2,0.96,0.95,3,2.16,0.61
5/27/2023,22:30 EDT,LAG,0,1.61,1.62,CLT,1,1.63,1.63,-1,-0.03,-0.01,-1,1.4,1.35
5/27/2023,22:30 EDT,SJE,1,0.52,0.53,FCD,1,0.84,0.84,0,-0.33,-0.32,0,0.99,1.63
5/27/2023,22:30 EDT,SEA,1,1.74,1.74,NYRB,0,1.07,1.07,1,0.66,0.66,1,1.9,0.84
5/27/2023,21:30 EDT,COL,0,0.88,0.89,CIN,1,0.84,0.85,-1,0.04,0.04,-1,1.34,1.31
5/27/2023,20:30 EDT,HOU,2,1.68,1.7,ATX,1,0.91,0.91,1,0.76,0.79,1,2,0.74
5/27/2023,20:30 EDT,STL,2,0.87,0.9,VAN,1,1.27,1.27,1,-0.4,-0.37,2,1.04,1.66
5/27/2023,20:30 EDT,MIN,0,1.66,1.8,RSL,1,0.46,0.46,-1,1.2,1.35,0,2.3,0.49
5/27/2023,19:30 EDT,NER,3,1.97,1.99,CHI,2,0.96,1,1,1.02,0.98,0,2.17,0.65
5/27/2023,19:30 EDT,NYC,1,1.38,1.38,PHI,3,2.15,2.15,-2,-0.77,-0.77,-2,0.81,1.98
5/27/2023,19:30 EDT,TOR,2,0.76,0.76,DCU,1,1.83,1.94,1,-1.07,-1.18,1,0.55,2.25
5/27/2023,19:30 EDT,MTL,1,1.28,1.28,MIA,0,0.82,0.82,1,0.46,0.46,1,1.73,0.98
5/27/2023,19:30 EDT,ORL,1,1.01,1.09,ATL,1,0.49,0.49,0,0.52,0.6,0,1.84,0.84
5/20/2023,22:30 EDT,POR,0,0.92,0.92,MIN,1,0.68,0.68,-1,0.24,0.24,-1,1.51,1.14
5/20/2023,22:30 EDT,LAFC,2,1.76,1.76,SJE,1,0.84,0.86,1,0.92,0.89,1,2.08,0.68
5/20/2023,22:30 EDT,VAN,1,2.73,2.85,SEA,0,0.38,0.38,1,2.36,2.47,2,2.79,0.13
5/20/2023,21:30 EDT,COL,2,1.21,1.21,RSL,3,0.81,0.83,-1,0.4,0.38,-1,1.69,0.99
5/20/2023,21:30 EDT,STL,4,1.89,1.89,SKC,0,2,2.11,4,-0.12,-0.22,4,1.38,1.39
5/20/2023,20:30 EDT,ATX,1,1.56,1.8,TOR,0,0.27,0.27,1,1.29,1.52,1,2.45,0.34
5/20/2023,20:30 EDT,CHI,2,1.11,1.12,ATL,3,2.26,2.28,-1,-1.15,-1.16,0,0.62,2.18
5/20/2023,20:30 EDT,FCD,1,1.87,1.97,HOU,1,0.49,0.49,0,1.38,1.48,0,2.51,0.32
5/20/2023,19:30 EDT,DCU,3,1.95,1.96,LAG,0,1.07,1.2,3,0.88,0.76,3,1.97,0.79
5/20/2023,19:30 EDT,CLT,1,0.98,0.98,NSH,2,1.1,1.21,-1,-0.11,-0.23,-1,1.21,1.44
5/20/2023,19:30 EDT,NYRB,2,2.03,2.05,MTL,1,0.99,1.27,1,1.04,0.78,1,2.23,0.52
5/20/2023,19:30 EDT,PHI,3,2.55,2.56,NER,0,0.75,0.75,3,1.8,1.8,3,2.59,0.28
5/20/2023,19:30 EDT,MIA,1,0.41,0.42,ORL,3,0.98,0.98,-2,-0.57,-0.57,-2,0.77,1.87
5/20/2023,19:30 EDT,CIN,3,2.18,2.18,CLB,2,1.77,1.84,1,0.41,0.34,1,1.71,1.04
5/17/2023,23:12 EDT,RSL,0,0.78,0.78,POR,0,0.36,0.36,0,0.42,0.43,0,1.74,0.83
5/17/2023,22:30 EDT,LAFC,1,1.3,1.3,SKC,1,0.43,0.43,0,0.87,0.87,0,2.11,0.61
5/17/2023,22:30 EDT,SEA,1,1.43,1.43,ATX,2,0.66,0.66,-1,0.76,0.77,-1,1.99,0.73
5/17/2023,20:30 EDT,MIN,1,1.89,1.91,HOU,0,0.88,0.88,1,1.01,1.03,1,2.12,0.66
5/17/2023,20:30 EDT,FCD,2,1.52,1.53,VAN,1,0.69,0.69,1,0.83,0.83,1,2.04,0.7
5/17/2023,20:30 EDT,NSH,2,2.65,2.66,MIA,1,0.83,0.85,1,1.83,1.81,1,2.61,0.28
5/17/2023,19:55 EDT,PHI,0,0.56,0.56,DCU,0,1.76,1.77,0,-1.2,-1.21,0,0.51,2.26
5/17/2023,19:30 EDT,CLT,2,0.49,0.49,CHI,1,1.24,1.32,1,-0.75,-0.83,1,0.66,2.06
5/17/2023,19:30 EDT,ATL,4,4.03,4.17,COL,0,0.31,0.31,4,3.72,3.86,4,2.99,0
5/17/2023,19:30 EDT,CLB,2,2.31,2.31,LAG,0,0.69,0.69,2,1.62,1.62,2,2.58,0.29
5/17/2023,19:30 EDT,CIN,2,1.27,1.27,MTL,0,0.89,0.89,2,0.39,0.39,3,1.67,1.05
5/17/2023,19:30 EDT,ORL,1,0.72,0.72,NYC,1,1.27,1.29,0,-0.55,-0.57,0,0.86,1.85
5/17/2023,19:30 EDT,TOR,0,1.05,1.05,NYRB,0,0.93,0.98,0,0.12,0.07,0,1.49,1.22
5/14/2023,21:30 EDT,LAG,2,1.43,1.43,SJE,1,0.88,0.92,1,0.54,0.51,1,1.87,0.85
5/13/2023,22:30 EDT,POR,3,1.46,1.51,VAN,0,0.65,0.65,3,0.81,0.87,2,2.03,0.68
5/13/2023,21:30 EDT,RSL,0,1.7,1.71,LAFC,3,2.54,2.54,-3,-0.84,-0.83,-3,0.84,1.94
5/13/2023,21:30 EDT,COL,1,1.65,1.67,PHI,2,0.5,0.5,-1,1.15,1.17,-1,2.38,0.41
5/13/2023,20:30 EDT,SKC,3,1.05,1.05,MIN,0,1.56,1.56,3,-0.51,-0.51,3,0.82,1.87
5/13/2023,20:30 EDT,HOU,0,0.5,0.5,SEA,1,2,2,-1,-1.5,-1.5,-1,0.31,2.52
5/13/2023,20:30 EDT,ATX,0,0.56,0.56,FCD,1,1.32,1.34,-1,-0.76,-0.79,-1,0.71,2.01
5/13/2023,19:30 EDT,MIA,2,0.89,0.89,NER,1,1.38,1.38,1,-0.48,-0.48,1,0.93,1.75
5/13/2023,19:30 EDT,CLB,2,3.63,3.68,ORL,2,1.13,1.13,0,2.51,2.55,0,2.72,0.2
5/13/2023,19:30 EDT,DCU,1,0.53,0.53,NSH,1,0.58,0.63,0,-0.05,-0.09,0,1.2,1.4
5/13/2023,19:30 EDT,ATL,1,1.06,1.06,CLT,3,1.76,1.76,-2,-0.69,-0.69,-2,0.78,1.95
5/13/2023,19:30 EDT,NYRB,1,0.36,0.36,NYC,0,0.32,0.32,1,0.04,0.04,1,1.24,1.21
5/13/2023,19:30 EDT,MTL,2,1.59,1.59,TOR,0,0.2,0.2,2,1.39,1.39,2,2.56,0.27
5/13/2023,13:00 EDT,CHI,1,0.77,0.77,STL,0,0.5,0.5,1,0.27,0.27,1,1.48,1.11
5/7/2023,16:30 EDT,SEA,1,1.28,1.29,SKC,2,0.91,0.91,-1,0.37,0.39,-1,1.77,0.91
5/6/2023,22:30 EDT,POR,2,1.32,1.36,ATX,2,1,1,0,0.32,0.36,0,1.67,1.03
5/6/2023,22:30 EDT,VAN,3,2.27,2.28,MIN,2,2.19,2.36,1,0.08,-0.08,1,1.42,1.33
5/6/2023,22:30 EDT,LAG,1,2.63,2.63,COL,3,0.94,0.94,-2,1.69,1.7,-2,2.51,0.34
5/6/2023,20:30 EDT,HOU,0,0.9,0.9,RSL,0,1.15,1.16,0,-0.25,-0.26,0,1.17,1.5
5/6/2023,20:30 EDT,NSH,3,4.5,4.88,CHI,0,0.32,0.32,3,4.18,4.56,3,2.97,0.02
5/6/2023,19:30 EDT,CLT,2,0.94,0.95,NYC,2,1.45,1.45,0,-0.5,-0.5,1,0.89,1.81
5/6/2023,19:30 EDT,CIN,2,1.83,1.83,DCU,1,0.74,0.75,1,1.09,1.09,1,2.31,0.49
5/6/2023,19:30 EDT,MTL,1,0.7,0.7,ORL,0,0.82,0.82,1,-0.12,-0.11,2,1.23,1.4
5/6/2023,19:30 EDT,NYRB,0,1.71,1.71,PHI,1,0.98,0.98,-1,0.73,0.73,-1,1.87,0.82
5/6/2023,19:30 EDT,TOR,0,1.75,1.77,NER,2,1.52,1.55,-2,0.23,0.22,-2,1.5,1.22
5/6/2023,19:30 EDT,SJE,2,1.8,1.81,LAFC,1,0.97,0.98,1,0.83,0.83,1,2.04,0.72
5/6/2023,19:30 EDT,MIA,2,1.32,1.32,ATL,1,0.98,0.99,1,0.34,0.33,1,1.7,1
4/30/2023,21:00 EDT,MIN,0,1.46,1.46,FCD,0,0.98,0.98,0,0.48,0.48,0,1.71,1.02
4/29/2023,22:30 EDT,VAN,0,1.34,1.37,COL,0,1.36,1.38,0,-0.02,-0.02,0,1.26,1.44
4/29/2023,21:30 EDT,RSL,0,0.67,0.67,SEA,0,1.01,1.01,0,-0.34,-0.34,0,0.99,1.68
4/29/2023,20:30 EDT,SKC,0,0.5,0.51,MTL,2,1.07,1.07,-2,-0.56,-0.56,-2,0.74,1.94
4/29/2023,20:30 EDT,ATX,2,1.73,1.87,SJE,2,0.78,0.79,0,0.95,1.09,0,2.13,0.64
4/29/2023,20:30 EDT,STL,1,0.71,0.71,POR,2,1.59,1.71,-1,-0.88,-1,-1,0.69,2.07
4/29/2023,20:30 EDT,CHI,1,0.54,0.54,NYRB,1,1.53,1.56,0,-0.99,-1.02,0,0.57,2.17
4/29/2023,19:30 EDT,CLB,1,1.01,1.02,MIA,2,0.8,0.82,-1,0.21,0.2,-1,1.54,1.16
4/29/2023,19:30 EDT,TOR,1,1.48,1.48,NYC,0,0.23,0.23,1,1.25,1.25,1,2.5,0.3
4/29/2023,19:30 EDT,NER,1,2.71,2.75,CIN,1,1.82,1.85,0,0.89,0.89,0,1.98,0.8
4/29/2023,19:30 EDT,ORL,2,1.32,1.34,LAG,0,1.51,1.51,2,-0.19,-0.17,2,1.28,1.44
4/29/2023,19:30 EDT,DCU,3,2.17,2.19,CLT,0,0.52,0.52,3,1.65,1.67,3,2.59,0.28
4/29/2023,13:30 EDT,NSH,3,2.26,2.3,ATL,1,1.33,1.33,2,0.93,0.97,2,2.1,0.68
4/23/2023,16:30 EDT,ATL,1,1.25,1.25,CHI,1,1.69,1.77,0,-0.44,-0.52,1,1.12,1.63
4/22/2023,22:30 EDT,LAG,2,1.84,1.85,ATX,0,0.91,0.91,2,0.93,0.94,2,2.02,0.74
4/22/2023,22:30 EDT,SEA,1,0.84,0.84,MIN,0,0.47,0.47,1,0.37,0.37,1,1.7,0.92
4/22/2023,21:30 EDT,COL,1,2.74,2.74,STL,1,0.8,0.83,0,1.94,1.92,0,2.57,0.31
4/22/2023,21:30 EDT,RSL,3,1.27,1.27,SJE,1,0.73,0.75,2,0.53,0.52,2,1.83,0.87
4/22/2023,20:30 EDT,NSH,1,1.15,1.15,LAFC,1,1.45,1.46,0,-0.3,-0.31,0,1.26,1.45
4/22/2023,20:30 EDT,HOU,1,0.82,0.82,MIA,0,1.37,1.65,1,-0.54,-0.83,1,0.91,1.78
4/22/2023,19:30 EDT,CIN,2,1.73,1.79,POR,1,1.33,1.33,1,0.39,0.46,1,1.68,1.05
4/22/2023,19:30 EDT,ORL,1,1.29,1.29,DCU,3,1.2,1.2,-2,0.09,0.09,-2,1.39,1.33
4/22/2023,19:30 EDT,CLT,1,0.9,0.95,CLB,0,0.89,0.89,1,0.01,0.06,1,1.26,1.39
4/22/2023,19:30 EDT,NER,2,3.05,3.43,SKC,1,0.82,0.82,1,2.23,2.61,1,2.65,0.23
4/22/2023,19:30 EDT,MTL,1,0.92,1.01,NYRB,0,1.37,1.39,1,-0.45,-0.37,2,0.96,1.75
4/22/2023,19:30 EDT,NYC,3,2.18,2.3,FCD,1,1.51,1.53,2,0.66,0.78,2,1.85,0.9
4/22/2023,19:30 EDT,PHI,3,3.04,3.19,TOR,2,0.84,0.85,1,2.2,2.34,2,2.65,0.24
4/16/2023,16:30 EDT,LAG,2,1.37,1.37,LAFC,3,2.25,2.25,-1,-0.88,-0.88,-1,0.79,1.95
4/15/2023,22:49 EDT,STL,4,1.44,1.46,CIN,1,1.55,1.55,3,-0.11,-0.09,4,1.25,1.49
4/15/2023,22:30 EDT,POR,4,1.82,2.1,SEA,1,1.06,1.06,3,0.76,1.04,3,1.95,0.82
4/15/2023,22:30 EDT,SJE,3,2.04,2.04,SKC,0,0.57,0.58,3,1.46,1.46,3,2.58,0.28
4/15/2023,20:30 EDT,ATX,0,1.05,1.06,VAN,0,1,1.01,0,0.05,0.06,0,1.35,1.34
4/15/2023,20:30 EDT,MIN,1,2.16,2.2,ORL,2,1.02,1.06,-1,1.14,1.14,-1,2.15,0.63
4/15/2023,20:30 EDT,CHI,1,2.01,2.01,PHI,2,2.52,2.52,-1,-0.51,-0.51,0,0.98,1.76
4/15/2023,20:30 EDT,FCD,2,0.87,0.87,RSL,1,1.09,1.12,1,-0.22,-0.25,1,1.15,1.52
4/15/2023,20:11 EDT,NYRB,1,1.77,1.8,HOU,1,0.2,0.2,0,1.57,1.6,0,2.56,0.27
4/15/2023,19:30 EDT,CLB,1,0.86,0.87,NER,0,1.42,1.44,1,-0.56,-0.56,0,0.94,1.77
4/15/2023,19:30 EDT,MTL,0,0.41,0.41,DCU,1,0.64,0.66,-1,-0.23,-0.24,-1,1.02,1.49
4/15/2023,19:30 EDT,TOR,2,0.86,0.86,ATL,2,0.69,0.69,0,0.18,0.18,0,1.5,1.17
4/15/2023,19:30 EDT,NYC,2,1.25,1.25,NSH,1,0.8,0.8,1,0.45,0.45,1,1.65,1.05
4/15/2023,19:30 EDT,CLT,2,0.92,0.92,COL,2,0.98,0.98,0,-0.05,-0.06,0,1.33,1.35
4/8/2023,22:30 EDT,SEA,2,1.42,1.43,STL,0,0.7,0.7,2,0.72,0.72,3,1.99,0.75
4/8/2023,22:30 EDT,VAN,1,2.06,2.08,POR,0,0.5,0.5,1,1.56,1.58,1,2.59,0.25
4/8/2023,21:30 EDT,RSL,3,3.21,3.22,CLT,1,1.11,1.13,2,2.1,2.09,2,2.56,0.34
4/8/2023,20:30 EDT,SKC,0,0.84,0.85,COL,1,0.52,0.52,-1,0.32,0.32,-1,1.53,1.07
4/8/2023,20:30 EDT,CHI,2,0.81,0.82,MIN,1,0.67,0.68,1,0.15,0.14,1,1.43,1.2
4/8/2023,20:30 EDT,HOU,3,1.46,1.46,LAG,0,1.11,1.12,3,0.36,0.34,3,1.75,0.96
4/8/2023,20:30 EDT,NSH,0,0.56,0.56,TOR,0,1.06,1.06,0,-0.5,-0.5,0,0.91,1.75
4/8/2023,19:30 EDT,MIA,0,0.49,0.49,FCD,1,1.92,1.95,-1,-1.43,-1.46,-1,0.4,2.41
4/8/2023,19:30 EDT,NYC,1,1.08,1.26,ATL,1,1.27,1.27,0,-0.19,-0.01,0,1.23,1.47
4/8/2023,19:30 EDT,NER,4,2.53,2.65,MTL,0,0.85,0.86,4,1.68,1.79,4,2.49,0.36
4/8/2023,19:30 EDT,DCU,0,0.49,0.49,CLB,2,1.61,1.62,-2,-1.12,-1.13,-2,0.42,2.38
4/8/2023,19:30 EDT,LAFC,3,1.65,1.68,ATX,0,0.35,0.35,3,1.31,1.33,3,2.36,0.42
4/8/2023,19:30 EDT,CIN,1,1.27,1.27,PHI,0,0.79,0.79,1,0.49,0.48,1,1.81,0.9
4/8/2023,19:30 EDT,NYRB,1,2.13,2.28,SJE,1,1.32,1.32,0,0.81,0.96,0,1.95,0.82
4/1/2023,22:30 EDT,VAN,5,3.56,3.81,MTL,0,0.17,0.17,5,3.39,3.64,5,2.93,0.05
4/1/2023,22:30 EDT,SJE,2,3.09,3.09,HOU,1,1.13,1.13,1,1.96,1.96,1,2.7,0.2
4/1/2023,21:30 EDT,COL,0,0.91,0.91,LAFC,0,0.71,0.72,0,0.2,0.19,0,1.5,1.14
4/1/2023,20:40 EDT,PHI,0,1.31,1.33,SKC,0,0.59,0.59,0,0.72,0.74,0,1.99,0.72
4/1/2023,20:30 EDT,CHI,0,1.04,1.04,DCU,0,0.7,0.7,0,0.34,0.34,0,1.61,1.03
4/1/2023,20:30 EDT,FCD,1,1.05,1.05,POR,1,0.72,0.72,0,0.33,0.34,0,1.66,1.01
4/1/2023,20:30 EDT,STL,0,1.05,1.05,MIN,1,1.79,1.9,-1,-0.73,-0.85,-1,0.75,1.99
4/1/2023,19:30 EDT,LAG,1,2.97,2.99,SEA,2,1.35,1.36,-1,1.61,1.63,-1,2.38,0.46
4/1/2023,19:30 EDT,ORL,0,1.1,1.1,NSH,2,0.52,0.52,-2,0.58,0.58,-2,1.87,0.8
4/1/2023,19:30 EDT,TOR,2,1.99,2.09,CLT,2,1.56,1.56,0,0.43,0.53,0,1.75,1
4/1/2023,19:30 EDT,CIN,1,1.65,1.7,MIA,0,0.67,0.67,1,0.99,1.03,1,2.19,0.58
4/1/2023,19:30 EDT,ATL,1,1.36,1.38,NYRB,0,1,1,1,0.37,0.38,1,1.74,0.97
4/1/2023,19:30 EDT,CLB,4,3.03,3.08,RSL,0,0.58,0.58,4,2.45,2.5,4,2.83,0.11
4/1/2023,19:30 EDT,NER,1,0.82,0.82,NYC,1,1.2,1.21,0,-0.38,-0.39,0,1.02,1.67
3/25/2023,22:30 EDT,SJE,0,0.88,0.88,TOR,0,0.94,0.95,0,-0.06,-0.06,0,1.23,1.41
3/25/2023,22:30 EDT,LAFC,2,1.8,1.8,FCD,1,0.71,0.71,1,1.09,1.09,1,2.24,0.52
3/25/2023,21:30 EDT,RSL,0,1.42,1.42,STL,4,1.27,1.27,-4,0.15,0.15,-4,1.55,1.18
3/25/2023,20:30 EDT,MIN,1,0.83,0.83,VAN,1,2,2.01,0,-1.17,-1.18,0,0.64,2.12
3/25/2023,20:30 EDT,NSH,0,1.36,1.38,CIN,1,1.53,1.55,-1,-0.17,-0.17,-1,1.23,1.52
3/25/2023,20:30 EDT,HOU,1,1.6,1.62,NYC,0,0.41,0.41,1,1.19,1.21,1,2.5,0.31
3/25/2023,20:30 EDT,SKC,1,0.42,0.42,SEA,4,1.98,1.98,-3,-1.57,-1.56,-3,0.28,2.58
3/25/2023,20:30 EDT,ATX,1,1.13,1.13,COL,1,1.93,2.08,0,-0.81,-0.95,0,0.76,2
3/25/2023,19:30 EDT,CLT,0,0.61,0.62,NYRB,1,1.09,1.13,-1,-0.47,-0.51,0,0.92,1.76
3/25/2023,19:30 EDT,PHI,1,1.94,1.96,ORL,2,2.01,2.06,-1,-0.07,-0.09,-1,1.29,1.46
3/25/2023,19:30 EDT,DCU,1,1.39,1.4,NER,2,1.83,1.89,-1,-0.44,-0.5,-1,1.02,1.74
3/25/2023,19:30 EDT,CLB,6,1.79,1.79,ATL,1,0.1,0.1,5,1.68,1.68,5,2.67,0.19
3/25/2023,19:30 EDT,MIA,2,0.79,0.79,CHI,3,1.58,1.62,-1,-0.8,-0.84,-1,0.76,1.99
3/25/2023,16:30 EDT,POR,0,0.97,0.97,LAG,0,1.15,1.15,0,-0.17,-0.17,0,1.17,1.53
3/18/2023,22:30 EDT,LAG,1,1.73,1.73,VAN,1,1.16,1.16,0,0.57,0.57,0,1.83,0.91
3/18/2023,21:30 EDT,COL,1,0.95,0.98,MIN,2,1.1,1.1,-1,-0.16,-0.12,-1,1.13,1.53
3/18/2023,20:30 EDT,STL,3,2.69,2.75,SJE,0,1.11,1.15,3,1.58,1.61,3,2.42,0.43
3/18/2023,20:30 EDT,FCD,2,0.81,0.84,SKC,1,1.42,1.42,1,-0.61,-0.58,1,0.75,1.97
3/18/2023,20:30 EDT,HOU,2,1.77,1.79,ATX,0,1.2,1.21,2,0.57,0.57,2,1.81,0.91
3/18/2023,20:30 EDT,CHI,3,1.87,1.91,CIN,3,1.3,1.3,0,0.58,0.61,0,1.78,0.95
3/18/2023,19:30 EDT,ATL,5,3.28,3.28,POR,1,0.89,0.89,4,2.39,2.39,4,2.65,0.25
3/18/2023,19:30 EDT,ORL,1,1.4,1.44,CLT,2,0.7,0.7,-1,0.7,0.74,-1,1.92,0.78
3/18/2023,19:30 EDT,MTL,3,1.7,1.76,PHI,2,0.96,0.96,1,0.74,0.8,1,1.95,0.79
3/18/2023,19:30 EDT,TOR,2,1.74,1.75,MIA,0,0.57,0.58,2,1.16,1.18,2,2.25,0.53
3/18/2023,19:30 EDT,NYC,3,1.46,1.46,DCU,2,0.88,0.88,1,0.59,0.59,1,1.87,0.87
3/18/2023,19:30 EDT,NYRB,2,1.34,1.4,CLB,1,0.46,0.46,1,0.88,0.95,1,2.06,0.64
3/18/2023,19:30 EDT,NER,1,1.12,1.12,NSH,0,1.54,1.56,1,-0.42,-0.44,1,1,1.74
3/18/2023,16:00 EDT,SEA,0,1.07,1.3,LAFC,0,0.92,0.92,0,0.15,0.38,0,1.45,1.23
3/12/2023,22:30 EDT,LAFC,4,3.21,3.21,NER,0,0.25,0.25,4,2.96,2.96,4,2.96,0.03
3/11/2023,22:30 EST,SJE,1,1.26,1.27,COL,0,0.27,0.27,1,0.99,1,1,2.21,0.49
3/11/2023,22:30 EST,POR,1,0.89,0.91,STL,2,0.92,0.92,-1,-0.03,-0.01,-1,1.29,1.35
3/11/2023,21:30 EST,RSL,1,0.95,0.95,ATX,2,1.13,1.15,-1,-0.17,-0.19,-1,1.17,1.51
3/11/2023,20:30 EST,NSH,2,1.42,1.42,MTL,0,0.37,0.37,2,1.06,1.06,2,2.26,0.49
3/11/2023,20:30 EST,SKC,0,1.34,1.35,LAG,0,0.36,0.36,0,0.98,0.99,0,2.18,0.53
3/11/2023,20:30 EST,MIN,1,1.34,1.65,NYRB,1,1.16,1.16,0,0.19,0.5,0,1.5,1.18
3/11/2023,19:30 EST,DCU,1,1.67,1.69,ORL,1,1,1,0,0.66,0.69,0,1.85,0.86
3/11/2023,19:30 EST,TOR,1,0.76,0.76,CLB,1,1.84,1.89,0,-1.08,-1.12,0,0.52,2.27
3/11/2023,19:30 EST,NYC,0,1.01,1.01,MIA,0,0.27,0.27,0,0.74,0.75,1,2.02,0.62
3/11/2023,19:30 EST,CIN,1,0.67,0.67,SEA,0,0.6,0.6,1,0.07,0.07,1,1.39,1.22
3/11/2023,19:30 EST,PHI,1,0.71,0.71,CHI,0,1.04,1.04,1,-0.33,-0.33,1,1.11,1.54
3/11/2023,17:00 EST,VAN,0,1.02,1.02,FCD,1,1.1,1.1,-1,-0.07,-0.07,0,1.34,1.36
3/11/2023,12:00 EST,CLT,0,1.71,1.72,ATL,3,1.26,1.26,-3,0.45,0.46,-3,1.73,1.03
3/4/2023,22:30 EST,SEA,2,2.61,2.71,RSL,0,0.44,0.44,2,2.18,2.27,2,2.71,0.2
3/4/2023,22:30 EST,SJE,2,1.86,1.87,VAN,1,0.89,0.9,1,0.98,0.98,1,2.03,0.74
3/4/2023,21:30 EST,COL,0,1.64,1.64,SKC,0,0.81,0.81,0,0.82,0.82,0,2.05,0.7
3/4/2023,20:30 EST,ATX,1,1.55,1.55,MTL,0,0.7,0.7,1,0.85,0.84,1,2.05,0.68
3/4/2023,20:30 EST,CHI,1,0.94,0.95,NYC,1,1.37,1.4,0,-0.43,-0.45,0,1.02,1.69
3/4/2023,20:30 EST,FCD,3,1.58,1.58,LAG,1,1.65,1.65,2,-0.07,-0.07,2,1.38,1.34
3/4/2023,20:30 EST,STL,2,1.52,1.52,CLT,1,0.54,0.54,1,0.98,0.97,2,2.2,0.53
3/4/2023,19:30 EST,MIA,2,0.56,0.56,PHI,0,1,1,2,-0.45,-0.45,2,0.89,1.77
3/4/2023,19:30 EST,ORL,0,0.35,0.36,CIN,0,1.39,1.4,0,-1.04,-1.04,0,0.5,2.22
3/4/2023,19:30 EST,NYRB,0,0.47,0.47,NSH,0,0.27,0.27,0,0.2,0.2,0,1.43,1.03
3/4/2023,19:30 EST,ATL,1,0.75,0.76,TOR,1,0.31,0.31,0,0.45,0.45,0,1.7,0.86
3/4/2023,19:30 EST,CLB,2,1.13,1.13,DCU,0,1.33,1.34,2,-0.2,-0.21,2,1.17,1.54
3/4/2023,19:30 EST,NER,3,1.27,1.27,HOU,0,0.66,0.66,3,0.61,0.61,3,1.93,0.78
3/4/2023,16:30 EST,LAFC,3,2.09,2.09,POR,2,1.12,1.23,1,0.97,0.86,1,2.12,0.67
2/27/2023,22:00 EST,POR,1,0.59,0.59,SKC,0,0.99,1,1,-0.4,-0.41,1,0.99,1.68
2/26/2023,20:00 EST,SEA,4,3.77,4.46,COL,0,1.24,1.26,4,2.53,3.2,4,2.69,0.22
2/25/2023,22:30 EST,VAN,1,2.13,2.14,RSL,2,1.44,1.45,-1,0.69,0.69,-1,1.84,0.93
2/25/2023,20:30 EST,FCD,0,0.61,0.62,MIN,1,0.74,0.75,-1,-0.13,-0.14,-1,1.12,1.47
2/25/2023,20:30 EST,ATX,2,1.32,1.34,STL,3,1.93,1.94,-1,-0.61,-0.61,-1,0.88,1.9
2/25/2023,19:30 EST,DCU,3,1.18,1.19,TOR,2,1.82,1.86,1,-0.64,-0.67,1,0.81,1.9
2/25/2023,19:30 EST,PHI,4,3.07,3.38,CLB,0,0.74,0.74,4,2.32,2.64,3,2.8,0.13
2/25/2023,19:30 EST,MIA,2,2.32,2.59,MTL,0,1.77,1.79,2,0.55,0.8,2,1.78,0.99
2/25/2023,19:30 EST,CIN,2,1.87,1.97,HOU,1,1.6,1.63,1,0.27,0.34,1,1.65,1.12
2/25/2023,19:30 EST,ORL,1,0.98,1.04,NYRB,0,0.93,0.94,1,0.05,0.1,1,1.41,1.23
2/25/2023,19:30 EST,CLT,0,1.16,1.16,NER,1,1.14,1.15,-1,0.02,0.01,-1,1.36,1.35
2/25/2023,19:30 EST,ATL,2,1.94,1.97,SJE,1,1.35,1.35,1,0.59,0.61,1,1.83,0.92
2/25/2023,16:30 EST,NSH,2,1.2,1.2,NYC,0,0.42,0.42,2,0.78,0.78,2,2.06,0.66
10/9/2022,17:00 EDT,ATX,1,1.75,1.77,COL,1,1.27,1.27,0,0.48,0.5,0,1.76,0.95
10/9/2022,17:00 EDT,HOU,1,0.66,0.7,LAG,3,2.25,2.26,-2,-1.59,-1.56,-2,0.38,2.46
10/9/2022,17:00 EDT,MIN,2,1.06,1.07,VAN,0,0.62,0.62,2,0.44,0.44,2,1.75,0.94
10/9/2022,17:00 EDT,SEA,2,0.79,0.8,SJE,2,0.98,0.99,0,-0.18,-0.2,0,1.18,1.46
10/9/2022,17:00 EDT,FCD,2,1.27,1.27,SKC,1,0.92,0.92,1,0.35,0.34,1,1.6,1.11
10/9/2022,17:00 EDT,RSL,3,1.57,1.58,POR,1,0.89,0.89,2,0.68,0.69,2,1.92,0.81
10/9/2022,17:00 EDT,LAFC,0,4.16,4.25,NSH,1,1.84,1.97,-1,2.32,2.28,-1,2.59,0.31
10/9/2022,14:30 EDT,ATL,1,1.84,1.84,NYC,2,1.53,1.53,-1,0.32,0.31,-1,1.6,1.14
10/9/2022,14:30 EDT,MIA,0,0.75,0.75,MTL,3,2.17,2.17,-3,-1.42,-1.42,-2,0.35,2.49
10/9/2022,14:30 EDT,NYRB,2,0.79,0.79,CLT,0,0.76,0.76,2,0.03,0.03,2,1.37,1.27
10/9/2022,14:30 EDT,ORL,2,1.07,1.16,CLB,1,1.02,1.02,1,0.05,0.15,1,1.4,1.28
10/9/2022,14:30 EDT,PHI,4,2.42,2.47,TOR,0,0.38,0.38,4,2.04,2.09,4,2.7,0.19
10/9/2022,14:30 EDT,CHI,1,1.77,1.79,NER,1,1.77,1.77,0,0,0.02,0,1.31,1.45
10/9/2022,14:30 EDT,DCU,2,0.4,0.4,CIN,5,2.05,2.05,-3,-1.65,-1.65,-3,0.26,2.6
10/5/2022,20:00 EDT,MIA,4,1.8,1.8,ORL,1,0.75,0.75,3,1.06,1.06,3,2.29,0.48
10/5/2022,19:00 EDT,CLT,2,2.55,2.64,CLB,2,1.79,1.8,0,0.76,0.84,0,1.93,0.87
10/2/2022,20:30 EDT,NSH,1,1.27,1.27,HOU,2,1.8,1.8,-1,-0.53,-0.53,-1,0.86,1.9
10/2/2022,17:00 EDT,SKC,1,1.72,1.79,SEA,0,0.83,0.83,1,0.89,0.95,1,2.08,0.69
10/2/2022,15:00 EDT,POR,1,1.28,1.3,LAFC,2,1.44,1.44,-1,-0.16,-0.15,-1,1.28,1.45
10/2/2022,13:00 EDT,NYC,2,2.34,2.46,ORL,1,1.46,1.46,1,0.88,1,1,2.01,0.76
10/1/2022,22:30 EDT,LAG,1,2.49,2.5,RSL,1,1.54,1.54,0,0.95,0.96,0,2.07,0.7
10/1/2022,22:00 EDT,SJE,2,1.56,1.56,MIN,0,0.98,1,2,0.58,0.56,2,1.78,0.94
10/1/2022,22:00 EDT,VAN,2,1.83,1.83,ATX,0,1.13,1.13,2,0.7,0.7,2,1.87,0.88
10/1/2022,19:30 EDT,MTL,0,2.25,2.25,DCU,0,0.76,0.76,0,1.48,1.48,1,2.52,0.32
10/1/2022,19:30 EDT,CIN,2,2.88,3.01,CHI,3,2.16,2.16,-1,0.71,0.85,-1,1.79,1
10/1/2022,19:30 EDT,CLB,2,1.13,1.2,NYRB,1,0.57,0.57,1,0.56,0.63,1,1.86,0.81
10/1/2022,17:30 EDT,CLT,4,2.62,2.68,PHI,0,0.62,0.63,4,2,2.06,4,2.73,0.2
10/1/2022,15:30 EDT,COL,1,0.78,0.78,FCD,0,0.62,0.65,1,0.16,0.13,1,1.47,1.14
10/1/2022,13:30 EDT,NER,2,2.1,2.3,ATL,1,1.36,1.37,1,0.74,0.94,1,1.97,0.81
9/30/2022,19:30 EDT,TOR,0,0.85,0.85,MIA,1,1.26,1.31,-1,-0.41,-0.46,-1,1.02,1.67
9/27/2022,22:00 EDT,SEA,1,0.4,0.4,CIN,1,2.01,2.01,0,-1.61,-1.61,0,0.28,2.58
9/24/2022,22:00 EDT,SJE,2,1.92,2.02,LAG,3,1.44,1.44,-1,0.48,0.58,-1,1.76,0.99
9/18/2022,22:30 EDT,LAFC,3,2.71,2.79,HOU,1,1.17,1.17,2,1.54,1.62,2,2.48,0.37
9/18/2022,17:00 EDT,DCU,2,1.15,1.15,MIA,3,1.01,1.01,-1,0.14,0.14,-1,1.42,1.26
9/18/2022,13:00 EDT,CLB,1,1.1,1.1,POR,1,0.65,0.65,0,0.45,0.45,0,1.7,0.96
9/17/2022,22:30 EDT,SJE,1,1.83,1.86,FCD,1,0.75,0.75,0,1.09,1.12,0,2.22,0.54
9/17/2022,22:30 EDT,LAG,4,2.16,2.25,COL,1,1.24,1.24,3,0.92,1,3,2.02,0.77
9/17/2022,22:00 EDT,VAN,2,1.05,1.14,SEA,1,0.75,0.75,1,0.31,0.39,1,1.62,1.05
9/17/2022,21:30 EDT,RSL,1,1.95,1.95,CIN,2,0.69,0.69,-1,1.26,1.26,-1,2.28,0.51
9/17/2022,21:00 EDT,ATX,1,0.67,0.71,NSH,1,1.4,1.41,0,-0.73,-0.7,0,0.69,2.02
9/17/2022,20:30 EDT,SKC,3,1.83,1.86,MIN,1,0.72,0.72,2,1.11,1.14,3,2.19,0.59
9/17/2022,20:00 EDT,CHI,2,1.14,1.15,CLT,3,1.97,2.17,-1,-0.84,-1.02,-1,0.79,1.98
9/17/2022,19:30 EDT,ORL,3,1.03,1.03,TOR,0,0.78,0.78,3,0.25,0.25,4,1.55,1.12
9/17/2022,19:30 EDT,NER,0,0.86,0.86,MTL,1,1.24,1.24,-1,-0.38,-0.38,-1,1.05,1.66
9/17/2022,15:30 EDT,ATL,0,1.4,1.47,PHI,0,0.16,0.16,0,1.24,1.32,0,2.44,0.34
9/17/2022,13:00 EDT,NYC,2,0.87,0.87,NYRB,0,0.7,0.71,2,0.17,0.16,2,1.53,1.11
9/14/2022,22:00 EDT,VAN,3,1.48,1.51,LAG,0,0.67,0.67,3,0.82,0.84,3,2.01,0.73
9/14/2022,22:00 EDT,COL,2,0.83,0.83,SJE,1,1.4,1.4,1,-0.57,-0.57,1,0.93,1.8
9/14/2022,21:15 EDT,ATX,3,1.98,2.02,RSL,0,1.17,1.17,3,0.81,0.86,3,2,0.79
9/14/2022,18:55 EDT,ORL,0,1.26,1.26,ATL,1,1.43,1.43,-1,-0.17,-0.17,-1,1.23,1.53
9/13/2022,20:30 EDT,HOU,3,4.15,4.59,NER,1,1.93,1.95,2,2.22,2.64,2,2.62,0.28
9/13/2022,20:30 EDT,SKC,3,1.58,1.58,DCU,0,0.65,0.65,3,0.93,0.93,3,2.14,0.61
9/13/2022,20:00 EDT,MIA,2,1.03,1.03,CLB,1,0.89,0.89,1,0.14,0.14,1,1.48,1.23
9/13/2022,20:00 EDT,MIN,1,1.65,1.69,LAFC,1,0.63,0.63,0,1.02,1.06,0,2.17,0.61
9/13/2022,19:30 EDT,MTL,3,0.78,0.78,CHI,2,1.8,1.8,1,-1.02,-1.02,1,0.46,2.34
9/10/2022,22:00 EDT,POR,1,1.2,1.2,MIN,0,2.53,2.64,1,-1.33,-1.43,1,0.57,2.25
9/10/2022,21:30 EDT,RSL,0,1.11,1.11,DCU,0,0.84,0.86,0,0.27,0.25,0,1.52,1.16
9/10/2022,21:30 EDT,COL,3,2.13,2.14,VAN,1,1.21,1.22,2,0.92,0.91,2,2.1,0.7
9/10/2022,20:30 EDT,FCD,2,1.17,1.21,LAFC,1,1.48,1.66,1,-0.31,-0.45,1,1.1,1.62
9/10/2022,20:30 EDT,HOU,0,1.06,1.1,SKC,0,1.16,1.18,0,-0.1,-0.08,0,1.25,1.47
9/10/2022,20:00 EDT,CHI,3,1.67,1.68,MIA,1,1.07,1.07,2,0.6,0.61,2,1.82,0.86
9/10/2022,20:00 EDT,SEA,2,1.26,1.26,ATX,0,1.21,1.32,2,0.05,-0.06,3,1.38,1.3
9/10/2022,19:30 EDT,CIN,6,4.03,4.16,SJE,0,0.91,0.95,6,3.11,3.21,6,2.84,0.1
9/10/2022,19:30 EDT,PHI,4,3.08,3.22,ORL,1,0.55,0.55,3,2.53,2.67,4,2.81,0.13
9/10/2022,19:30 EDT,ATL,4,3.76,3.84,TOR,2,1.91,1.95,2,1.85,1.89,2,2.47,0.39
9/10/2022,18:00 EDT,NYRB,2,1.48,1.48,NER,1,0.53,0.53,1,0.95,0.95,1,2.29,0.47
9/10/2022,15:30 EDT,NSH,1,1.36,1.44,LAG,1,2.72,2.85,0,-1.36,-1.42,0,0.53,2.28
9/10/2022,13:00 EDT,CLT,1,0.95,0.95,NYC,0,1.03,1.03,1,-0.07,-0.08,1,1.27,1.42
9/9/2022,19:30 EDT,MTL,2,1.92,1.93,CLB,2,0.73,0.73,0,1.19,1.2,0,2.29,0.52
9/7/2022,20:00 EDT,NYC,1,1.57,1.59,CIN,0,0.15,0.15,1,1.42,1.43,0,2.53,0.28
9/4/2022,22:30 EDT,LAFC,2,2.66,2.68,RSL,0,0.55,0.55,2,2.11,2.13,2,2.68,0.21
9/4/2022,21:30 EDT,SJE,2,0.75,0.75,VAN,0,1.26,1.26,2,-0.52,-0.52,2,0.85,1.85
9/4/2022,21:00 EDT,SEA,2,2.25,2.28,HOU,1,0.29,0.29,1,1.96,1.99,1,2.77,0.14
9/4/2022,20:00 EDT,LAG,2,2.26,2.3,SKC,2,1.71,1.81,0,0.55,0.49,0,1.91,0.86
9/4/2022,20:00 EDT,NER,3,0.71,0.71,NYC,0,2.38,2.44,3,-1.67,-1.73,3,0.32,2.54
9/4/2022,19:30 EDT,DCU,0,2.08,2.09,COL,0,1.14,1.14,0,0.94,0.95,0,2.1,0.67
9/4/2022,19:30 EDT,TOR,3,1.73,1.73,MTL,4,1.92,2.07,-1,-0.19,-0.34,-1,1.2,1.52
9/4/2022,17:30 EDT,POR,2,2.84,2.85,ATL,1,0.95,1.05,1,1.89,1.79,1,2.6,0.28
9/3/2022,21:29 EDT,NSH,3,1.53,1.53,ATX,0,0.71,0.71,3,0.82,0.82,3,2,0.73
9/3/2022,19:30 EDT,CIN,2,1.19,1.21,CLT,0,0.94,0.94,2,0.25,0.27,2,1.6,1.11
9/3/2022,19:00 EDT,NYRB,0,1.5,1.76,PHI,2,0.77,0.77,-2,0.73,0.98,-2,1.95,0.77
9/3/2022,17:30 EDT,CLB,0,1.04,1.04,CHI,0,0.29,0.29,0,0.75,0.75,0,1.97,0.69
9/3/2022,15:30 EDT,MIN,0,1.21,1.21,FCD,2,0.94,0.95,-2,0.26,0.25,-3,1.55,1.14
8/31/2022,22:51 EDT,ATX,1,2.5,2.54,POR,2,2.1,2.25,-1,0.4,0.28,-1,1.66,1.12
8/31/2022,21:30 EDT,RSL,3,1.43,1.43,MIN,0,0.25,0.25,3,1.18,1.18,3,2.44,0.35
8/31/2022,21:22 EDT,ORL,3,3.82,3.92,SEA,2,1.17,1.17,1,2.65,2.75,1,2.83,0.11
8/31/2022,20:30 EDT,NSH,4,2.81,2.96,COL,1,1.15,1.15,3,1.66,1.82,3,2.42,0.4
8/31/2022,20:30 EDT,HOU,2,1.57,1.6,LAFC,1,3.04,3.22,1,-1.48,-1.62,1,0.53,2.32
8/31/2022,20:00 EDT,NYC,1,0.31,0.31,DCU,2,1.12,1.12,-1,-0.82,-0.82,-1,0.42,2.34
8/31/2022,19:30 EDT,NER,0,1.07,1.07,CHI,0,1.63,1.69,0,-0.56,-0.62,0,0.91,1.8
8/31/2022,19:30 EDT,CLB,1,0.73,0.73,MIA,0,0.42,0.42,1,0.31,0.31,1,1.57,0.99
8/31/2022,19:30 EDT,MTL,0,0.8,0.8,NYRB,1,0.9,0.9,-1,-0.1,-0.1,-1,1.19,1.45
8/31/2022,19:30 EDT,TOR,2,1.58,1.59,LAG,2,0.81,0.81,0,0.77,0.77,0,2.05,0.69
8/31/2022,19:00 EDT,PHI,4,2.83,3.07,ATL,1,1.82,2.01,3,1.01,1.06,3,2.05,0.76
8/28/2022,20:00 EDT,NER,1,1.9,1.93,LAG,2,1.08,1.08,-1,0.83,0.86,-1,1.93,0.83
8/28/2022,19:30 EDT,ORL,2,1.18,1.18,NYC,1,0.55,0.55,1,0.63,0.64,1,1.96,0.76
8/28/2022,16:00 EDT,ATL,3,2.6,2.63,DCU,2,1.29,1.3,1,1.31,1.33,1,2.22,0.57
8/27/2022,22:00 EDT,VAN,0,0.69,0.69,NSH,3,1.99,2.05,-3,-1.3,-1.35,-3,0.41,2.4
8/27/2022,21:00 EDT,FCD,1,0.85,0.86,RSL,1,0.9,0.9,0,-0.06,-0.05,0,1.35,1.32
8/27/2022,20:30 EDT,SKC,1,1.53,1.54,SJE,0,0.68,0.68,1,0.85,0.86,1,2.03,0.71
8/27/2022,20:10 EDT,CLT,0,1.22,1.25,TOR,2,0.56,0.56,-2,0.66,0.69,-2,1.96,0.75
8/27/2022,20:00 EDT,CHI,0,0.78,0.78,MTL,2,0.95,0.95,-2,-0.18,-0.18,-2,1.11,1.56
8/27/2022,19:30 EDT,PHI,6,5.32,5.39,COL,0,0.93,1.26,6,4.39,4.13,6,2.98,0.01
8/27/2022,19:30 EDT,CIN,2,1.77,1.78,CLB,2,0.41,0.41,0,1.35,1.37,0,2.46,0.35
8/27/2022,19:00 EDT,NYRB,3,1.56,1.58,MIA,1,2.37,2.38,2,-0.81,-0.8,2,0.78,2.01
8/27/2022,15:30 EDT,MIN,1,1.25,1.33,HOU,1,0.57,0.57,0,0.69,0.76,1,1.99,0.73
8/26/2022,22:00 EDT,POR,2,2.59,2.59,SEA,1,0.57,0.57,1,2.02,2.02,1,2.72,0.18
8/26/2022,20:00 EDT,ATX,4,0.75,0.75,LAFC,1,1.95,2.02,3,-1.2,-1.27,3,0.59,2.19
8/21/2022,20:30 EDT,NSH,4,2.08,2.12,FCD,0,0.22,0.22,4,1.87,1.9,4,2.68,0.2
8/21/2022,19:55 EDT,SKC,4,1.75,1.77,POR,1,1.31,1.31,3,0.45,0.46,3,1.73,1.03
8/21/2022,19:00 EDT,CLT,1,1.09,1.09,ORL,2,1.3,1.37,-1,-0.2,-0.28,-1,1.24,1.44
8/21/2022,18:48 EDT,CLB,2,1.19,1.19,ATL,2,1.91,2.07,0,-0.72,-0.88,0,0.91,1.86
8/21/2022,18:00 EDT,CHI,0,1.23,1.29,NYC,2,0.95,0.95,-2,0.27,0.34,-2,1.63,1.08
8/20/2022,22:00 EDT,RSL,1,0.97,0.98,VAN,1,0.93,0.93,0,0.04,0.05,0,1.37,1.3
8/20/2022,22:00 EDT,SJE,2,0.85,0.85,LAFC,1,1.33,1.33,1,-0.48,-0.48,1,0.92,1.77
8/20/2022,21:00 EDT,COL,1,0.77,0.77,HOU,1,0.54,0.54,0,0.23,0.23,0,1.51,1.1
8/20/2022,20:00 EDT,MIN,2,2.14,2.14,ATX,1,1.12,1.12,1,1.02,1.02,1,2.27,0.5
8/20/2022,20:00 EDT,MIA,2,0.89,0.89,TOR,1,0.95,0.95,1,-0.07,-0.07,1,1.35,1.32
8/20/2022,19:30 EDT,MTL,4,3.38,3.4,NER,0,1.29,1.3,4,2.09,2.1,4,2.62,0.26
8/20/2022,19:30 EDT,DCU,0,1.12,1.17,PHI,6,3.13,3.25,-6,-2.01,-2.08,-6,0.32,2.54
8/20/2022,18:00 EDT,NYRB,1,1.75,1.75,CIN,1,0.32,0.32,0,1.43,1.43,0,2.6,0.24
8/19/2022,22:00 EDT,LAG,3,1.4,1.49,SEA,3,2.28,2.63,0,-0.88,-1.14,0,0.74,2.03
8/17/2022,22:00 EDT,VAN,2,0.88,0.88,COL,1,2.31,2.34,1,-1.43,-1.46,1,0.43,2.41
8/17/2022,21:00 EDT,FCD,1,0.99,0.99,PHI,0,0.62,0.62,1,0.37,0.37,1,1.66,1.01
8/17/2022,20:00 EDT,NYC,1,1.47,1.47,CLT,3,1.34,1.34,-2,0.13,0.13,-2,1.43,1.28
8/17/2022,19:30 EDT,TOR,2,1.74,1.74,NER,2,1.05,1.57,0,0.68,0.16,0,1.9,0.83
8/17/2022,19:30 EDT,ATL,1,1.08,1.08,NYRB,2,0.87,0.87,-1,0.21,0.21,-1,1.62,1.07
8/16/2022,22:30 EDT,LAFC,1,2.09,2.15,DCU,0,0.62,0.65,1,1.46,1.5,1,2.39,0.43
8/14/2022,22:00 EDT,SEA,1,1.8,1.81,RSL,2,1.19,1.33,-1,0.61,0.48,-1,1.83,0.9
8/14/2022,21:25 EDT,NSH,1,1.57,1.58,MIN,2,0.63,0.63,-1,0.94,0.94,-1,2.11,0.65
8/13/2022,22:30 EDT,LAFC,4,2.76,2.76,CLT,0,0.27,0.27,4,2.49,2.49,5,2.79,0.13
8/13/2022,22:00 EDT,LAG,5,1.98,1.98,VAN,2,0.82,0.82,3,1.16,1.16,3,2.3,0.49
8/13/2022,21:00 EDT,COL,1,1.3,1.36,CLB,1,1.42,1.43,0,-0.13,-0.07,0,1.27,1.45
8/13/2022,21:00 EDT,ATX,4,1.16,1.17,SKC,3,2.64,2.78,1,-1.49,-1.61,1,0.46,2.4
8/13/2022,21:00 EDT,FCD,4,1.35,1.35,SJE,1,0.59,0.59,3,0.76,0.76,3,2.06,0.67
8/13/2022,21:00 EDT,HOU,2,0.81,0.81,MTL,3,2.25,2.28,-1,-1.44,-1.47,-1,0.34,2.51
8/13/2022,20:00 EDT,MIA,3,2.46,2.46,NYC,2,2.21,2.27,1,0.25,0.19,1,1.52,1.24
8/13/2022,19:30 EDT,NER,1,2.36,2.4,DCU,0,0.56,0.58,1,1.8,1.83,1,2.58,0.28
8/13/2022,19:30 EDT,TOR,3,3.05,3.12,POR,1,0.45,0.45,2,2.6,2.67,2,2.82,0.11
8/13/2022,19:30 EDT,CIN,2,1.68,1.7,ATL,2,1.56,1.59,0,0.13,0.11,0,1.46,1.32
8/13/2022,19:30 EDT,PHI,4,3.35,3.44,CHI,1,1.63,1.78,3,1.72,1.66,3,2.41,0.44
8/13/2022,18:00 EDT,NYRB,0,0.61,0.61,ORL,1,0.22,0.22,-1,0.39,0.39,-1,1.68,0.83
8/6/2022,22:30 EDT,POR,1,1.65,1.75,FCD,0,1.24,1.24,1,0.41,0.51,0,1.63,1.07
8/6/2022,22:00 EDT,RSL,1,0.88,0.88,LAFC,4,1.5,1.53,-3,-0.62,-0.66,-3,0.84,1.91
8/6/2022,21:00 EDT,ATX,3,1.98,2.08,SJE,3,0.79,0.79,0,1.19,1.29,0,2.15,0.64
8/6/2022,21:00 EDT,COL,4,3.52,3.57,MIN,3,2.08,2.14,1,1.45,1.43,1,2.22,0.63
8/6/2022,20:30 EDT,SKC,4,3.05,3.08,LAG,2,1.17,1.17,2,1.89,1.91,2,2.59,0.28
8/6/2022,20:00 EDT,NSH,3,2.46,2.5,TOR,4,1.85,1.85,-1,0.61,0.65,-1,1.8,0.94
8/6/2022,19:30 EDT,MTL,2,1.72,1.82,MIA,2,0.97,1.1,0,0.75,0.72,0,2,0.75
8/6/2022,19:30 EDT,DCU,0,0.14,0.14,NYRB,0,0.92,0.92,0,-0.78,-0.78,0,0.52,2.12
8/6/2022,19:30 EDT,ORL,0,1.18,1.18,NER,3,0.75,0.75,-3,0.44,0.44,-3,1.62,1.06
8/6/2022,19:30 EDT,CIN,3,2.15,2.15,PHI,1,1.62,1.62,2,0.53,0.53,2,1.77,0.99
8/6/2022,19:30 EDT,CLB,3,0.84,0.84,NYC,1,1.21,1.34,2,-0.37,-0.49,1,1.04,1.65
8/6/2022,19:00 EDT,CLT,2,1.7,1.7,CHI,3,2.43,2.63,-1,-0.73,-0.93,-1,0.91,1.87
8/6/2022,15:00 EDT,ATL,2,0.76,0.76,SEA,1,1.22,1.27,1,-0.46,-0.52,1,1.05,1.64
8/5/2022,22:30 EDT,VAN,2,1.08,1.14,HOU,1,0.86,0.86,1,0.22,0.27,1,1.46,1.21
8/3/2022,22:30 EDT,POR,1,1.38,1.4,NSH,1,1.74,1.76,0,-0.36,-0.35,0,1.14,1.62
8/3/2022,22:30 EDT,SJE,0,1.45,1.45,MIA,1,2.09,2.09,-1,-0.64,-0.64,-1,0.94,1.86
8/3/2022,19:30 EDT,CLB,1,1.01,1.01,MTL,2,1.11,1.11,-1,-0.1,-0.1,-1,1.3,1.38
8/3/2022,19:00 EDT,CLT,2,1.8,1.89,DCU,0,0.76,0.77,2,1.03,1.13,3,2.15,0.6
8/2/2022,22:00 EDT,SEA,1,1.28,1.3,FCD,0,0.48,0.48,1,0.8,0.81,1,2.24,0.53
8/2/2022,19:30 EDT,NYRB,4,2.39,2.4,COL,5,1.34,1.42,-1,1.06,0.98,-1,2.14,0.66
7/31/2022,17:00 EDT,DCU,2,0.77,0.78,ORL,1,1.17,1.17,1,-0.41,-0.39,1,1.05,1.64
7/30/2022,22:00 EDT,SJE,2,1.84,2.03,RSL,2,1.53,1.53,0,0.32,0.5,0,1.6,1.11
7/30/2022,21:00 EDT,FCD,1,1.26,1.29,LAG,0,1.43,1.43,1,-0.17,-0.15,1,1.12,1.58
7/30/2022,20:30 EDT,SKC,0,1.6,1.6,ATX,2,0.7,0.7,-2,0.9,0.9,-2,2.2,0.57
7/30/2022,20:00 EDT,NER,0,0.63,0.63,TOR,0,1.94,1.94,0,-1.31,-1.31,0,0.43,2.38
7/30/2022,20:00 EDT,MIA,4,2.71,2.71,CIN,4,2.05,2.05,0,0.67,0.66,0,1.86,0.92
7/30/2022,20:00 EDT,NSH,1,1.47,1.64,VAN,1,1.4,1.41,0,0.07,0.23,0,1.43,1.33
7/30/2022,19:30 EDT,MTL,0,1.24,1.25,NYC,0,0.05,0.05,0,1.19,1.2,0,2.48,0.27
7/30/2022,19:30 EDT,PHI,6,2.21,2.21,HOU,0,0.57,0.57,6,1.64,1.64,6,2.5,0.35
7/30/2022,17:00 EDT,CHI,0,1.09,1.09,ATL,0,1.01,1.02,0,0.08,0.07,0,1.39,1.3
7/30/2022,15:00 EDT,MIN,4,1.84,1.96,POR,3,1.75,1.75,1,0.09,0.21,0,1.39,1.35
7/29/2022,23:00 EDT,LAFC,2,2.18,2.18,SEA,0,0.71,0.71,2,1.47,1.47,1,2.39,0.43
7/24/2022,21:30 EDT,LAG,2,1.43,1.55,ATL,0,1.4,1.4,2,0.03,0.15,2,1.37,1.34
7/24/2022,20:00 EDT,ATX,3,1.59,1.61,NYRB,4,1.15,1.15,-1,0.44,0.46,-1,1.7,1.03
7/23/2022,22:30 EDT,POR,2,1.36,1.37,SJE,1,1.36,1.42,1,0,-0.04,1,1.25,1.44
7/23/2022,22:00 EDT,SEA,2,2.34,2.42,COL,1,0.79,0.79,1,1.55,1.64,1,2.45,0.37
7/23/2022,22:00 EDT,RSL,0,2.13,2.13,FCD,1,0.59,0.59,-1,1.54,1.54,-1,2.49,0.35
7/23/2022,22:00 EDT,VAN,1,1.74,1.74,CHI,3,1.23,1.23,-2,0.5,0.5,-2,1.69,1.06
7/23/2022,20:30 EDT,SKC,0,0.44,0.44,LAFC,2,1.14,1.14,-2,-0.7,-0.7,-2,0.7,1.98
7/23/2022,20:30 EDT,HOU,1,0.99,0.99,MIN,2,1.16,1.16,-1,-0.17,-0.17,-1,1.11,1.57
7/23/2022,20:00 EDT,DCU,1,1.99,2,MTL,2,0.91,0.91,-1,1.08,1.09,-1,2.14,0.64
7/23/2022,19:30 EDT,CIN,1,1.2,1.21,NSH,1,1.4,1.48,0,-0.19,-0.27,0,1.14,1.57
7/23/2022,19:30 EDT,CLB,0,0.81,0.81,NER,0,0.18,0.18,0,0.63,0.63,0,1.97,0.63
7/23/2022,19:30 EDT,TOR,4,1.63,1.64,CLT,0,0.62,0.62,4,1.01,1.02,4,2.21,0.58
7/23/2022,19:30 EDT,ORL,0,0.92,0.92,PHI,1,1.06,1.07,-1,-0.14,-0.14,-1,1.09,1.54
7/23/2022,19:00 EDT,NYC,2,1.72,1.72,MIA,0,0.77,0.77,2,0.95,0.95,2,2.14,0.62
7/17/2022,22:30 EDT,POR,1,2.58,2.62,VAN,1,1.58,1.66,0,1,0.95,0,2.02,0.76
7/17/2022,21:30 EDT,RSL,3,1.89,1.9,SKC,0,0.4,0.4,3,1.49,1.5,3,2.5,0.33
7/17/2022,21:30 EDT,SJE,1,1.55,1.55,HOU,2,1.53,1.53,-1,0.02,0.03,-1,1.45,1.31
7/17/2022,20:30 EDT,NSH,1,2.03,2.04,LAFC,2,1.39,1.47,-1,0.63,0.57,-1,1.81,0.98
7/17/2022,19:30 EDT,CLB,2,1.86,1.94,CIN,0,0.95,0.95,2,0.9,0.99,2,2.12,0.67
7/17/2022,17:00 EDT,NYRB,0,0.9,0.9,NYC,1,1.83,1.87,-1,-0.93,-0.97,-1,0.74,2.05
7/17/2022,15:00 EDT,ATL,1,1.56,1.59,ORL,1,0.15,0.15,0,1.41,1.44,0,2.47,0.32
7/16/2022,21:22 EDT,MIA,3,1.79,1.79,CLT,2,0.49,0.49,1,1.3,1.3,1,2.35,0.44
7/16/2022,21:00 EDT,COL,2,1.18,1.18,LAG,0,0.95,0.95,2,0.23,0.23,2,1.64,1.06
7/16/2022,21:00 EDT,FCD,1,2.35,2.5,ATX,1,0.94,0.94,0,1.41,1.57,0,2.3,0.52
7/16/2022,20:00 EDT,MIN,2,1.81,1.82,DCU,0,0.39,0.39,2,1.42,1.43,2,2.49,0.33
7/16/2022,20:00 EDT,CHI,1,0.99,0.99,SEA,0,0.78,0.79,1,0.21,0.21,1,1.54,1.15
7/16/2022,19:30 EDT,MTL,0,2.4,2.45,TOR,0,0.23,0.23,0,2.17,2.22,1,2.79,0.12
7/16/2022,19:30 EDT,PHI,2,1.32,1.32,NER,1,1.39,1.39,1,-0.07,-0.07,1,1.31,1.4
7/13/2022,22:00 EDT,LAG,2,2.35,2.4,SJE,3,1.61,1.61,-1,0.74,0.79,-1,1.79,0.98
7/13/2022,21:00 EDT,FCD,0,1.17,1.17,NYC,1,0.76,0.76,-1,0.4,0.4,-1,1.65,1.01
7/13/2022,21:00 EDT,COL,1,2.55,2.56,ORL,1,0.72,0.72,0,1.83,1.84,0,2.65,0.24
7/13/2022,20:30 EDT,NSH,1,1.27,1.31,SEA,0,0.41,0.41,1,0.86,0.9,1,2.17,0.58
7/13/2022,20:00 EDT,CHI,2,0.89,0.89,TOR,0,0.23,0.23,2,0.66,0.66,2,1.94,0.66
7/13/2022,20:00 EDT,DCU,2,2.56,3.05,CLB,2,0.48,0.48,0,2.08,2.57,0,2.76,0.17
7/13/2022,20:00 EDT,MIA,1,0.64,0.64,PHI,2,1.93,1.93,-1,-1.28,-1.28,-1,0.42,2.4
7/13/2022,20:00 EDT,MIN,0,0.74,0.74,SKC,1,0.94,0.94,-1,-0.2,-0.2,0,1.08,1.58
7/13/2022,20:00 EDT,CIN,2,1.71,1.71,VAN,2,1.22,1.23,0,0.49,0.48,0,1.74,1
7/13/2022,19:30 EDT,ATL,2,1.39,1.39,RSL,1,0.86,0.86,1,0.54,0.54,1,1.86,0.85
7/12/2022,21:00 EDT,ATX,3,1.76,1.79,HOU,1,0.78,0.9,2,0.98,0.89,2,2.17,0.61
7/9/2022,22:24 EDT,ORL,0,0.74,0.74,MIA,0,0.65,0.65,0,0.09,0.08,1,1.45,1.16
7/9/2022,22:00 EDT,RSL,2,1.05,1.07,COL,2,3.21,3.23,0,-2.16,-2.16,0,0.28,2.63
7/9/2022,20:30 EDT,HOU,2,2.66,2.76,FCD,2,1.62,1.66,0,1.03,1.1,0,2.13,0.69
7/9/2022,20:00 EDT,CHI,2,1.55,1.55,CLB,3,1.56,1.56,-1,-0.01,-0.01,-1,1.44,1.29
7/9/2022,19:30 EDT,TOR,2,2.26,2.32,SJE,2,1.1,1.1,0,1.16,1.22,0,2.14,0.66
7/9/2022,19:30 EDT,MTL,1,1.52,1.53,SKC,2,0.37,0.37,-1,1.15,1.16,-1,2.28,0.47
7/9/2022,19:30 EDT,CIN,1,1.52,1.67,NYRB,1,0.97,0.97,0,0.55,0.7,0,1.8,0.82
7/9/2022,19:00 EDT,CLT,4,2.02,2.02,NSH,1,2.3,2.37,3,-0.28,-0.35,3,1.23,1.53
7/9/2022,19:00 EDT,ATL,0,1.55,1.56,ATX,3,2.26,2.32,-3,-0.71,-0.76,-3,0.81,1.98
7/9/2022,16:30 EDT,SEA,0,1.49,1.5,POR,3,2.49,2.57,-3,-1,-1.07,-3,0.71,2.1
7/9/2022,13:00 EDT,NYC,4,5.47,5.97,NER,2,0.84,0.84,2,4.64,5.13,2,2.98,0.01
7/8/2022,22:30 EDT,VAN,1,0.54,0.54,MIN,3,0.9,0.9,-2,-0.36,-0.36,-2,0.97,1.64
7/8/2022,22:00 EDT,LAFC,3,1.25,1.25,LAG,2,1.41,1.45,1,-0.16,-0.2,1,1.25,1.46
7/8/2022,19:30 EDT,PHI,7,4.37,4.86,DCU,0,0.84,0.85,7,3.53,4.01,7,2.9,0.07
7/4/2022,22:30 EDT,LAG,4,2.18,2.19,MTL,0,1.18,1.18,4,1,1,4,2.09,0.69
7/4/2022,21:00 EDT,COL,2,1.68,1.69,ATX,3,1.1,1.1,-1,0.58,0.59,-1,1.79,0.92
7/4/2022,21:00 EDT,FCD,1,0.99,1,MIA,1,3.01,3.01,0,-2.02,-2.01,0,0.31,2.58
7/4/2022,19:00 EDT,ORL,3,2.36,2.4,DCU,5,1.68,1.73,-2,0.68,0.67,-2,1.88,0.9
7/3/2022,21:00 EDT,SJE,2,2.1,2.35,CHI,1,2.07,2.08,1,0.02,0.27,1,1.38,1.41
7/3/2022,20:30 EDT,NSH,2,0.82,0.83,POR,2,1.58,1.59,0,-0.76,-0.76,0,0.68,2.06
7/3/2022,20:30 EDT,HOU,1,0.93,0.93,CLT,1,1.68,1.68,0,-0.74,-0.74,-1,0.85,1.9
7/3/2022,20:00 EDT,MIN,3,2.53,2.53,RSL,2,1.34,1.34,1,1.2,1.2,1,2.2,0.61
7/3/2022,20:00 EDT,SKC,0,0.9,0.9,NYRB,1,0.76,0.76,-1,0.14,0.14,-1,1.43,1.24
7/3/2022,19:30 EDT,CLB,0,1.45,1.45,PHI,0,0.2,0.2,0,1.25,1.25,0,2.54,0.28
7/3/2022,19:30 EDT,NER,2,1.44,1.44,CIN,1,1.55,1.55,1,-0.11,-0.11,0,1.24,1.49
7/3/2022,17:00 EDT,NYC,2,2.08,2.08,ATL,2,1.36,1.36,0,0.72,0.72,0,1.92,0.88
7/2/2022,22:00 EDT,VAN,1,0.55,0.55,LAFC,0,0.31,0.31,1,0.24,0.24,1,1.48,1.01
7/2/2022,19:30 EDT,TOR,0,1.02,1.02,SEA,2,1.8,1.81,-2,-0.78,-0.79,-2,0.83,1.92
6/30/2022,20:00 EDT,NYRB,2,2.06,2.1,ATL,1,1.59,1.97,1,0.47,0.13,1,1.7,1.05
6/30/2022,19:00 EDT,CLT,0,0.51,0.51,ATX,1,0.23,0.23,-1,0.28,0.28,-1,1.53,0.94
6/29/2022,22:30 EDT,LAFC,3,1.61,1.65,FCD,1,0.7,0.71,2,0.9,0.94,2,2.12,0.64
6/29/2022,22:30 EDT,LAG,2,2.68,2.68,MIN,3,1.08,1.09,-1,1.59,1.59,-1,2.38,0.46
6/29/2022,22:30 EDT,POR,2,1.54,1.54,HOU,1,2.82,2.84,1,-1.28,-1.3,1,0.58,2.21
6/29/2022,22:00 EDT,SEA,1,0.87,0.87,MTL,2,1.59,1.59,-1,-0.73,-0.73,-1,0.82,1.92
6/29/2022,20:00 EDT,CHI,1,0.84,0.84,PHI,0,0.59,0.59,1,0.25,0.25,1,1.5,1.11
6/29/2022,19:30 EDT,CIN,4,2.92,3,NYC,4,2.5,2.53,0,0.42,0.47,0,1.67,1.15
6/29/2022,19:30 EDT,TOR,1,2.08,2.08,CLB,2,0.74,0.74,-1,1.34,1.34,-1,2.3,0.5
6/26/2022,20:00 EDT,VAN,0,1.06,1.06,NER,0,1.03,1.06,0,0.03,0,0,1.36,1.34
6/26/2022,18:00 EDT,PHI,2,1.44,1.46,NYC,1,1.17,1.18,1,0.26,0.28,1,1.55,1.14
6/26/2022,15:00 EDT,LAFC,2,1.78,1.78,NYRB,0,0.54,0.54,2,1.24,1.23,2,2.35,0.46
6/25/2022,22:30 EDT,POR,3,2.75,2.83,COL,0,1.69,1.77,3,1.05,1.06,3,2.07,0.75
6/25/2022,22:00 EDT,RSL,0,0.61,0.61,CLB,0,0.33,0.34,0,0.28,0.27,0,1.57,0.98
6/25/2022,21:00 EDT,ATX,2,1.55,1.56,FCD,2,1.9,1.97,0,-0.35,-0.41,0,1.13,1.63
6/25/2022,20:00 EDT,HOU,2,1.84,1.85,CHI,0,1.34,1.37,2,0.5,0.48,2,1.7,1.05
6/25/2022,20:00 EDT,MIA,2,1.15,1.15,MIN,1,1.07,1.08,1,0.08,0.08,1,1.35,1.33
6/25/2022,19:30 EDT,MTL,2,0.51,0.51,CLT,1,1.09,1.17,1,-0.57,-0.66,1,0.73,1.93
6/25/2022,19:30 EDT,TOR,2,1.47,1.47,ATL,1,1.35,1.35,1,0.12,0.12,1,1.5,1.24
6/25/2022,17:00 EDT,DCU,1,0.58,0.58,NSH,3,0.95,0.95,-2,-0.36,-0.36,-2,0.97,1.67
6/25/2022,15:00 EDT,SEA,3,2.72,2.96,SKC,0,0.48,0.48,3,2.25,2.47,3,2.74,0.16
6/24/2022,19:30 EDT,CIN,1,1.26,1.28,ORL,0,0.23,0.24,1,1.02,1.05,1,2.33,0.4
6/19/2022,18:00 EDT,NSH,1,0.64,0.65,SKC,2,0.34,0.34,-1,0.3,0.31,-1,1.6,0.93
6/19/2022,17:00 EDT,NER,2,0.51,0.51,MIN,1,1.31,1.31,1,-0.79,-0.8,1,0.52,2.23
6/19/2022,17:00 EDT,NYC,1,1.38,1.39,COL,1,0.55,0.56,0,0.84,0.83,0,2.06,0.68
6/19/2022,15:00 EDT,ATL,2,1.93,2.02,MIA,0,1.01,1.02,2,0.92,1,2,2.09,0.69
6/18/2022,21:30 EDT,RSL,2,2.08,2.15,SJE,0,0.29,0.29,2,1.79,1.86,2,2.65,0.21
6/18/2022,21:00 EDT,FCD,0,1.09,1.09,VAN,2,0.57,0.57,-2,0.52,0.52,-2,1.81,0.85
6/18/2022,20:00 EDT,CHI,1,0.72,0.72,DCU,0,0.77,0.78,1,-0.06,-0.06,1,1.22,1.41
6/18/2022,19:30 EDT,ORL,2,2.45,2.58,HOU,1,0.56,0.56,1,1.88,2.02,1,2.56,0.3
6/18/2022,19:30 EDT,PHI,1,1.42,1.42,CIN,1,1.13,1.15,0,0.28,0.27,0,1.58,1.17
6/18/2022,19:30 EDT,CLB,1,1.15,1.17,CLT,1,0.48,0.49,0,0.67,0.67,0,1.91,0.77
6/18/2022,19:30 EDT,MTL,0,1.21,1.21,ATX,1,0.93,0.93,-1,0.29,0.29,-1,1.57,1.12
6/18/2022,19:00 EDT,NYRB,2,1.45,1.45,TOR,0,1.45,1.45,2,0,0,2,1.34,1.41
6/18/2022,17:00 EDT,LAG,1,1.2,1.2,POR,1,0.84,0.84,0,0.37,0.36,0,1.7,1.01
6/18/2022,15:00 EDT,SEA,1,1.02,1.02,LAFC,1,1.33,1.48,0,-0.31,-0.46,0,1.13,1.56
6/15/2022,19:30 EDT,NER,1,0.96,0.96,ORL,1,0.73,0.73,0,0.23,0.22,0,1.55,1.12
6/14/2022,22:30 EDT,SEA,4,2.64,2.8,VAN,0,0.82,0.83,4,1.82,1.98,4,2.59,0.28
6/12/2022,15:00 EDT,SKC,1,1.37,1.37,NER,2,1.34,1.36,-1,0.03,0.01,-1,1.43,1.28
6/11/2022,20:00 EDT,NSH,0,1.56,1.56,SJE,0,0.58,0.58,0,0.99,0.99,0,2.24,0.54
6/11/2022,15:00 EDT,CLT,2,1.97,1.97,NYRB,0,0.45,0.45,2,1.52,1.52,2,2.51,0.32
6/4/2022,19:00 EDT,VAN,2,1.51,1.51,RSL,1,0.95,0.95,1,0.56,0.55,1,1.89,0.83
5/29/2022,21:30 EDT,SEA,2,1.32,1.32,CLT,1,1.22,1.26,1,0.1,0.06,1,1.51,1.21
5/29/2022,18:00 EDT,LAG,4,3.27,3.27,ATX,1,0.91,0.94,3,2.36,2.34,3,2.7,0.2
5/28/2022,21:30 EDT,RSL,3,2.8,2.83,HOU,0,1.25,1.26,3,1.55,1.57,3,2.38,0.46
5/28/2022,21:00 EDT,COL,1,0.75,0.75,NSH,3,1.8,1.95,-2,-1.05,-1.2,-2,0.53,2.25
5/28/2022,21:00 EDT,SKC,0,1.32,1.32,VAN,1,1.33,1.34,-1,-0.01,-0.01,-1,1.27,1.41
5/28/2022,20:00 EDT,MIA,2,1.4,1.43,POR,1,1.1,1.17,1,0.3,0.26,1,1.6,1.13
5/28/2022,20:00 EDT,MIN,0,1.11,1.11,NYC,1,0.79,0.79,-1,0.32,0.32,-1,1.64,1.07
5/28/2022,19:30 EDT,NER,1,2.86,2.91,PHI,1,0.7,0.7,0,2.16,2.21,0,2.71,0.18
5/28/2022,19:30 EDT,ORL,1,1.65,1.69,FCD,3,1.16,1.16,-2,0.49,0.53,-2,1.76,0.97
5/28/2022,19:30 EDT,MTL,4,2.72,2.73,CIN,3,0.92,0.93,1,1.8,1.8,1,2.57,0.3
5/28/2022,19:00 EDT,NYRB,3,0.91,0.96,DCU,1,0.4,0.4,2,0.51,0.56,3,1.75,0.86
5/28/2022,19:00 EDT,ATL,1,2.04,2.05,CLB,2,0.87,0.87,-1,1.17,1.17,-1,2.28,0.5
5/28/2022,19:00 EDT,TOR,3,1.15,1.15,CHI,2,2.98,3.07,1,-1.83,-1.92,1,0.37,2.49
5/28/2022,18:00 EDT,LAFC,3,1.98,1.98,SJE,2,1.67,1.67,1,0.31,0.31,1,1.62,1.11
5/22/2022,22:00 EDT,POR,0,0.52,0.52,PHI,2,1.88,1.94,-2,-1.36,-1.43,-2,0.4,2.41
5/22/2022,20:00 EDT,ATX,2,2.93,3.11,ORL,2,2.02,2.1,0,0.92,1.01,0,1.92,0.89
5/22/2022,20:00 EDT,COL,1,1.68,1.68,SEA,0,0.86,0.87,1,0.82,0.81,1,2.13,0.61
5/22/2022,20:00 EDT,LAG,0,1.29,1.35,HOU,3,1.52,1.6,-3,-0.23,-0.25,-3,1.16,1.53
5/22/2022,19:30 EDT,SJE,1,1.33,1.34,SKC,1,1.12,1.12,0,0.21,0.22,0,1.45,1.26
5/22/2022,19:00 EDT,FCD,1,1.6,1.6,MIN,2,0.94,1.01,-1,0.66,0.6,-1,1.87,0.82
5/22/2022,18:00 EDT,MIA,2,1.38,1.38,NYRB,0,1.58,1.62,2,-0.2,-0.24,2,1.2,1.54
5/22/2022,17:00 EDT,CLT,2,1.85,1.96,VAN,1,0.79,0.79,1,1.06,1.17,1,2.22,0.58
5/22/2022,17:00 EDT,NYC,1,1.88,1.89,CHI,0,1.14,1.14,1,0.74,0.75,1,1.89,0.84
5/22/2022,16:00 EDT,MTL,1,0.42,0.43,RSL,2,1.48,1.5,-1,-1.06,-1.08,-1,0.52,2.23
5/21/2022,19:30 EDT,NSH,2,1.6,1.6,ATL,2,1.92,1.92,0,-0.32,-0.32,0,1.19,1.53
5/21/2022,19:20 EDT,CIN,2,0.93,0.93,NER,3,1.02,1.03,-1,-0.09,-0.1,-1,1.25,1.43
5/21/2022,18:30 EDT,CLB,0,1.21,1.21,LAFC,2,2.22,2.22,-2,-1.01,-1.01,-2,0.57,2.21
5/21/2022,18:30 EDT,DCU,2,2.36,2.58,TOR,2,1.83,1.85,0,0.54,0.73,0,1.77,0.98
5/18/2022,22:30 EDT,SJE,3,1.82,1.84,POR,2,0.89,0.89,1,0.93,0.95,1,2.07,0.72
5/18/2022,22:30 EDT,LAFC,1,2.28,2.31,ATX,2,1.03,1.04,-1,1.25,1.27,-1,2.31,0.5
5/18/2022,22:00 EDT,VAN,2,1.2,1.2,FCD,1,0.82,0.85,1,0.38,0.36,1,1.74,0.93
5/18/2022,20:30 EDT,NSH,2,1.04,1.05,MTL,1,0.49,0.49,1,0.55,0.55,1,1.98,0.74
5/18/2022,20:30 EDT,HOU,0,1.22,1.22,SEA,1,1.08,1.08,-1,0.14,0.14,-1,1.47,1.24
5/18/2022,20:30 EDT,SKC,2,0.47,0.48,COL,1,1.15,1.15,1,-0.68,-0.68,1,0.67,2
5/18/2022,20:00 EDT,MIN,1,2.6,2.7,LAG,1,1.66,1.68,0,0.94,1.01,0,2.01,0.8
5/18/2022,19:30 EDT,PHI,0,2.29,2.35,MIA,0,1.02,1.02,0,1.27,1.33,0,2.25,0.56
5/18/2022,19:30 EDT,DCU,0,0.67,0.67,NYC,2,1.33,1.33,-2,-0.66,-0.66,-2,0.69,2.03
5/18/2022,19:30 EDT,NYRB,3,2.37,2.49,CHI,3,1.77,1.77,0,0.6,0.72,0,1.81,0.94
5/15/2022,16:00 EDT,SEA,3,2.46,2.51,MIN,1,1.17,1.17,2,1.28,1.33,2,2.24,0.57
5/15/2022,13:30 EDT,ATL,2,2.01,2.03,NER,2,1.12,1.13,0,0.89,0.9,0,1.94,0.82
5/14/2022,22:30 EDT,LAG,1,1.12,1.12,FCD,3,2.59,2.64,-2,-1.47,-1.52,-2,0.44,2.39
5/14/2022,22:00 EDT,POR,7,2.84,2.84,SKC,2,1.6,1.6,5,1.24,1.24,5,2.26,0.56
5/14/2022,21:30 EDT,RSL,2,1.21,1.21,ATX,1,0.79,0.79,1,0.42,0.42,1,1.59,1.08
5/14/2022,21:15 EDT,MIA,2,0.77,0.77,DCU,2,1.03,1.03,0,-0.26,-0.26,0,1.1,1.58
5/14/2022,20:30 EDT,HOU,2,1.43,1.44,NSH,0,1.5,1.5,2,-0.07,-0.06,2,1.37,1.33
5/14/2022,20:00 EDT,CHI,1,1.12,1.12,CIN,1,0.94,0.98,0,0.17,0.15,-1,1.52,1.18
5/14/2022,19:30 EDT,PHI,1,1.88,1.95,NYRB,1,1.35,1.35,0,0.52,0.6,0,1.7,1.03
5/14/2022,19:00 EDT,VAN,3,1.72,1.75,SJE,3,1.92,1.93,0,-0.19,-0.17,0,1.27,1.5
5/14/2022,19:00 EDT,NYC,2,2.91,3.17,CLB,0,0.7,0.7,2,2.21,2.47,2,2.68,0.21
5/14/2022,19:00 EDT,CLT,0,0.96,0.98,MTL,2,1.31,1.31,-2,-0.34,-0.33,-2,1.04,1.69
5/14/2022,15:30 EDT,COL,2,2.94,3.01,LAFC,0,0.85,0.85,2,2.1,2.15,2,2.73,0.17
5/14/2022,15:00 EDT,TOR,0,0.67,0.67,ORL,1,1.37,1.37,-1,-0.69,-0.69,-1,0.79,1.96
5/8/2022,19:35 EDT,ATX,0,1.07,1.09,LAG,1,0.72,0.72,-1,0.35,0.36,-1,1.52,1.17
5/8/2022,17:00 EDT,NSH,2,2.01,2.72,RSL,0,0.24,0.24,2,1.77,2.47,2,2.62,0.24
5/8/2022,16:00 EDT,VAN,1,2.04,2.05,TOR,0,1.54,1.54,1,0.5,0.51,1,1.72,1.02
5/7/2022,23:00 EDT,LAFC,2,1.48,1.5,PHI,2,1.08,1.08,0,0.4,0.42,0,1.65,1.06
5/7/2022,22:00 EDT,SJE,1,1.15,1.15,COL,0,0.95,0.95,1,0.2,0.2,1,1.56,1.13
5/7/2022,20:30 EDT,FCD,2,1.84,1.87,SEA,0,0.18,0.18,2,1.66,1.7,2,2.61,0.24
5/7/2022,20:00 EDT,MIN,0,1.06,1.06,CIN,1,1.86,1.86,-1,-0.8,-0.8,-1,0.76,2.02
5/7/2022,19:30 EDT,DCU,2,0.87,0.87,HOU,0,0.65,0.65,2,0.22,0.22,2,1.54,1.1
5/7/2022,19:30 EDT,NER,2,1.02,1.02,CLB,2,1.11,1.11,0,-0.09,-0.08,0,1.14,1.52
5/7/2022,19:00 EDT,NYRB,1,0.84,0.85,POR,1,0.48,0.48,0,0.36,0.37,0,1.65,0.94
5/7/2022,19:00 EDT,NYC,0,0.93,0.94,SKC,0,0.2,0.2,0,0.73,0.74,0,2.04,0.59
5/7/2022,18:00 EDT,ATL,4,2.43,2.47,CHI,1,1.4,1.4,3,1.03,1.07,3,2.14,0.67
5/7/2022,16:00 EDT,MTL,4,3.07,3.08,ORL,1,0.22,0.22,3,2.85,2.86,3,2.89,0.06
5/7/2022,15:30 EDT,CLT,1,1.37,1.37,MIA,0,1.11,1.11,1,0.26,0.26,1,1.47,1.24
5/4/2022,19:30 EDT,CIN,2,4.12,4.13,TOR,0,0.54,0.54,2,3.58,3.59,2,2.94,0.04
5/1/2022,22:00 EDT,LAFC,2,2.64,2.67,MIN,0,0.73,0.73,2,1.91,1.93,2,2.59,0.29
5/1/2022,16:00 EDT,NSH,1,1.57,1.57,PHI,1,1.14,1.14,0,0.43,0.43,0,1.79,0.93
5/1/2022,13:00 EDT,NYC,3,2.62,2.63,SJE,0,0.42,0.42,3,2.2,2.21,3,2.69,0.21
4/30/2022,21:00 EDT,COL,2,1.75,1.76,POR,0,0.82,0.83,2,0.93,0.93,2,2.08,0.69
4/30/2022,20:30 EDT,SKC,2,2,2.04,FCD,2,1.23,1.23,0,0.77,0.81,0,1.98,0.79
4/30/2022,20:00 EDT,CHI,1,1.68,1.7,NYRB,2,1.97,1.97,-1,-0.29,-0.27,-1,1.12,1.61
4/30/2022,19:30 EDT,ORL,2,0.91,0.91,CLT,1,1.12,1.12,1,-0.21,-0.21,1,1.08,1.57
4/30/2022,19:30 EDT,NER,2,1.54,1.59,MIA,0,0.35,0.35,2,1.19,1.24,2,2.32,0.43
4/30/2022,19:30 EDT,CLB,3,0.81,0.81,DCU,0,1.6,1.6,3,-0.79,-0.79,3,0.68,2.06
4/30/2022,16:00 EDT,MTL,2,2.28,2.38,ATL,1,0.66,0.66,1,1.62,1.72,1,2.55,0.31
4/30/2022,15:30 EDT,RSL,1,0.63,0.63,LAG,0,0.86,0.86,1,-0.23,-0.23,1,1.11,1.52
4/30/2022,15:00 EDT,TOR,1,1.34,1.42,CIN,2,1.21,1.21,-1,0.13,0.21,-1,1.45,1.26
4/30/2022,13:30 EDT,HOU,1,1.02,1.02,ATX,2,0.68,0.68,-1,0.35,0.35,-1,1.66,1.02
4/24/2022,17:00 EDT,CIN,1,1.73,1.73,LAFC,2,2.05,2.1,-1,-0.32,-0.37,-1,1.16,1.6
4/24/2022,17:00 EDT,NYC,5,3.6,3.68,TOR,4,1.41,1.41,1,2.19,2.27,1,2.59,0.29
4/24/2022,15:30 EDT,ORL,0,0.08,0.08,NYRB,3,2.24,2.48,-3,-2.16,-2.4,-3,0.06,2.88
4/24/2022,13:00 EDT,MIA,2,1.43,1.43,ATL,1,2.42,2.47,1,-0.99,-1.04,1,0.76,2.04
4/23/2022,22:30 EDT,LAG,1,0.93,0.93,NSH,0,0.36,0.36,1,0.57,0.57,1,1.88,0.78
4/23/2022,22:00 EDT,SJE,4,2.81,2.83,SEA,3,2.06,2.07,1,0.75,0.76,1,1.86,0.92
4/23/2022,22:00 EDT,POR,0,0.67,0.67,RSL,0,1.08,1.11,0,-0.4,-0.44,0,0.9,1.77
4/23/2022,21:00 EDT,COL,0,0.89,0.89,CLT,0,1.32,1.39,0,-0.43,-0.49,0,0.97,1.73
4/23/2022,20:30 EDT,ATX,3,1.19,1.2,VAN,0,0.94,0.94,3,0.25,0.26,3,1.51,1.17
4/23/2022,20:30 EDT,SKC,0,0.1,0.1,CLB,0,0.72,0.75,0,-0.62,-0.65,0,0.59,1.97
4/23/2022,19:30 EDT,DCU,3,1.41,1.43,NER,2,1.96,1.96,1,-0.55,-0.53,1,1.04,1.73
4/23/2022,17:00 EDT,MIN,3,1,1.01,CHI,0,0.74,0.75,3,0.26,0.26,3,1.55,1.13
4/23/2022,15:00 EDT,PHI,1,0.98,0.98,MTL,1,0.7,0.7,0,0.27,0.27,0,1.66,0.96
4/23/2022,15:00 EDT,FCD,2,2.14,2.55,HOU,1,0.65,0.65,1,1.49,1.9,1,2.45,0.37
4/17/2022,16:00 EDT,LAFC,3,1.76,1.86,SKC,0,0.86,0.87,3,0.89,0.99,2,2.11,0.64
4/17/2022,13:00 EDT,NYC,6,3.9,4.02,RSL,0,1.28,1.29,6,2.62,2.73,6,2.69,0.23
4/16/2022,22:00 EDT,SEA,0,0.96,0.96,MIA,1,0.81,0.81,-1,0.14,0.15,-1,1.54,1.14
4/16/2022,20:00 EDT,DCU,2,1.6,1.6,ATX,3,2.97,3.17,-1,-1.37,-1.56,-1,0.65,2.18
4/16/2022,20:00 EDT,CHI,0,0.4,0.4,LAG,0,0.28,0.28,0,0.11,0.11,0,1.4,1.07
4/16/2022,20:00 EDT,MIN,3,1.48,1.48,COL,1,1.58,1.61,2,-0.1,-0.12,2,1.33,1.41
4/16/2022,19:30 EDT,NER,2,1.44,1.45,CLT,1,0.36,0.36,1,1.08,1.09,1,2.27,0.48
4/16/2022,19:30 EDT,CLB,0,1.32,1.36,ORL,2,1.23,1.37,-2,0.09,-0.01,-2,1.39,1.33
4/16/2022,19:30 EDT,TOR,2,0.53,0.53,PHI,1,1.73,1.74,1,-1.2,-1.21,1,0.47,2.31
4/16/2022,19:00 EDT,NYRB,0,1.8,1.86,FCD,0,0.48,0.48,0,1.32,1.38,0,2.37,0.45
4/16/2022,18:00 EDT,ATL,0,2.39,2.57,CIN,0,1.24,1.29,0,1.15,1.28,0,2.19,0.62
4/16/2022,18:00 EDT,HOU,0,1.34,1.37,POR,0,1.13,1.17,0,0.21,0.2,0,1.5,1.21
4/16/2022,15:30 EDT,SJE,2,1.54,1.54,NSH,2,1.65,1.65,0,-0.11,-0.11,0,1.29,1.45
4/16/2022,15:00 EDT,MTL,2,1.24,1.26,VAN,1,0.35,0.35,1,0.89,0.92,1,2.2,0.53
4/10/2022,19:30 EDT,ATX,1,1.23,1.33,MIN,0,0.37,0.38,1,0.86,0.95,1,2.16,0.57
4/10/2022,13:30 EDT,CLT,1,1.68,1.69,ATL,0,1.49,1.52,1,0.19,0.17,1,1.52,1.21
4/9/2022,22:00 EDT,VAN,2,2.85,2.85,POR,3,1.3,1.3,-1,1.55,1.55,-1,2.48,0.35
4/9/2022,20:30 EDT,FCD,3,1.08,1.08,COL,1,1.62,1.62,2,-0.54,-0.54,2,1.01,1.71
4/9/2022,20:30 EDT,HOU,4,1.56,1.56,SJE,3,1.5,1.51,1,0.06,0.05,1,1.43,1.32
4/9/2022,20:30 EDT,SKC,1,1.16,1.16,NSH,2,2.74,2.78,-1,-1.58,-1.61,-1,0.48,2.35
4/9/2022,20:00 EDT,RSL,2,1.73,1.73,TOR,2,0.51,0.51,0,1.22,1.22,0,2.39,0.4
4/9/2022,19:30 EDT,LAG,2,1.1,1.16,LAFC,1,1.56,1.59,1,-0.46,-0.43,1,1.02,1.68
4/9/2022,18:00 EDT,PHI,0,1.25,1.29,CLB,0,1.27,1.29,0,-0.02,0,1,1.28,1.42
4/9/2022,16:00 EDT,NYRB,1,1.34,1.47,MTL,2,0.82,0.83,-1,0.53,0.64,-1,1.78,0.91
4/9/2022,15:00 EDT,MIA,3,1.26,1.26,NER,2,1.12,1.12,1,0.14,0.14,1,1.43,1.23
4/9/2022,13:00 EDT,ORL,1,2.61,2.63,CHI,0,0.51,0.51,1,2.1,2.12,1,2.68,0.21
4/3/2022,16:30 EDT,POR,1,1.35,1.36,LAG,2,1.4,1.4,-1,-0.05,-0.04,-2,1.28,1.44
4/2/2022,21:55 EDT,MIA,1,1.77,1.79,HOU,3,2.06,2.06,-2,-0.29,-0.27,-2,1.1,1.64
4/2/2022,21:00 EDT,COL,1,1.66,1.69,RSL,1,1.06,1.06,0,0.6,0.63,0,1.89,0.8
4/2/2022,20:00 EDT,MIN,1,2.33,2.37,SEA,1,1.25,1.33,0,1.09,1.04,-1,2.2,0.61
4/2/2022,20:00 EDT,VAN,1,1.18,1.18,SKC,0,0.56,0.56,1,0.62,0.62,1,1.85,0.84
4/2/2022,19:30 EDT,DCU,0,0.41,0.41,ATL,1,0.82,0.83,-1,-0.41,-0.41,-1,0.88,1.73
4/2/2022,19:30 EDT,SJE,2,2.87,3.09,ATX,2,1.78,1.78,0,1.09,1.3,0,2.04,0.76
4/2/2022,19:30 EDT,ORL,2,1.29,1.29,LAFC,4,1.97,2.42,-2,-0.68,-1.13,-2,0.91,1.83
4/2/2022,19:30 EDT,NER,0,1.32,1.32,NYRB,0,0.89,0.91,0,0.43,0.42,-1,1.7,0.99
4/2/2022,19:30 EDT,PHI,2,1.54,1.54,CLT,0,0.58,0.6,2,0.96,0.95,2,2.23,0.55
4/2/2022,18:00 EDT,CLB,0,1.69,1.7,NSH,1,0.75,0.75,-1,0.95,0.95,-1,2.06,0.7
4/2/2022,16:00 EDT,CIN,2,2.35,2.35,MTL,4,0.99,0.99,-2,1.37,1.37,-1,2.36,0.45
4/2/2022,16:00 EDT,TOR,1,0.72,0.72,NYC,1,1.08,1.09,0,-0.36,-0.37,1,1.1,1.57
4/2/2022,15:30 EDT,CHI,0,0.64,0.64,FCD,0,0.23,0.23,0,0.42,0.42,0,1.72,0.82
3/27/2022,16:00 EDT,POR,1,1.48,1.48,ORL,1,1,1,0,0.48,0.48,0,1.79,0.89
3/26/2022,19:00 EDT,SKC,1,1.08,1.08,RSL,0,0.8,0.8,1,0.27,0.28,1,1.52,1.16
3/26/2022,17:00 EDT,CLT,2,0.99,1,CIN,0,1.04,1.05,2,-0.05,-0.05,2,1.33,1.35
3/20/2022,22:00 EDT,LAFC,3,1.82,1.87,VAN,1,1.1,1.11,2,0.72,0.76,2,1.85,0.87
3/20/2022,16:30 EDT,ATX,1,2.31,2.39,SEA,1,1.82,1.88,0,0.49,0.51,0,1.68,1.1
3/20/2022,14:00 EDT,NYRB,1,1.43,1.46,CLB,1,2.23,2.62,0,-0.8,-1.16,0,0.88,1.87
3/19/2022,21:30 EDT,RSL,2,0.51,0.51,NSH,1,2.57,2.57,1,-2.07,-2.06,1,0.26,2.63
3/19/2022,20:30 EDT,HOU,1,0.85,0.85,COL,1,1.11,1.3,0,-0.26,-0.45,0,1.16,1.52
3/19/2022,20:30 EDT,FCD,4,1.39,1.39,POR,1,1.17,1.18,3,0.22,0.21,3,1.54,1.18
3/19/2022,20:00 EDT,MIN,1,1.17,1.17,SJE,0,0.24,0.25,1,0.93,0.93,1,2.16,0.55
3/19/2022,19:00 EDT,CLT,3,1.32,1.32,NER,1,1.82,1.82,2,-0.51,-0.5,2,1.09,1.68
3/19/2022,18:00 EDT,CHI,3,1.27,1.27,SKC,1,0.69,0.69,2,0.58,0.57,2,1.92,0.77
3/19/2022,16:00 EDT,ATL,3,0.42,0.42,MTL,3,2.72,2.72,0,-2.3,-2.3,0,0.12,2.81
3/19/2022,15:30 EDT,LAG,0,1.74,1.79,ORL,1,0.75,0.75,-1,0.99,1.04,-1,2.14,0.64
3/19/2022,15:00 EDT,TOR,2,1.46,1.46,DCU,1,0.86,0.9,1,0.59,0.56,1,1.91,0.84
3/19/2022,13:00 EDT,NYC,0,1.11,1.12,PHI,2,1.98,2,-2,-0.87,-0.88,-2,0.82,1.92
3/19/2022,13:00 EDT,CIN,3,2.58,2.58,MIA,1,1.43,1.43,2,1.15,1.15,2,2.23,0.56
3/13/2022,19:00 EDT,NYRB,0,3.34,3.38,MIN,1,0.63,0.63,-1,2.71,2.76,-1,2.88,0.07
3/13/2022,16:30 EDT,ATL,2,1.49,1.49,CLT,1,0.64,0.64,1,0.85,0.85,1,2.15,0.6
3/12/2022,22:00 EST,POR,1,1.62,1.67,ATX,0,1.23,1.23,1,0.39,0.43,1,1.65,1.09
3/12/2022,21:00 EST,COL,2,1.79,1.8,SKC,0,0.8,0.81,2,1,1,2,2.23,0.57
3/12/2022,20:30 EST,FCD,2,1.53,1.59,NSH,0,0.22,0.22,2,1.31,1.37,2,2.58,0.26
3/12/2022,19:30 EST,NER,2,1.08,1.11,RSL,3,2.33,2.34,-1,-1.26,-1.23,-1,0.62,2.2
3/12/2022,19:30 EST,PHI,2,2.86,2.99,SJE,0,0.33,0.33,2,2.53,2.67,2,2.86,0.09
3/12/2022,19:30 EST,ORL,1,1.22,1.22,CIN,2,1.09,1.09,-1,0.13,0.13,-1,1.47,1.24
3/12/2022,19:30 EST,DCU,0,1.65,1.68,CHI,2,1.83,1.85,-2,-0.17,-0.17,-2,1.25,1.48
3/12/2022,18:30 EST,HOU,2,1.96,1.98,VAN,1,1.15,1.18,1,0.81,0.8,1,1.97,0.79
3/12/2022,15:30 EST,SEA,3,1.93,1.93,LAG,2,1.82,1.84,1,0.11,0.09,1,1.48,1.25
3/12/2022,13:30 EST,CLB,2,1.05,1.05,TOR,1,1.04,1.04,1,0.02,0.02,1,1.39,1.34
3/12/2022,13:30 EST,MIA,0,0.58,0.58,LAFC,2,0.51,0.51,-2,0.08,0.08,-2,1.34,1.19
3/12/2022,13:00 EST,NYC,4,2.01,2.01,MTL,1,2.13,2.16,3,-0.12,-0.14,3,1.31,1.47
3/6/2022,22:00 EST,LAFC,1,1.79,1.8,POR,1,0.74,0.77,0,1.05,1.03,0,2.11,0.64
3/6/2022,16:00 EST,ATX,5,1.27,1.27,MIA,1,0.77,0.77,4,0.5,0.5,4,1.8,0.9
3/5/2022,19:30 EST,CLT,0,0.55,0.55,LAG,1,1.63,1.67,-1,-1.09,-1.12,-1,0.55,2.22
3/5/2022,18:00 EST,VAN,0,0.68,0.69,NYC,0,1.62,1.65,0,-0.93,-0.96,0,0.69,2.06
3/5/2022,18:00 EST,COL,3,1.6,1.61,ATL,0,0.88,0.88,3,0.73,0.73,3,1.96,0.78
3/5/2022,18:00 EST,CHI,0,0.47,0.47,ORL,0,0.11,0.11,0,0.36,0.36,0,1.61,0.81
3/5/2022,18:00 EST,MIN,1,1.97,2.01,NSH,1,1.54,1.56,0,0.43,0.44,0,1.65,1.09
3/5/2022,18:00 EST,RSL,1,2.35,2.67,SEA,0,0.63,0.64,1,1.73,2.03,1,2.6,0.27
3/5/2022,18:00 EST,CIN,0,2.11,2.12,DCU,1,1.66,1.67,-1,0.44,0.45,-1,1.64,1.11
3/5/2022,17:30 EST,SJE,3,1.26,1.26,CLB,3,1.5,1.52,0,-0.24,-0.26,0,1.2,1.5
3/5/2022,16:00 EST,MTL,1,0.44,0.44,PHI,2,1.27,1.27,-1,-0.83,-0.83,-1,0.66,2.06
3/5/2022,15:30 EST,SKC,1,1.41,1.44,HOU,0,0.37,0.37,1,1.04,1.07,1,2.2,0.53
3/5/2022,14:00 EST,TOR,1,0.82,0.82,NYRB,4,2.16,2.16,-3,-1.34,-1.34,-3,0.43,2.38
3/5/2022,13:30 EST,NER,1,1.46,1.49,FCD,0,1.31,1.31,1,0.15,0.18,1,1.41,1.27
2/27/2022,20:00 EST,SEA,0,0.53,0.54,NSH,1,0.77,0.82,-1,-0.24,-0.29,-1,1.01,1.6
2/27/2022,19:00 EST,HOU,0,0.44,0.44,RSL,0,0.3,0.3,0,0.14,0.15,0,1.44,1.05
2/27/2022,17:00 EST,LAG,1,1.48,1.48,NYC,0,0.68,0.68,1,0.8,0.8,1,2.01,0.72
2/27/2022,15:00 EST,ATL,3,1.44,1.44,SKC,1,1.12,1.15,2,0.32,0.3,2,1.58,1.13
2/27/2022,13:00 EST,ORL,2,1.37,1.37,MTL,0,0.67,0.68,2,0.69,0.69,2,1.97,0.74
2/26/2022,19:30 EST,POR,2,2.44,2.65,NER,2,0.84,0.85,0,1.6,1.8,0,2.42,0.41
2/26/2022,18:00 EST,SJE,1,1.17,1.26,NYRB,3,3.16,3.16,-2,-1.98,-1.91,-2,0.34,2.53
2/26/2022,18:00 EST,MIA,0,1.24,1.24,CHI,0,1.17,1.18,0,0.07,0.07,0,1.37,1.34
2/26/2022,18:00 EST,DCU,3,1.7,1.73,CLT,0,0.96,0.96,3,0.74,0.77,3,2.03,0.73
2/26/2022,18:00 EST,ATX,4,1.92,1.94,CIN,0,2.09,2.09,4,-0.17,-0.14,5,1.27,1.49
2/26/2022,17:30 EST,FCD,1,1.8,1.8,TOR,1,1.78,1.78,0,0.02,0.02,0,1.42,1.31
2/26/2022,15:30 EST,LAFC,3,2.29,2.29,COL,0,0.33,0.33,3,1.97,1.97,3,2.75,0.16
2/26/2022,15:30 EST,CLB,4,2.36,2.42,VAN,0,0.36,0.36,4,2,2.07,4,2.69,0.2
2/26/2022,13:00 EST,PHI,1,1.18,1.19,MIN,1,0.93,0.94,0,0.25,0.25,0,1.54,1.17
11/7/2021,18:00 EST,LAG,3,2.22,2.29,MIN,2,2.61,2.84,1,-0.39,-0.54,0,1.09,1.69
11/7/2021,18:00 EST,VAN,1,0.89,0.89,SEA,1,2.09,2.12,0,-1.2,-1.23,0,0.47,2.32
11/7/2021,18:00 EST,SJE,1,2.11,2.16,FCD,1,1.51,1.51,0,0.6,0.65,0,1.82,0.93
11/7/2021,18:00 EST,SKC,0,1.01,1.03,RSL,1,1.37,1.5,-1,-0.36,-0.48,-1,1.04,1.65
11/7/2021,18:00 EST,POR,3,3.84,4.01,ATX,0,0.42,0.42,3,3.42,3.59,3,2.93,0.04
11/7/2021,18:00 EST,COL,5,2.49,2.49,LAFC,2,1.38,1.38,3,1.12,1.11,3,2.16,0.68
11/7/2021,15:30 EST,NYC,1,0.76,0.76,PHI,1,1.38,1.38,0,-0.62,-0.63,0,0.78,1.93
11/7/2021,15:30 EST,TOR,1,0.93,0.99,DCU,3,2.6,2.68,-2,-1.68,-1.69,-2,0.37,2.48
11/7/2021,15:30 EST,CIN,1,0.6,0.6,ATL,2,1.89,1.92,-1,-1.29,-1.32,-1,0.5,2.31
11/7/2021,15:30 EST,CLB,2,3.79,3.95,CHI,0,0.64,0.64,2,3.15,3.31,2,2.85,0.1
11/7/2021,15:30 EST,NSH,1,0.91,0.95,NYRB,1,1.99,1.99,0,-1.07,-1.04,0,0.59,2.17
11/7/2021,15:30 EST,MTL,0,1.4,1.4,ORL,2,0.63,0.63,-2,0.78,0.78,-2,2.06,0.66
11/7/2021,15:30 EST,NER,0,1.46,1.46,MIA,1,0.46,0.46,-1,1,1,-1,2.15,0.59
11/3/2021,22:30 EDT,RSL,1,2.2,2.46,POR,2,1.02,1.03,-1,1.18,1.43,-2,2.19,0.6
11/3/2021,21:00 EDT,ATX,3,1.81,1.81,SKC,1,0.67,0.67,2,1.13,1.13,2,2.32,0.49
11/3/2021,19:30 EDT,NYRB,0,1.23,1.23,ATL,0,0.08,0.08,0,1.15,1.15,0,2.44,0.31
11/3/2021,19:30 EDT,MTL,2,1.01,1.01,HOU,0,0.61,0.61,2,0.4,0.4,2,1.72,0.93
11/2/2021,22:30 EDT,LAFC,1,2.82,2.93,VAN,1,0.63,0.63,0,2.18,2.3,0,2.73,0.17
11/1/2021,22:00 EDT,SEA,1,1.26,1.26,LAG,1,0.97,0.99,0,0.29,0.27,0,1.66,1.01
10/31/2021,19:30 EDT,PHI,2,2.28,2.3,CIN,0,0.33,0.33,2,1.96,1.97,2,2.64,0.21
10/31/2021,16:00 EDT,ORL,1,1.05,1.05,NSH,1,1.09,1.09,0,-0.04,-0.04,0,1.22,1.47
10/31/2021,15:00 EDT,HOU,0,0.54,0.54,COL,1,0.43,0.43,-1,0.11,0.11,-1,1.44,1.11
10/31/2021,13:00 EDT,MIN,2,1.66,1.68,SKC,1,0.43,0.43,1,1.23,1.24,1,2.42,0.38
10/30/2021,21:00 EDT,FCD,2,1.6,1.6,ATX,1,0.53,0.53,1,1.07,1.07,1,2.3,0.48
10/30/2021,19:30 EDT,DCU,1,0.72,0.72,CLB,3,2.14,2.14,-2,-1.41,-1.42,-2,0.38,2.44
10/30/2021,18:00 EDT,ATL,1,2.09,2.09,TOR,1,0.98,0.98,0,1.11,1.11,0,2.23,0.58
10/30/2021,16:00 EDT,NYRB,1,1.67,1.67,MTL,0,0.63,0.63,1,1.04,1.04,1,2.19,0.59
10/30/2021,15:30 EDT,RSL,3,1.92,1.98,SJE,4,2.27,2.27,-1,-0.36,-0.29,-1,1.09,1.7
10/30/2021,13:30 EDT,MIA,1,0.84,0.86,NYC,3,1.48,1.48,-2,-0.63,-0.62,-2,0.81,1.91
10/27/2021,22:00 EDT,POR,2,3.36,3.85,SJE,0,0.98,1.06,2,2.38,2.79,2,2.63,0.28
10/27/2021,22:00 EDT,VAN,1,0.68,0.68,MIN,1,1.83,2.06,0,-1.15,-1.38,1,0.5,2.28
10/27/2021,20:30 EDT,SKC,2,0.59,0.59,LAG,0,0.49,0.49,2,0.1,0.1,2,1.37,1.19
10/27/2021,20:00 EDT,FCD,1,1.51,1.51,RSL,2,1.18,1.18,-1,0.34,0.33,-1,1.61,1.15
10/27/2021,19:30 EDT,DCU,1,0.38,0.38,NYRB,0,1.52,1.55,1,-1.13,-1.16,1,0.48,2.29
10/27/2021,19:30 EDT,ATL,2,1.24,1.25,MIA,1,1.92,1.92,1,-0.68,-0.68,1,0.86,1.91
10/27/2021,19:30 EDT,NYC,1,2.03,2.13,CHI,0,0.45,0.45,1,1.58,1.68,1,2.56,0.29
10/27/2021,19:30 EDT,TOR,1,1.16,1.16,PHI,2,1.4,1.4,-1,-0.24,-0.24,0,1.13,1.6
10/27/2021,19:30 EDT,CLB,3,1.55,1.55,ORL,2,1.66,1.78,1,-0.12,-0.24,1,1.26,1.46
10/27/2021,19:30 EDT,CIN,2,2.35,2.35,NSH,6,1.91,1.91,-4,0.44,0.44,-3,1.85,0.88
10/27/2021,19:00 EDT,NER,1,1.49,1.52,COL,0,0.34,0.34,1,1.15,1.18,1,2.26,0.5
10/26/2021,22:30 EDT,LAFC,3,1.22,1.22,SEA,0,0.97,0.99,3,0.24,0.23,3,1.59,1.12
10/24/2021,19:30 EDT,ORL,2,2.05,2.05,NER,2,1.29,1.31,0,0.76,0.75,0,1.96,0.8
10/24/2021,17:00 EDT,ATX,1,1.83,1.84,HOU,0,0.8,0.81,1,1.03,1.03,1,2.23,0.57
10/23/2021,22:00 EDT,SJE,1,1.37,1.38,VAN,1,0.73,0.75,0,0.65,0.63,0,1.82,0.92
10/23/2021,22:00 EDT,LAG,2,2.05,2.05,FCD,2,1.36,1.41,0,0.69,0.64,0,1.92,0.86
10/23/2021,21:00 EDT,COL,2,1.36,1.39,POR,0,0.3,0.3,2,1.06,1.09,2,2.26,0.48
10/23/2021,20:00 EDT,MIA,5,1.59,1.59,CIN,1,1.34,1.35,4,0.26,0.24,4,1.59,1.14
10/23/2021,20:00 EDT,CHI,1,1.37,1.37,RSL,0,0.9,0.9,1,0.47,0.47,1,1.67,1.03
10/23/2021,20:00 EDT,MIN,1,1.83,1.86,LAFC,1,0.58,0.58,0,1.25,1.27,0,2.32,0.47
10/23/2021,19:30 EDT,TOR,1,2.06,2.07,MTL,1,1.78,1.78,0,0.27,0.29,0,1.51,1.2
10/23/2021,19:30 EDT,PHI,1,1.53,1.53,NSH,0,0.23,0.23,1,1.3,1.3,1,2.54,0.28
10/23/2021,19:30 EDT,NYC,6,3.08,3.16,DCU,0,0.69,0.69,6,2.39,2.46,6,2.73,0.18
10/23/2021,18:00 EDT,CLB,1,0.52,0.52,NYRB,2,3.04,3.06,-1,-2.52,-2.54,-1,0.12,2.81
10/23/2021,15:30 EDT,SEA,1,1.69,1.71,SKC,2,1.06,1.09,-1,0.63,0.62,-1,1.76,0.99
10/20/2021,22:30 EDT,SJE,4,2.27,2.28,ATX,0,0.83,0.83,4,1.44,1.45,4,2.32,0.49
10/20/2021,22:00 EDT,POR,2,1.36,1.37,VAN,3,1.6,1.6,-1,-0.24,-0.22,-1,1.2,1.54
10/20/2021,21:00 EDT,COL,1,1.26,1.31,SEA,1,1.71,1.71,0,-0.45,-0.4,0,0.99,1.76
10/20/2021,20:30 EDT,HOU,0,1.35,1.35,LAG,2,1.7,1.7,-2,-0.35,-0.35,-3,0.94,1.78
10/20/2021,20:30 EDT,NSH,1,1.1,1.1,CLB,1,0.7,0.7,0,0.4,0.4,0,1.68,1.01
10/20/2021,20:00 EDT,FCD,2,1.02,1.06,LAFC,3,1.53,1.53,-1,-0.51,-0.47,-1,0.92,1.82
10/20/2021,20:00 EDT,MIN,3,1.5,1.54,PHI,2,2.04,2.05,1,-0.54,-0.51,1,0.99,1.78
10/20/2021,19:30 EDT,CIN,3,2.55,2.65,CHI,4,1.98,2.06,-1,0.57,0.59,-1,1.76,1.02
10/20/2021,19:30 EDT,DCU,2,1.98,2.09,NER,3,1.89,1.91,-1,0.09,0.18,-1,1.5,1.3
10/20/2021,19:30 EDT,MIA,2,1.19,1.19,TOR,0,0.57,0.57,2,0.62,0.62,3,1.81,0.85
10/20/2021,19:30 EDT,ORL,1,1.39,1.48,MTL,1,0.75,0.75,0,0.65,0.73,0,1.9,0.79
10/20/2021,19:30 EDT,ATL,1,0.65,0.65,NYC,1,0.79,0.79,0,-0.14,-0.14,0,1.2,1.44
10/17/2021,22:00 EDT,VAN,2,0.51,0.51,SKC,1,0.31,0.31,1,0.19,0.19,1,1.41,1.07
10/17/2021,13:00 EDT,NYRB,1,1.58,1.67,NYC,0,0.56,0.56,1,1.02,1.11,1,2.22,0.54
10/16/2021,22:30 EDT,LAG,2,2.95,3.03,POR,1,0.39,0.39,1,2.56,2.64,1,2.86,0.09
10/16/2021,21:30 EDT,RSL,3,1.46,1.46,COL,1,0.66,0.67,2,0.8,0.79,2,2.03,0.72
10/16/2021,21:00 EDT,ATX,0,1.43,1.43,MIN,1,1.35,1.37,-1,0.08,0.06,-1,1.41,1.29
10/16/2021,20:30 EDT,HOU,2,1.24,1.25,SEA,1,0.78,0.78,1,0.46,0.47,1,1.74,0.97
10/16/2021,19:30 EDT,CIN,0,0.94,0.95,ORL,1,0.91,0.91,-1,0.03,0.04,-1,1.35,1.31
10/16/2021,19:30 EDT,DCU,0,1.04,1.11,NSH,0,0.22,0.22,0,0.82,0.89,0,2.12,0.52
10/16/2021,19:30 EDT,TOR,0,1.05,1.09,ATL,2,1.32,1.32,-2,-0.26,-0.24,-2,1.14,1.58
10/16/2021,19:00 EDT,NER,2,1.34,1.34,CHI,2,1.04,1.04,0,0.3,0.3,0,1.61,1.12
10/16/2021,18:00 EDT,CLB,3,2.76,2.88,MIA,0,0.63,0.63,3,2.12,2.24,4,2.69,0.21
10/16/2021,15:30 EDT,LAFC,3,2.61,2.61,SJE,1,2.43,2.54,2,0.18,0.07,2,1.53,1.23
10/16/2021,13:00 EDT,MTL,2,0.7,0.71,PHI,1,0.2,0.2,1,0.51,0.51,0,1.84,0.71
10/10/2021,16:00 EDT,MIN,1,1.57,1.61,COL,3,2.15,2.26,-2,-0.58,-0.65,-2,1.02,1.73
10/9/2021,21:00 EDT,SEA,4,1.62,1.63,VAN,1,1.54,1.58,3,0.08,0.05,3,1.4,1.34
10/9/2021,20:00 EDT,CIN,1,1.37,1.38,PHI,2,1.18,1.18,-1,0.19,0.2,-1,1.48,1.24
10/9/2021,18:00 EDT,NYRB,1,1.8,1.83,MIA,0,0.42,0.42,1,1.38,1.41,1,2.51,0.31
10/3/2021,22:00 EDT,SEA,3,1.32,1.32,COL,0,0.8,0.8,3,0.53,0.53,3,1.87,0.84
10/3/2021,20:00 EDT,LAG,1,1.2,1.2,LAFC,1,0.95,0.95,0,0.25,0.25,0,1.52,1.19
10/3/2021,17:30 EDT,POR,1,1.98,2.02,MIA,0,0.92,0.92,1,1.07,1.11,1,2.15,0.65
10/3/2021,16:00 EDT,TOR,3,2.46,2.47,CHI,1,0.66,0.67,2,1.79,1.8,2,2.61,0.27
10/3/2021,16:00 EDT,PHI,3,0.64,0.64,CLB,0,1.49,1.49,3,-0.84,-0.84,3,0.65,2.07
10/3/2021,16:00 EDT,SKC,4,3.45,3.46,HOU,2,1.81,1.81,2,1.64,1.65,2,2.36,0.47
10/3/2021,12:00 EDT,NYC,0,1.95,1.95,NSH,0,1.06,1.07,0,0.89,0.88,0,2.03,0.74
10/2/2021,22:00 EDT,VAN,3,1.95,2.19,SJE,0,0.53,0.53,3,1.42,1.66,3,2.38,0.44
10/2/2021,20:00 EDT,FCD,0,0.74,0.74,MIN,0,1.49,1.52,0,-0.76,-0.78,0,0.73,2.01
10/2/2021,19:30 EDT,CIN,0,0.41,0.41,NYRB,1,0.94,0.94,-1,-0.53,-0.53,-1,0.77,1.86
10/2/2021,19:30 EDT,ORL,2,1.39,1.43,DCU,1,0.62,0.62,1,0.77,0.81,1,2.07,0.65
10/2/2021,19:00 EDT,MTL,2,2.05,2.05,ATL,1,1.2,1.2,1,0.85,0.85,1,2.04,0.71
10/2/2021,15:30 EDT,ATX,2,2.26,2.3,RSL,1,0.97,0.97,1,1.3,1.33,1,2.33,0.49
9/29/2021,22:30 EDT,SJE,0,0.7,0.7,SEA,3,2.07,2.07,-3,-1.37,-1.37,-2,0.38,2.44
9/29/2021,22:30 EDT,LAFC,1,1.08,1.09,POR,2,0.93,0.96,-1,0.15,0.13,-1,1.42,1.29
9/29/2021,21:30 EDT,RSL,2,1.2,1.2,LAG,1,1.97,1.97,1,-0.77,-0.77,1,0.82,1.94
9/29/2021,21:00 EDT,COL,3,1.15,1.15,ATX,0,0.53,0.53,3,0.62,0.62,3,1.98,0.74
9/29/2021,21:00 EDT,HOU,0,1.62,1.62,VAN,0,0.2,0.2,0,1.42,1.42,0,2.5,0.31
9/29/2021,20:30 EDT,NSH,2,2.18,2.41,ORL,1,1.13,1.13,1,1.05,1.28,0,2.24,0.54
9/29/2021,20:00 EDT,FCD,1,0.76,0.76,SKC,3,1.66,1.66,-2,-0.9,-0.89,-2,0.59,2.15
9/29/2021,20:00 EDT,CHI,2,1.18,1.2,NYC,0,0.34,0.34,2,0.84,0.86,2,2.1,0.61
9/29/2021,19:30 EDT,MTL,1,1.95,1.95,NER,3,1.36,1.37,-2,0.59,0.58,-3,1.81,0.95
9/29/2021,19:30 EDT,NYRB,1,0.8,0.8,PHI,1,0.59,0.59,0,0.21,0.21,0,1.47,1.16
9/29/2021,19:30 EDT,DCU,3,3.45,3.46,MIN,1,0.24,0.24,2,3.21,3.22,2,2.94,0.04
9/29/2021,19:00 EDT,ATL,1,2.65,2.77,MIA,0,0.41,0.41,1,2.23,2.36,1,2.81,0.12
9/29/2021,19:00 EDT,TOR,3,2.72,2.72,CIN,2,0.51,0.51,1,2.22,2.22,1,2.78,0.14
9/26/2021,21:30 EDT,ATX,2,0.98,1.01,LAG,0,0.85,0.85,2,0.13,0.16,2,1.41,1.25
9/26/2021,19:00 EDT,SKC,1,0.46,0.46,SEA,2,0.88,0.88,-1,-0.42,-0.42,-1,0.89,1.72
9/26/2021,13:00 EDT,CHI,0,0.43,0.43,NSH,0,0.42,0.42,0,0.01,0.01,0,1.17,1.32
9/25/2021,22:30 EDT,POR,6,1.69,1.69,RSL,1,1.67,2.11,5,0.02,-0.42,5,1.36,1.38
9/25/2021,22:00 EDT,SJE,2,1.42,1.42,LAFC,0,1.31,1.31,2,0.11,0.11,2,1.47,1.22
9/25/2021,22:00 EDT,VAN,1,1.07,1.08,FCD,0,2.03,2.04,1,-0.96,-0.97,1,0.66,2.13
9/25/2021,20:00 EDT,NYC,0,0.84,0.84,NYRB,1,1.47,1.51,-1,-0.64,-0.68,-1,0.87,1.88
9/25/2021,20:00 EDT,COL,0,0.55,0.55,TOR,0,0.47,0.47,0,0.09,0.09,0,1.4,1.13
9/25/2021,20:00 EDT,MIN,2,0.93,0.94,HOU,0,1.37,1.44,2,-0.44,-0.5,2,0.96,1.76
9/25/2021,19:30 EDT,CLB,2,0.61,0.61,MTL,1,1.21,1.29,1,-0.6,-0.68,1,0.71,1.96
9/25/2021,19:30 EDT,DCU,4,2.18,2.24,CIN,2,1.05,1.06,2,1.13,1.18,2,2.23,0.58
9/25/2021,19:00 EDT,NER,1,0.85,0.85,ORL,1,1.84,1.84,0,-0.99,-0.99,1,0.61,2.16
9/25/2021,15:30 EDT,PHI,1,1.07,1.07,ATL,0,0.17,0.17,1,0.9,0.9,1,2.25,0.45
9/22/2021,20:00 EDT,CHI,2,2.62,2.66,NER,3,1.83,1.83,-1,0.79,0.83,-1,1.91,0.92
9/22/2021,20:00 EDT,NYRB,1,1.42,1.49,NYC,1,0.96,0.96,0,0.46,0.53,0,1.8,0.91
9/22/2021,19:30 EDT,MIA,1,0.81,0.81,NSH,5,2.56,2.57,-4,-1.76,-1.76,-4,0.35,2.5
9/19/2021,21:00 EDT,COL,1,2.17,2.19,VAN,1,0.98,0.98,0,1.19,1.21,0,2.16,0.64
9/19/2021,19:30 EDT,POR,2,1.19,1.24,LAFC,1,2.3,2.33,1,-1.11,-1.08,1,0.67,2.15
9/19/2021,16:00 EDT,PHI,3,2.08,2.08,ORL,1,0.7,0.71,2,1.38,1.38,2,2.47,0.37
9/19/2021,13:00 EDT,MTL,1,1.48,1.48,CHI,0,0.65,0.65,1,0.84,0.84,2,2.11,0.63
9/18/2021,21:30 EDT,RSL,1,1.63,1.63,SEA,0,0.46,0.46,1,1.16,1.16,1,2.3,0.48
9/18/2021,21:30 EDT,HOU,3,2.2,2.21,FCD,2,1.51,1.51,1,0.69,0.7,1,1.91,0.86
9/18/2021,20:00 EDT,MIN,3,0.79,0.79,LAG,0,0.68,0.68,3,0.11,0.11,3,1.45,1.16
9/18/2021,20:00 EDT,ATX,3,2.62,2.91,SJE,4,2.26,2.3,-1,0.36,0.61,-1,1.69,1.07
9/18/2021,19:30 EDT,CIN,1,0.69,0.69,NYC,2,1.4,1.4,-1,-0.7,-0.71,-1,0.68,2.04
9/18/2021,19:30 EDT,TOR,2,1.25,1.25,NSH,1,1.28,1.28,1,-0.02,-0.03,1,1.34,1.36
9/18/2021,19:00 EDT,NER,1,2.67,2.69,CLB,1,0.64,0.64,0,2.03,2.06,0,2.6,0.28
9/18/2021,15:30 EDT,ATL,3,2.94,2.96,DCU,2,1.14,1.14,1,1.8,1.81,1,2.53,0.33
9/17/2021,19:00 EDT,MIA,0,0.05,0.05,NYRB,4,2.57,2.61,-4,-2.52,-2.56,-4,0.08,2.85
9/15/2021,22:30 EDT,LAG,1,0.88,0.88,HOU,1,1.17,1.17,0,-0.28,-0.28,0,1.02,1.68
9/15/2021,22:30 EDT,SJE,3,1.95,1.96,RSL,4,1.86,1.88,-1,0.09,0.08,-1,1.43,1.28
9/15/2021,22:00 EDT,POR,2,1.3,1.3,COL,2,1.8,1.81,0,-0.5,-0.51,0,0.97,1.78
9/15/2021,21:00 EDT,ATX,1,1.35,1.69,LAFC,2,2.48,2.49,-1,-1.12,-0.79,-1,0.55,2.26
9/15/2021,20:30 EDT,SKC,4,1.71,1.73,MIN,0,0.69,0.69,4,1.02,1.04,4,2.28,0.52
9/15/2021,19:30 EDT,DCU,3,2,2.01,CHI,0,0.72,0.72,3,1.28,1.29,3,2.46,0.38
9/15/2021,19:30 EDT,ORL,2,0.65,0.65,MTL,4,1.99,2,-2,-1.34,-1.35,-2,0.47,2.35
9/15/2021,19:00 EDT,ATL,4,2.11,2.14,CIN,0,0.93,0.93,4,1.18,1.21,4,2.31,0.51
9/14/2021,19:30 EDT,TOR,0,0.62,0.62,MIA,1,1.48,1.48,-1,-0.86,-0.86,-1,0.59,2.15
9/14/2021,19:30 EDT,CLB,2,1.95,2.07,NYRB,1,0.96,0.96,1,0.99,1.1,1,2.14,0.63
9/14/2021,19:30 EDT,NYC,3,2.37,2.46,FCD,3,1.17,1.17,0,1.2,1.28,0,2.17,0.64
9/12/2021,22:30 EDT,LAFC,2,1.36,1.37,RSL,2,1.09,1.09,0,0.27,0.28,1,1.54,1.15
9/11/2021,20:30 EDT,SKC,2,2.12,2.25,CHI,0,0.73,0.73,2,1.38,1.52,2,2.35,0.47
9/11/2021,20:30 EDT,FCD,1,1.46,1.46,SJE,1,1.45,1.48,0,0.02,-0.01,0,1.37,1.36
9/11/2021,20:30 EDT,HOU,3,1.32,1.33,ATX,0,0.99,0.99,3,0.32,0.34,3,1.64,1.09
9/11/2021,20:00 EDT,MTL,0,1.07,1.17,NSH,1,0.98,1.01,-1,0.09,0.15,-1,1.45,1.23
9/11/2021,20:00 EDT,CIN,2,1.26,1.26,TOR,0,0.78,0.79,2,0.48,0.47,2,1.73,0.97
9/11/2021,20:00 EDT,MIA,1,0.82,0.82,CLB,0,0.42,0.42,1,0.4,0.4,1,1.74,0.85
9/11/2021,19:00 EDT,NYRB,1,0.43,0.43,DCU,1,1.68,1.71,0,-1.24,-1.27,0,0.36,2.45
9/11/2021,19:00 EDT,NER,2,1.85,1.87,NYC,1,0.82,0.82,1,1.03,1.05,1,2.1,0.63
9/11/2021,17:00 EDT,SEA,1,0.74,0.75,MIN,0,1.11,1.11,1,-0.37,-0.36,1,1.04,1.63
9/11/2021,15:30 EDT,COL,1,1.38,1.39,LAG,1,1.24,1.24,0,0.14,0.14,0,1.48,1.26
9/10/2021,22:00 EDT,VAN,0,1.25,1.26,POR,0,0.68,0.76,0,0.57,0.51,-1,1.84,0.85
9/10/2021,19:00 EDT,ATL,2,1.61,1.61,ORL,0,0.25,0.25,2,1.35,1.35,3,2.46,0.34
9/4/2021,22:00 EDT,SJE,0,0.72,0.72,COL,1,1.44,1.44,-1,-0.72,-0.72,-1,0.72,2.03
9/4/2021,20:00 EDT,CIN,0,0.5,0.5,MIA,1,0.61,0.62,-1,-0.11,-0.12,-1,1.12,1.45
9/4/2021,20:00 EDT,RSL,3,2.41,2.42,FCD,2,1.4,1.4,1,1.01,1.02,1,2.06,0.74
9/4/2021,19:30 EDT,ORL,3,1.12,1.12,CLB,1,0.86,0.86,2,0.26,0.26,1,1.59,1.09
9/4/2021,19:00 EDT,VAN,2,1.39,1.43,ATX,1,1.47,1.47,1,-0.07,-0.03,1,1.28,1.42
9/3/2021,22:00 EDT,LAFC,4,3.07,3.07,SKC,0,0.67,0.67,4,2.4,2.4,4,2.77,0.15
9/3/2021,20:00 EDT,HOU,0,1.18,1.19,POR,2,1.91,2.08,-2,-0.72,-0.89,-2,0.86,1.89
9/3/2021,19:30 EDT,NSH,2,1.09,1.09,NYC,1,1.97,1.99,1,-0.88,-0.91,2,0.79,1.98
9/3/2021,19:30 EDT,PHI,0,0.93,0.94,NER,1,1.13,1.13,-1,-0.2,-0.19,-1,1.15,1.52
8/29/2021,22:30 EDT,SEA,0,0.85,0.86,POR,2,0.84,0.84,-2,0.01,0.02,-2,1.25,1.4
8/29/2021,22:00 EDT,VAN,3,2.14,2.15,RSL,1,0.81,0.81,2,1.33,1.34,3,2.44,0.36
8/29/2021,20:00 EDT,ATX,3,1.28,1.28,FCD,5,2.8,2.83,-2,-1.51,-1.55,-2,0.5,2.34
8/28/2021,21:00 EDT,SKC,1,1.82,1.82,COL,1,1.62,1.67,0,0.2,0.15,0,1.47,1.26
8/28/2021,21:00 EDT,HOU,1,0.78,0.79,MIN,2,1.19,1.2,-1,-0.41,-0.41,-1,0.91,1.81
8/28/2021,20:00 EDT,DCU,3,2.28,2.46,PHI,0,0.41,0.41,3,1.87,2.05,2,2.7,0.19
8/28/2021,19:30 EDT,NYC,2,1.85,1.85,NER,0,1.49,1.49,2,0.36,0.36,2,1.64,1.11
8/28/2021,19:00 EDT,LAFC,3,2.45,2.49,LAG,3,1.06,1.06,0,1.38,1.43,0,2.32,0.51
8/28/2021,18:00 EDT,NYRB,0,1.38,1.39,CHI,1,0.88,0.88,-1,0.49,0.51,-1,1.69,1.01
8/28/2021,15:30 EDT,ATL,0,0.65,0.65,NSH,2,1.28,1.29,-2,-0.63,-0.64,-2,0.87,1.83
8/27/2021,20:30 EDT,ORL,0,1.84,1.89,MIA,0,0.74,0.81,0,1.1,1.08,0,2.27,0.5
8/27/2021,19:30 EDT,MTL,3,2.44,2.52,TOR,1,0.25,0.25,2,2.19,2.27,2,2.81,0.11
8/27/2021,18:30 EDT,CLB,3,2.09,2.14,CIN,2,1.3,1.3,1,0.8,0.84,1,1.94,0.83
8/21/2021,22:00 EDT,VAN,2,1.11,1.11,LAFC,1,3.35,3.4,1,-2.24,-2.3,1,0.27,2.63
8/21/2021,21:00 EDT,ATX,3,2.55,2.57,POR,1,1.02,1.02,2,1.54,1.55,2,2.4,0.44
8/21/2021,21:00 EDT,COL,2,1.37,1.38,RSL,1,1.35,1.35,1,0.02,0.03,1,1.44,1.27
8/21/2021,20:45 EDT,ORL,1,0.72,0.73,CHI,0,1.06,1.06,1,-0.34,-0.33,1,1.05,1.63
8/21/2021,20:30 EDT,HOU,2,1.91,1.94,FCD,2,0.76,0.76,0,1.15,1.18,0,2.3,0.49
8/21/2021,20:00 EDT,PHI,1,0.91,0.91,MTL,1,1.57,1.57,0,-0.66,-0.66,0,0.84,1.9
8/21/2021,20:00 EDT,MIA,3,1.84,1.84,TOR,0,0.78,0.78,3,1.06,1.06,2,2.21,0.56
8/21/2021,20:00 EDT,DCU,1,1.88,1.91,ATL,2,1.14,1.14,-1,0.74,0.77,-1,1.87,0.87
8/21/2021,20:00 EDT,NER,4,2.1,2.1,CIN,1,1.01,1.01,3,1.09,1.09,3,2.21,0.6
8/21/2021,17:30 EDT,CLB,1,0.77,0.77,SEA,2,1.65,1.66,-1,-0.89,-0.89,-1,0.6,2.11
8/21/2021,15:30 EDT,MIN,0,2.77,2.86,SKC,0,1.18,1.18,0,1.59,1.68,0,2.41,0.43
8/20/2021,22:30 EDT,LAG,1,2.04,2.07,SJE,1,1.52,1.59,0,0.51,0.48,-1,1.78,1
8/18/2021,22:00 EDT,RSL,2,0.79,0.79,HOU,1,1.92,1.92,1,-1.13,-1.13,1,0.53,2.26
8/18/2021,21:00 EDT,ATX,1,0.75,0.75,VAN,2,2.42,2.45,-1,-1.66,-1.69,-1,0.37,2.47
8/18/2021,20:30 EDT,NSH,1,0.85,0.85,ORL,1,0.76,0.77,0,0.08,0.08,0,1.37,1.27
8/18/2021,20:30 EDT,SKC,1,1.96,2.03,POR,1,0.8,0.8,0,1.16,1.22,0,2.29,0.51
8/18/2021,20:30 EDT,FCD,0,1.02,1.03,SEA,1,0.56,0.57,-1,0.46,0.47,-1,1.72,0.97
8/18/2021,20:00 EDT,NYRB,1,1.1,1.1,CLB,0,1.84,2.02,1,-0.74,-0.92,1,0.83,1.93
8/18/2021,19:30 EDT,MIA,3,1.65,1.72,CHI,2,1.05,1.06,1,0.6,0.66,1,1.91,0.83
8/18/2021,19:30 EDT,PHI,1,0.99,0.99,NYC,0,1.01,1.01,1,-0.02,-0.02,1,1.37,1.33
8/18/2021,19:30 EDT,CIN,0,0.83,0.83,MTL,0,0.3,0.3,0,0.53,0.53,0,1.82,0.81
8/18/2021,19:00 EDT,ATL,1,1.37,1.38,TOR,0,0.92,0.93,1,0.45,0.46,1,1.74,1.01
8/18/2021,19:00 EDT,NER,3,1.88,1.93,DCU,2,1.99,2,1,-0.11,-0.07,1,1.25,1.5
8/17/2021,22:30 EDT,SJE,0,0.19,0.19,MIN,1,1.23,1.23,-1,-1.04,-1.04,0,0.41,2.35
8/17/2021,22:30 EDT,LAG,1,1.71,1.78,COL,2,1.92,1.93,-1,-0.21,-0.15,-1,1.22,1.54
8/15/2021,22:00 EDT,POR,2,1.76,1.77,SEA,6,2.55,2.7,-4,-0.79,-0.94,-4,0.87,1.95
8/15/2021,19:00 EDT,NSH,5,2.24,2.27,DCU,2,1.23,1.23,3,1.02,1.04,3,2.19,0.61
8/15/2021,18:00 EDT,CHI,1,1.55,1.59,CLB,0,0.58,0.59,1,0.97,1.01,1,2.11,0.64
8/15/2021,16:00 EDT,ATL,1,0.84,0.84,LAFC,0,1.05,1.05,1,-0.21,-0.21,1,1.17,1.51
8/14/2021,22:00 EDT,RSL,1,1.17,1.17,ATX,0,0.9,0.91,1,0.27,0.26,1,1.52,1.17
8/14/2021,20:30 EDT,FCD,0,1.69,1.72,SKC,2,0.94,0.94,-2,0.75,0.79,-2,1.95,0.79
8/14/2021,20:30 EDT,HOU,1,2.53,2.56,COL,3,1.34,1.34,-2,1.18,1.22,-2,2.2,0.6
8/14/2021,20:00 EDT,TOR,1,1.08,1.08,NER,2,1.49,1.62,-1,-0.42,-0.54,-1,0.93,1.79
8/14/2021,20:00 EDT,NYC,2,1.9,1.99,MIA,0,0.28,0.28,2,1.62,1.72,2,2.66,0.21
8/14/2021,20:00 EDT,MTL,2,2.58,2.59,NYRB,1,1.69,1.7,1,0.89,0.89,1,2,0.76
8/14/2021,18:00 EDT,MIN,0,1.64,1.65,LAG,1,1.34,1.34,-1,0.3,0.31,-1,1.49,1.25
8/13/2021,22:30 EDT,SJE,0,1.11,1.12,VAN,0,0.77,0.79,0,0.34,0.34,0,1.58,1.08
8/8/2021,20:00 EDT,LAG,1,1.6,1.6,VAN,1,1.11,1.11,0,0.49,0.49,0,1.72,1.02
8/8/2021,20:00 EDT,DCU,2,1.49,1.49,MTL,1,0.61,0.61,1,0.88,0.88,1,2.09,0.66
8/8/2021,19:00 EDT,SJE,2,1.17,1.17,LAFC,0,1.31,1.34,2,-0.15,-0.17,1,1.22,1.49
8/8/2021,18:00 EDT,NER,2,2.86,2.86,PHI,1,1.43,1.44,1,1.43,1.43,1,2.35,0.49
8/8/2021,18:00 EDT,CHI,2,1.04,1.04,NYRB,1,1,1.02,1,0.04,0.02,1,1.34,1.34
8/8/2021,18:00 EDT,MIA,2,1.59,1.59,NSH,1,0.57,0.57,1,1.02,1.02,1,2.17,0.61
8/7/2021,22:30 EDT,POR,3,1.68,1.79,RSL,2,2.48,2.67,1,-0.81,-0.89,1,0.89,1.9
8/7/2021,21:00 EDT,COL,0,2.03,2.04,SKC,0,0.46,0.46,0,1.56,1.57,0,2.5,0.32
8/7/2021,20:30 EDT,FCD,2,0.6,0.61,ATX,0,1.31,1.31,2,-0.71,-0.71,2,0.79,1.92
8/7/2021,20:00 EDT,TOR,2,2.18,2.18,NYC,2,1.08,1.08,0,1.1,1.1,0,2.17,0.63
8/7/2021,20:00 EDT,MIN,2,1.2,1.21,HOU,0,0.29,0.29,2,0.9,0.91,2,2.17,0.52
8/7/2021,19:30 EDT,CLB,2,1.26,1.27,ATL,3,2.83,2.83,-1,-1.57,-1.56,-1,0.35,2.5
8/7/2021,19:30 EDT,CIN,1,0.97,0.98,ORL,1,1.11,1.11,0,-0.14,-0.13,0,1.2,1.49
8/4/2021,22:30 EDT,LAG,1,1.74,1.79,RSL,0,1.16,1.16,1,0.58,0.63,1,1.78,0.98
8/4/2021,22:30 EDT,POR,1,2.4,2.43,SJE,1,1.58,1.59,0,0.82,0.84,0,1.91,0.9
8/4/2021,22:30 EDT,LAFC,1,2,2.01,SKC,4,1.17,1.17,-3,0.83,0.84,-3,1.98,0.78
8/4/2021,22:00 EDT,SEA,1,1.83,1.83,FCD,1,1.12,1.27,0,0.71,0.56,0,1.8,0.94
8/4/2021,21:00 EDT,ATX,3,1.56,1.6,HOU,2,0.87,0.94,1,0.7,0.66,1,1.95,0.8
8/4/2021,20:00 EDT,CHI,0,0.31,0.31,NYC,0,0.91,0.91,0,-0.6,-0.6,0,0.73,1.91
8/4/2021,20:00 EDT,NYRB,0,2.1,2.18,CIN,0,0.42,0.42,0,1.68,1.76,0,2.53,0.31
8/4/2021,20:00 EDT,ORL,1,0.81,0.81,MIA,1,0.31,0.31,0,0.49,0.49,0,1.79,0.8
8/4/2021,19:30 EDT,MTL,2,1.3,1.3,ATL,2,1.82,1.83,0,-0.53,-0.53,0,0.94,1.8
8/4/2021,19:30 EDT,PHI,3,2.61,2.62,TOR,0,1.52,1.52,3,1.09,1.1,3,2.14,0.62
8/4/2021,19:30 EDT,CLB,2,1.42,1.42,DCU,4,1.61,1.61,-2,-0.19,-0.18,-2,1.18,1.55
8/4/2021,19:00 EDT,NER,0,0.37,0.37,NSH,0,0.85,0.85,0,-0.48,-0.48,0,0.83,1.76
8/1/2021,19:30 EDT,TOR,1,0.62,0.62,NSH,1,0.85,0.86,0,-0.23,-0.24,0,1.03,1.59
8/1/2021,18:00 EDT,PHI,1,2.52,2.56,CHI,1,0.18,0.18,0,2.35,2.38,0,2.8,0.11
7/31/2021,22:00 EDT,VAN,2,1.32,1.32,MIN,2,1.03,1.03,0,0.28,0.28,0,1.7,0.98
7/31/2021,21:00 EDT,ATX,0,0.74,0.75,COL,1,1.93,2.2,-1,-1.18,-1.46,-1,0.55,2.25
7/31/2021,20:30 EDT,SKC,1,1.63,1.65,FCD,2,0.83,0.83,-1,0.8,0.81,-1,1.93,0.82
7/31/2021,20:30 EDT,HOU,0,1.15,1.15,RSL,0,1.18,1.19,0,-0.02,-0.03,0,1.28,1.44
7/31/2021,20:00 EDT,MIA,2,1.56,1.56,MTL,1,0.99,0.99,1,0.57,0.57,1,1.91,0.84
7/31/2021,19:30 EDT,CIN,0,0.95,0.95,DCU,0,0.43,0.43,0,0.52,0.52,0,1.84,0.8
7/31/2021,18:00 EDT,NYRB,2,1.13,1.13,NER,3,2.58,2.86,-1,-1.45,-1.74,-1,0.49,2.34
7/31/2021,17:00 EDT,SEA,0,1.23,1.23,SJE,1,0.47,0.47,-1,0.76,0.76,-1,2.06,0.65
7/30/2021,22:00 EDT,LAG,4,2.56,2.74,POR,1,1.26,1.26,3,1.3,1.47,3,2.25,0.56
7/30/2021,20:00 EDT,ORL,3,1.99,2.09,ATL,2,0.54,0.54,1,1.46,1.55,1,2.48,0.36
7/30/2021,19:30 EDT,NYC,4,3.26,3.96,CLB,1,1.5,1.57,3,1.77,2.39,3,2.44,0.41
7/28/2021,22:30 EDT,LAFC,2,1.73,1.74,MIN,2,1.3,1.32,0,0.43,0.42,0,1.74,1.03
7/25/2021,21:00 EDT,SEA,1,1.04,1.04,SKC,3,1.01,1.01,-2,0.03,0.03,-2,1.45,1.22
7/25/2021,20:00 EDT,DCU,1,1.1,1.1,NYRB,0,0.21,0.21,1,0.9,0.9,1,2.26,0.43
7/25/2021,19:30 EDT,MIA,1,0.96,0.97,PHI,1,1.4,1.45,0,-0.43,-0.48,0,0.96,1.77
7/25/2021,18:00 EDT,NER,2,0.84,0.84,MTL,1,1.4,1.43,1,-0.57,-0.59,1,0.97,1.77
7/25/2021,18:00 EDT,NYC,5,4.07,4.57,ORL,0,0.38,0.38,5,3.7,4.19,5,2.97,0.02
7/24/2021,22:30 EDT,LAFC,2,0.9,0.91,VAN,2,1.02,1.02,0,-0.12,-0.11,0,1.12,1.53
7/24/2021,22:00 EDT,SJE,0,1.04,1.04,HOU,1,0.53,0.53,-1,0.51,0.51,0,1.84,0.84
7/24/2021,22:00 EDT,RSL,2,0.73,0.73,COL,0,0.32,0.32,2,0.4,0.41,3,1.74,0.84
7/24/2021,20:30 EDT,FCD,4,1.55,1.56,LAG,0,0.92,0.92,4,0.63,0.64,4,1.87,0.87
7/24/2021,20:30 EDT,NSH,3,1.32,1.32,CIN,0,0.35,0.35,3,0.97,0.97,3,2.28,0.47
7/24/2021,20:00 EDT,MIN,2,2.1,2.12,POR,1,0.34,0.34,1,1.76,1.78,1,2.6,0.26
7/24/2021,20:00 EDT,CHI,1,3.4,3.41,TOR,2,0.78,0.78,-1,2.63,2.63,-1,2.77,0.15
7/24/2021,15:30 EDT,ATL,0,1.49,1.49,CLB,1,1.62,1.62,-1,-0.14,-0.14,-1,1.25,1.48
7/22/2021,21:30 EDT,ATX,0,0.75,0.75,SEA,1,0.58,0.58,-1,0.16,0.16,-1,1.51,1.11
7/22/2021,20:25 EDT,ORL,2,0.66,0.66,PHI,1,1.4,1.52,1,-0.74,-0.86,1,0.79,1.91
7/21/2021,22:30 EDT,POR,2,0.38,0.38,LAFC,1,2.05,2.05,1,-1.67,-1.67,1,0.29,2.57
7/21/2021,22:00 EDT,RSL,2,0.88,0.88,LAG,2,0.86,0.87,0,0.02,0.01,0,1.41,1.26
7/21/2021,21:00 EDT,COL,2,0.71,0.71,FCD,0,0.67,0.67,2,0.04,0.04,2,1.26,1.33
7/21/2021,20:30 EDT,SKC,1,2.11,2.23,SJE,1,0.85,0.85,0,1.26,1.38,0,2.27,0.52
7/21/2021,20:00 EDT,CHI,1,0.55,0.55,DCU,2,2,2.02,-1,-1.45,-1.47,0,0.32,2.52
7/21/2021,20:00 EDT,CIN,1,1.62,1.64,ATL,1,1.55,1.56,0,0.07,0.08,0,1.46,1.28
7/21/2021,19:30 EDT,MIA,0,1.11,1.16,NER,5,2.59,2.67,-5,-1.48,-1.51,-5,0.46,2.39
7/21/2021,19:30 EDT,CLB,0,1.12,1.12,NSH,0,0.56,0.56,0,0.55,0.56,0,1.76,0.89
7/21/2021,19:30 EDT,TOR,1,0.27,0.27,NYRB,1,1.58,1.66,0,-1.3,-1.38,0,0.36,2.42
7/21/2021,19:30 EDT,NYC,1,1.85,1.85,MTL,0,0.46,0.46,1,1.4,1.39,1,2.49,0.33
7/20/2021,22:00 EDT,VAN,0,0.46,0.46,HOU,0,0.34,0.34,0,0.12,0.12,0,1.46,1.02
7/18/2021,14:00 EDT,MIN,1,1.63,1.63,SEA,0,0.55,0.55,1,1.09,1.09,1,2.26,0.53
7/17/2021,22:30 EDT,LAFC,2,3.98,4.06,RSL,1,0.86,0.86,1,3.13,3.2,1,2.89,0.07
7/17/2021,22:30 EDT,POR,1,0.54,0.54,FCD,0,0.43,0.43,1,0.11,0.11,1,1.34,1.18
7/17/2021,22:00 EDT,VAN,2,1.15,1.15,LAG,1,0.61,0.61,1,0.54,0.54,1,1.86,0.82
7/17/2021,21:00 EDT,COL,1,0.67,0.68,SJE,1,0.46,0.46,0,0.21,0.22,0,1.52,1.06
7/17/2021,20:30 EDT,NSH,5,2.73,2.75,CHI,1,1.68,1.76,4,1.06,0.98,4,2.07,0.75
7/17/2021,19:30 EDT,CLB,2,0.61,0.61,NYC,1,1.69,1.81,1,-1.07,-1.19,1,0.58,2.16
7/17/2021,19:30 EDT,PHI,2,1.08,1.08,DCU,1,1.46,1.46,1,-0.38,-0.38,1,0.97,1.71
7/17/2021,19:30 EDT,MTL,5,3.08,3.19,CIN,4,1.36,1.37,1,1.73,1.82,1,2.46,0.38
7/17/2021,19:30 EDT,TOR,1,0.81,0.81,ORL,1,1.5,1.5,0,-0.69,-0.69,0,0.69,2.02
7/17/2021,17:00 EDT,ATL,0,0.82,0.82,NER,1,1.57,1.57,-1,-0.75,-0.75,-1,0.72,2.04
7/9/2021,19:30 EDT,CIN,2,0.89,0.89,CLB,2,0.89,0.89,0,0,0,0,1.25,1.41
7/8/2021,20:30 EDT,NSH,2,2.05,2.09,ATL,2,0.45,0.45,0,1.6,1.64,0,2.58,0.28
7/8/2021,20:30 EDT,NYRB,1,2.02,2.02,PHI,1,0.7,0.71,0,1.32,1.32,0,2.43,0.39
7/7/2021,22:30 EDT,LAG,3,1.12,1.12,FCD,1,1.18,1.18,2,-0.06,-0.06,2,1.28,1.41
7/7/2021,22:00 EDT,VAN,0,0.89,0.89,RSL,4,2.84,2.98,-4,-1.95,-2.09,-4,0.24,2.64
7/7/2021,21:00 EDT,ATX,0,0.74,0.74,LAFC,2,1.2,1.26,-2,-0.47,-0.53,-2,0.92,1.77
7/7/2021,21:00 EDT,SEA,2,1.88,1.89,HOU,0,0.62,0.62,2,1.26,1.27,2,2.36,0.45
7/7/2021,21:00 EDT,COL,2,1.51,1.52,MIN,0,0.54,0.54,2,0.97,0.98,2,2.15,0.6
7/7/2021,20:00 EDT,CHI,3,1.58,1.59,ORL,1,2.56,2.6,2,-0.98,-1.01,2,0.75,2.07
7/7/2021,19:30 EDT,MTL,2,2.02,2.02,NYC,1,0.47,0.47,1,1.55,1.55,1,2.69,0.2
7/7/2021,19:00 EDT,NER,2,1.95,1.96,TOR,3,1,1,-1,0.94,0.96,-1,2,0.77
7/4/2021,22:30 EDT,LAG,0,1.15,1.16,SKC,2,1.49,1.51,-2,-0.34,-0.35,-2,1.08,1.66
7/4/2021,21:00 EDT,COL,1,0.86,0.86,SEA,1,0.98,0.98,0,-0.12,-0.12,0,1.18,1.49
7/4/2021,20:30 EDT,FCD,1,1.56,1.6,VAN,2,0.92,0.92,-1,0.64,0.68,0,1.94,0.81
7/3/2021,22:00 EDT,RSL,0,1.18,1.19,LAFC,1,0.49,0.49,-1,0.69,0.7,-1,1.94,0.72
7/3/2021,20:30 EDT,HOU,1,1.48,1.48,CIN,1,1.4,1.46,0,0.08,0.02,0,1.36,1.39
7/3/2021,20:00 EDT,NSH,1,1.22,1.23,PHI,0,0.7,0.7,1,0.52,0.53,1,1.77,0.94
7/3/2021,20:00 EDT,MIN,2,3.08,3.17,SJE,2,0.63,0.63,0,2.45,2.54,0,2.78,0.14
7/3/2021,20:00 EDT,CHI,3,1.3,1.3,ATL,0,0.67,0.68,3,0.62,0.62,3,1.86,0.85
7/3/2021,19:30 EDT,MTL,1,1.49,1.65,MIA,0,0.35,0.35,1,1.15,1.3,1,2.39,0.4
7/3/2021,19:30 EDT,ORL,1,1.79,1.79,NYRB,2,1.66,1.66,-1,0.13,0.13,-1,1.54,1.19
7/3/2021,17:30 EDT,DCU,6,3.16,3.21,TOR,1,0.92,0.93,5,2.25,2.27,6,2.64,0.24
7/3/2021,17:00 EDT,CLB,1,1.34,1.37,NER,2,1.07,1.07,-1,0.26,0.3,0,1.54,1.16
7/1/2021,21:30 EDT,ATX,4,1.12,1.12,POR,1,0.66,0.66,3,0.45,0.45,3,1.73,0.93
6/27/2021,21:00 EDT,FCD,2,1.14,1.14,NER,1,1.05,1.05,1,0.09,0.09,1,1.46,1.23
6/27/2021,20:00 EDT,ATX,0,1.3,1.3,CLB,0,0.9,0.9,0,0.4,0.4,0,1.65,1.06
6/27/2021,18:00 EDT,NYC,2,1.25,1.25,DCU,1,0.92,0.92,1,0.33,0.33,1,1.66,1.07
6/27/2021,15:30 EDT,ATL,0,1.46,1.46,NYRB,0,0.49,0.49,0,0.98,0.98,0,2.17,0.57
6/26/2021,23:30 EDT,POR,0,1.65,1.65,MIN,1,1.79,1.79,-1,-0.15,-0.14,-1,1.24,1.49
6/26/2021,22:00 EDT,SJE,1,0.92,0.92,LAG,2,2.55,2.55,-1,-1.63,-1.63,-2,0.37,2.48
6/26/2021,21:00 EDT,SEA,2,2.46,2.55,VAN,2,1.44,1.44,0,1.01,1.11,0,1.99,0.81
6/26/2021,20:30 EDT,NSH,1,1.28,1.29,MTL,1,0.42,0.42,0,0.86,0.87,0,2.06,0.64
6/26/2021,20:00 EDT,RSL,1,1.85,1.87,HOU,1,0.72,0.73,0,1.13,1.14,0,2.25,0.53
6/26/2021,20:00 EDT,CHI,2,1.29,1.29,PHI,2,1.08,1.08,0,0.21,0.2,0,1.56,1.17
6/26/2021,19:00 EDT,TOR,0,0.89,0.89,CIN,2,1.46,1.46,-2,-0.57,-0.57,-2,0.81,1.86
6/26/2021,17:30 EDT,SKC,2,1.12,1.13,LAFC,1,0.72,0.72,1,0.41,0.41,1,1.62,1.06
6/25/2021,20:00 EDT,MIA,1,0.64,0.64,ORL,2,0.74,0.75,-1,-0.1,-0.11,-1,1.18,1.46
6/23/2021,22:30 EDT,LAFC,2,2.67,2.68,FCD,0,0.64,0.64,2,2.03,2.04,2,2.59,0.29
6/23/2021,22:30 EDT,VAN,1,1.21,1.23,LAG,2,0.67,0.67,-1,0.54,0.56,-1,1.81,0.89
6/23/2021,22:00 EDT,SEA,2,2.43,2.55,RSL,1,1.11,1.11,1,1.32,1.44,1,2.43,0.4
6/23/2021,20:30 EDT,NSH,3,2.51,2.53,TOR,2,0.88,0.89,1,1.63,1.64,1,2.47,0.4
6/23/2021,20:30 EDT,HOU,2,1.69,2.13,POR,2,1.42,1.43,0,0.27,0.7,0,1.54,1.18
6/23/2021,20:30 EDT,SKC,3,2.09,2.1,COL,1,1.04,1.08,2,1.05,1.02,2,2.06,0.7
6/23/2021,20:00 EDT,MIN,2,1.44,1.44,ATX,0,1.01,1.01,2,0.44,0.43,2,1.72,1.01
6/23/2021,20:00 EDT,MTL,0,0.14,0.14,DCU,0,2.22,2.24,0,-2.08,-2.1,0,0.15,2.74
6/23/2021,20:00 EDT,CHI,0,1.93,2.06,CIN,1,1.56,1.58,-1,0.37,0.48,-1,1.67,1.12
6/23/2021,19:30 EDT,PHI,1,0.39,0.39,CLB,0,0.71,0.71,1,-0.33,-0.33,1,0.88,1.71
6/23/2021,19:30 EDT,NYC,1,2.2,2.24,ATL,0,0.37,0.37,1,1.83,1.87,1,2.66,0.22
6/23/2021,19:00 EDT,NER,3,1.44,1.44,NYRB,2,1.34,1.36,1,0.1,0.07,1,1.41,1.31
6/22/2021,20:02 EDT,ORL,5,3.68,3.68,SJE,0,0.61,0.61,5,3.07,3.06,5,2.86,0.09
6/20/2021,14:00 EDT,ATL,1,1.17,1.18,PHI,2,2.14,2.28,-1,-0.97,-1.11,0,0.7,2.09
6/19/2021,23:00 EDT,LAFC,1,1.59,1.59,HOU,1,0.29,0.29,0,1.29,1.29,0,2.48,0.32
6/19/2021,22:30 EDT,POR,2,1.28,1.28,SKC,1,1.24,1.26,1,0.04,0.02,1,1.41,1.26
6/19/2021,21:00 EDT,ATX,0,1.95,1.95,SJE,0,0.83,0.83,0,1.12,1.12,0,2.17,0.61
6/19/2021,21:00 EDT,LAG,1,1.06,1.06,SEA,2,1.62,1.9,-1,-0.56,-0.84,-1,0.85,1.84
6/19/2021,20:30 EDT,FCD,1,0.79,0.79,MIN,1,1.92,1.95,0,-1.12,-1.16,0,0.56,2.23
6/19/2021,20:00 EDT,DCU,1,2.85,2.93,MIA,0,0.96,0.96,1,1.89,1.97,1,2.59,0.29
6/19/2021,19:30 EDT,NYC,2,3,3.23,NER,3,1.28,1.29,-1,1.72,1.94,-1,2.43,0.42
6/19/2021,19:30 EDT,CIN,0,2.12,2.14,COL,2,0.62,0.62,-2,1.5,1.53,-2,2.49,0.34
6/19/2021,19:30 EDT,TOR,2,2.4,2.49,ORL,3,1.26,1.26,-1,1.14,1.23,-1,2.11,0.69
6/19/2021,19:30 EDT,CLB,2,1.64,1.65,CHI,0,0.81,0.81,2,0.84,0.85,2,2.04,0.7
6/18/2021,22:00 EDT,RSL,3,0.85,0.85,VAN,1,1.46,1.46,2,-0.61,-0.61,2,0.84,1.9
6/18/2021,20:00 EDT,NYRB,2,0.97,0.97,NSH,0,0.65,0.65,2,0.32,0.32,2,1.63,1.04
6/12/2021,15:00 EDT,SKC,1,3.73,3.91,ATX,1,1.24,1.24,0,2.48,2.67,0,2.69,0.21
5/30/2021,21:30 EDT,SEA,0,0.79,0.79,ATX,0,0.68,0.68,0,0.1,0.11,0,1.46,1.16
5/30/2021,19:00 EDT,PHI,3,2.73,2.98,POR,0,1.26,1.28,3,1.47,1.7,3,2.34,0.48
5/29/2021,21:30 EDT,RSL,1,0.77,0.77,MIN,1,1,1,0,-0.23,-0.24,0,1.1,1.57
5/29/2021,21:00 EDT,COL,2,1.94,1.94,FCD,0,1.8,1.82,2,0.14,0.12,3,1.56,1.21
5/29/2021,20:30 EDT,SKC,3,2.55,2.56,HOU,2,2.03,2.03,1,0.51,0.52,1,1.74,1.05
5/29/2021,20:00 EDT,MIA,0,0.63,0.64,DCU,3,1.7,1.71,-3,-1.08,-1.07,-3,0.58,2.19
5/29/2021,19:00 EDT,LAG,0,1.73,1.75,SJE,0,1.89,2,0,-0.17,-0.25,1,1.27,1.51
5/29/2021,17:00 EDT,LAFC,1,1.99,2.08,NYC,2,0.55,0.55,-1,1.44,1.54,-1,2.48,0.35
5/29/2021,15:30 EDT,ATL,2,1.5,1.5,NSH,2,1.69,1.73,0,-0.18,-0.22,0,1.23,1.54
5/29/2021,15:00 EDT,CIN,0,0.77,0.77,NER,1,2.31,2.36,-1,-1.53,-1.59,-1,0.42,2.41
5/29/2021,15:00 EDT,CLB,2,0.87,0.87,TOR,1,1.15,1.18,1,-0.28,-0.31,1,1.05,1.63
5/29/2021,13:00 EDT,NYRB,2,1.7,1.7,ORL,1,0.8,0.8,1,0.9,0.9,1,2.15,0.62
5/29/2021,13:00 EDT,CHI,0,1.34,1.34,MTL,1,0.43,0.43,-1,0.9,0.9,-1,2.13,0.57
5/23/2021,21:00 EDT,NSH,1,2.19,2.24,ATX,0,0.55,0.55,1,1.64,1.69,1,2.58,0.28
5/23/2021,19:15 EDT,DCU,0,1.58,1.58,PHI,1,1.29,1.29,-1,0.28,0.28,-1,1.53,1.19
5/23/2021,16:30 EDT,SEA,1,0.31,0.31,ATL,1,1.08,1.08,0,-0.77,-0.77,0,0.4,2.36
5/22/2021,22:30 EDT,LAFC,2,1.89,1.89,COL,1,1.32,1.32,1,0.56,0.56,1,1.81,0.94
5/22/2021,22:00 EDT,SJE,1,1.65,1.66,SKC,3,2.09,2.18,-2,-0.44,-0.52,-2,1.04,1.73
5/22/2021,21:00 EDT,HOU,2,1.27,1.27,VAN,1,1.4,1.42,1,-0.14,-0.15,1,1.3,1.43
5/22/2021,20:00 EDT,FCD,2,3.17,3.17,RSL,2,0.85,0.85,0,2.32,2.33,0,2.71,0.2
5/22/2021,20:00 EDT,NER,3,3.4,3.4,NYRB,1,1.3,1.39,2,2.1,2.02,2,2.6,0.27
5/22/2021,19:30 EDT,NYC,1,1.07,1.07,CLB,2,0.54,0.54,-1,0.53,0.54,-1,1.81,0.87
5/22/2021,19:00 EDT,ORL,1,1.58,1.58,TOR,0,1.28,1.3,1,0.29,0.28,1,1.58,1.15
5/22/2021,18:00 EDT,CHI,1,1.34,1.35,MIA,0,0.4,0.4,1,0.94,0.95,1,2.13,0.59
5/22/2021,15:30 EDT,POR,3,2.73,2.84,LAG,0,1.4,1.44,3,1.33,1.4,3,2.26,0.57
5/22/2021,13:00 EDT,MTL,1,2.74,2.81,CIN,2,1.8,1.96,-1,0.94,0.85,-1,2.09,0.7
5/16/2021,21:30 EDT,SEA,2,0.91,0.91,LAFC,0,0.67,0.68,2,0.24,0.24,2,1.5,1.15
5/16/2021,20:00 EDT,DCU,0,0.99,1,ORL,1,0.66,0.66,-1,0.33,0.33,-1,1.56,1.1
5/16/2021,18:00 EDT,NER,1,1.22,1.22,CLB,0,0.41,0.41,1,0.81,0.81,1,2.08,0.62
5/16/2021,16:30 EDT,CIN,2,0.7,0.7,MIA,3,1.85,1.85,-1,-1.15,-1.15,-1,0.51,2.29
5/16/2021,14:00 EDT,SKC,3,3.29,4.1,VAN,0,1.02,1.02,3,2.28,3.08,3,2.66,0.23
5/15/2021,22:00 EDT,SJE,0,3.04,3.11,POR,2,2.64,2.65,-2,0.4,0.46,-2,1.7,1.1
5/15/2021,21:30 EDT,RSL,0,0.54,0.55,NSH,0,0.98,0.99,0,-0.44,-0.44,0,0.93,1.72
5/15/2021,21:00 EDT,COL,3,2.08,2.1,HOU,1,0.4,0.4,2,1.68,1.7,2,2.67,0.21
5/15/2021,20:00 EDT,MIN,1,1.89,1.91,FCD,0,0.51,0.51,1,1.38,1.41,1,2.38,0.42
5/15/2021,19:30 EDT,PHI,1,1.05,1.05,NYRB,0,1.15,1.15,1,-0.1,-0.1,1,1.3,1.43
5/15/2021,19:00 EDT,ATL,1,0.71,0.71,MTL,0,0.87,0.87,1,-0.16,-0.16,1,1.16,1.46
5/15/2021,15:30 EDT,LAG,2,2.16,2.16,ATX,0,0.94,0.94,2,1.22,1.21,2,2.24,0.58
5/15/2021,13:00 EDT,NYC,1,1.96,2.02,TOR,1,0.47,0.47,0,1.48,1.54,0,2.48,0.34
5/13/2021,20:00 EDT,DCU,1,1.08,1.1,CHI,0,1.84,1.87,1,-0.76,-0.77,1,0.94,1.81
5/12/2021,22:30 EDT,SJE,0,1.38,1.38,SEA,1,1.13,1.13,-1,0.25,0.25,-1,1.55,1.18
5/12/2021,21:00 EDT,MIN,1,1.43,1.43,VAN,0,0.87,0.87,1,0.56,0.57,1,1.79,0.92
5/12/2021,20:30 EDT,HOU,1,0.82,0.82,SKC,0,1.9,1.97,1,-1.07,-1.15,1,0.59,2.18
5/12/2021,19:30 EDT,PHI,1,2.54,2.54,NER,1,1.51,1.51,0,1.03,1.03,0,2.1,0.72
5/12/2021,19:30 EDT,MIA,0,0.33,0.33,MTL,2,1.5,1.53,-2,-1.17,-1.19,-2,0.46,2.3
5/12/2021,19:00 EDT,TOR,2,1.82,1.87,CLB,0,0.9,0.9,2,0.92,0.97,2,2.16,0.6
5/9/2021,19:30 EDT,SKC,2,2.8,2.81,ATX,1,0.82,0.82,1,1.97,1.98,1,2.56,0.3
5/9/2021,15:00 EDT,POR,1,1.3,1.3,SEA,2,2.2,2.35,-1,-0.89,-1.05,-1,0.62,2.14
5/9/2021,13:00 EDT,MIA,1,2.25,2.28,ATL,1,1.13,1.17,0,1.12,1.11,0,2.15,0.64
5/8/2021,22:00 EDT,COL,3,1.46,1.48,MIN,2,1.46,1.46,1,0,0.01,1,1.35,1.35
5/8/2021,20:00 EDT,LAG,2,0.72,0.72,LAFC,1,1.34,1.35,1,-0.62,-0.63,1,0.81,1.9
5/8/2021,18:00 EDT,ORL,1,0.53,0.53,NYC,1,1.45,1.45,0,-0.92,-0.91,0,0.48,2.29
5/8/2021,15:30 EDT,FCD,1,1.44,1.46,HOU,1,1.47,1.52,0,-0.03,-0.06,0,1.28,1.41
5/8/2021,15:00 EDT,VAN,2,1.47,1.5,MTL,0,1.34,1.36,2,0.13,0.14,2,1.54,1.18
5/8/2021,13:30 EDT,NSH,2,1.34,1.34,NER,0,0.98,0.98,2,0.37,0.37,2,1.7,1.02
5/8/2021,13:30 EDT,CLB,1,0.33,0.33,DCU,1,0.93,0.93,0,-0.61,-0.61,2,0.67,1.97
5/8/2021,13:00 EDT,NYRB,2,1.4,1.41,TOR,0,0.51,0.51,2,0.89,0.9,2,2.12,0.59
5/8/2021,13:00 EDT,CHI,0,0.68,0.68,PHI,2,1.32,1.33,-2,-0.64,-0.65,-2,0.81,1.92
5/7/2021,21:30 EDT,RSL,1,1.05,1.05,SJE,2,1.69,1.72,-1,-0.64,-0.67,-1,0.82,1.94
5/2/2021,22:00 EDT,VAN,0,0.71,0.73,COL,1,1.71,1.73,-1,-1,-1,-1,0.62,2.16
5/2/2021,21:00 EDT,SEA,3,2.31,2.45,LAG,0,1.15,1.15,3,1.16,1.3,3,2.14,0.65
5/2/2021,13:00 EDT,NSH,0,0.59,0.59,MIA,0,0.38,0.38,0,0.21,0.21,0,1.4,1.11
5/1/2021,23:00 EDT,SJE,4,1.02,1.02,DCU,1,1.24,1.26,3,-0.22,-0.24,3,1.18,1.54
5/1/2021,20:00 EDT,FCD,4,2.29,2.31,POR,1,0.89,0.89,3,1.41,1.42,3,2.38,0.45
5/1/2021,20:00 EDT,MIN,0,0.86,0.86,ATX,1,1.48,1.48,-1,-0.62,-0.62,-1,0.91,1.82
5/1/2021,19:30 EDT,PHI,0,0.28,0.28,NYC,2,2.29,2.3,-2,-2.01,-2.02,-2,0.15,2.77
5/1/2021,19:30 EDT,ORL,3,2.75,2.78,CIN,0,0.46,0.46,3,2.3,2.32,3,2.74,0.16
5/1/2021,19:00 EDT,NER,2,2.28,2.29,ATL,1,1.42,1.42,1,0.85,0.87,1,1.97,0.76
5/1/2021,15:30 EDT,HOU,1,0.98,0.98,LAFC,1,0.91,0.91,0,0.07,0.07,0,1.4,1.28
5/1/2021,15:00 EDT,MTL,0,1.6,1.6,CLB,0,0.16,0.16,0,1.44,1.44,0,2.53,0.29
5/1/2021,14:00 EDT,RSL,3,1,1,SKC,1,0.29,0.29,2,0.71,0.71,2,2.03,0.63
5/1/2021,13:00 EDT,NYRB,2,1.19,1.19,CHI,0,0.39,0.39,2,0.79,0.79,2,2.06,0.63
4/25/2021,17:30 EDT,LAG,3,1.67,1.76,NYRB,2,1.19,1.27,1,0.49,0.49,1,1.85,0.89
4/24/2021,22:30 EDT,POR,2,2.13,2.13,HOU,0,0.92,0.97,2,1.21,1.16,1,2.2,0.62
4/24/2021,21:00 EDT,COL,1,1.04,1.04,ATX,3,1.43,1.43,-2,-0.39,-0.39,-2,1,1.72
4/24/2021,20:00 EDT,PHI,1,0.76,0.78,MIA,2,0.72,0.72,-1,0.04,0.05,-1,1.39,1.24
4/24/2021,20:00 EDT,ATL,2,1.57,1.68,CHI,1,1.09,1.1,1,0.48,0.58,2,1.73,1.01
4/24/2021,20:00 EDT,MIN,1,1.61,1.62,RSL,2,1.52,1.52,-1,0.08,0.1,-1,1.38,1.36
4/24/2021,20:00 EDT,NER,0,0.23,0.23,DCU,0,0.27,0.27,0,-0.04,-0.04,1,1.15,1.23
4/24/2021,18:00 EDT,LAFC,1,0.45,0.45,SEA,1,0.9,0.95,0,-0.44,-0.5,0,0.8,1.83
4/24/2021,15:30 EDT,SJE,3,3.06,3.09,FCD,1,1.39,1.64,2,1.68,1.45,2,2.55,0.32
4/24/2021,15:00 EDT,TOR,2,1.54,1.75,VAN,2,1.62,1.62,0,-0.08,0.13,0,1.19,1.5
4/24/2021,14:00 EDT,NSH,2,2.43,2.51,MTL,2,0.56,0.57,0,1.86,1.94,0,2.59,0.26
4/24/2021,13:00 EDT,NYC,4,2.2,2.33,CIN,0,1.09,1.4,4,1.11,0.93,5,2.17,0.62
4/23/2021,19:30 EDT,SKC,1,0.48,0.48,ORL,1,1.15,1.24,0,-0.67,-0.76,0,0.7,1.99
4/18/2021,22:00 EDT,VAN,1,0.56,0.56,POR,0,1.26,1.26,1,-0.7,-0.7,1,0.74,1.96
4/18/2021,17:30 EDT,CLB,0,1.09,1.25,PHI,0,0.74,0.74,0,0.35,0.5,0,1.73,0.94
4/18/2021,15:00 EDT,MIA,2,2.5,2.5,LAG,3,1.41,1.41,-1,1.08,1.08,-1,2.2,0.59
4/17/2021,20:30 EDT,CHI,2,1.78,1.79,NER,2,1.6,1.6,0,0.18,0.19,0,1.52,1.24
4/17/2021,20:30 EDT,NSH,2,3.07,3.09,CIN,2,1.87,1.87,0,1.2,1.22,0,2.15,0.63
4/17/2021,20:00 EDT,DCU,2,0.62,0.63,NYC,1,1.23,1.25,1,-0.61,-0.61,1,0.7,1.99
4/17/2021,20:00 EDT,NYRB,1,0.62,0.63,SKC,2,1.69,1.69,-1,-1.07,-1.05,-1,0.47,2.31
4/17/2021,20:00 EDT,FCD,0,0.88,0.88,COL,0,0.72,0.72,0,0.16,0.16,0,1.49,1.16
4/17/2021,18:00 EDT,LAFC,2,2.55,2.55,ATX,0,1.07,1.08,2,1.48,1.47,2,2.31,0.5
4/17/2021,15:00 EDT,ORL,0,1.3,1.3,ATL,0,1.19,1.2,0,0.11,0.11,0,1.5,1.22
4/17/2021,14:00 EDT,MTL,4,1.41,1.41,TOR,2,1.91,1.91,2,-0.5,-0.5,2,1.05,1.72
4/16/2021,21:30 EDT,SEA,4,2.48,2.48,MIN,0,0.97,0.97,4,1.51,1.51,4,2.44,0.4
4/16/2021,20:00 EDT,HOU,2,1.43,1.47,SJE,1,1.01,1.13,1,0.42,0.34,1,1.66,1.02
11/8/2020,18:30 EST,SEA,3,1.34,1.34,SJE,1,0.53,0.53,2,0.81,0.81,3,2.1,0.61
11/8/2020,18:30 EST,MIN,3,2.05,2.06,FCD,0,1.43,1.44,3,0.62,0.62,3,1.83,0.91
11/8/2020,18:30 EST,HOU,1,1.38,1.38,COL,2,0.91,0.96,-1,0.46,0.41,-1,1.61,1.09
11/8/2020,18:30 EST,LAFC,1,1.46,1.54,POR,1,1.02,1.02,0,0.44,0.52,0,1.78,0.95
11/8/2020,18:30 EST,RSL,0,0.53,0.53,SKC,2,1.13,1.17,-2,-0.61,-0.64,-2,0.79,1.9
11/8/2020,18:30 EST,VAN,3,2.49,2.49,LAG,0,0.6,0.6,3,1.9,1.89,3,2.65,0.24
11/8/2020,15:30 EST,NYRB,2,1.79,1.79,TOR,1,1.85,2.03,1,-0.06,-0.24,1,1.39,1.35
11/8/2020,15:30 EST,MIA,2,0.88,0.89,CIN,1,0.53,0.53,1,0.35,0.36,1,1.66,0.97
11/8/2020,15:30 EST,CLB,2,1.38,1.39,ATL,1,2.1,2.1,1,-0.71,-0.71,1,0.78,2
11/8/2020,15:30 EST,DCU,2,1.28,1.28,MTL,3,2.28,2.39,-1,-1.01,-1.12,-1,0.73,2.06
11/8/2020,15:30 EST,PHI,2,2.87,2.89,NER,0,0.52,0.52,2,2.35,2.38,2,2.75,0.16
11/8/2020,15:30 EST,ORL,2,0.89,0.89,NSH,3,0.91,0.91,-1,-0.02,-0.02,-1,1.28,1.38
11/8/2020,15:30 EST,CHI,3,2.67,3.04,NYC,4,2.69,2.71,-1,-0.02,0.33,-1,1.35,1.45
11/4/2020,23:00 EST,LAG,1,1.39,1.39,SEA,1,0.97,0.97,0,0.42,0.42,0,1.74,1.01
11/4/2020,23:00 EST,SJE,2,0.84,0.84,LAFC,2,2.26,2.41,0,-1.42,-1.57,1,0.44,2.39
11/4/2020,22:00 EST,POR,0,1.37,1.37,COL,1,0.51,0.51,-1,0.86,0.86,-1,2.08,0.65
11/4/2020,20:30 EST,NSH,0,1.21,1.22,FCD,1,0.82,0.82,-1,0.4,0.4,-1,1.71,0.97
11/4/2020,20:00 EST,MIN,2,1.83,1.87,CHI,2,2.59,2.85,0,-0.76,-0.97,0,0.9,1.91
11/4/2020,19:30 EST,ORL,2,1.45,1.45,CLB,1,1.12,1.12,1,0.33,0.33,1,1.68,1.04
11/1/2020,22:30 EST,LAG,2,1.04,1.08,RSL,1,0.98,0.98,1,0.06,0.09,1,1.35,1.32
11/1/2020,22:00 EST,POR,1,0.79,0.79,VAN,0,1.08,1.08,1,-0.29,-0.29,1,1.08,1.59
11/1/2020,21:00 EST,COL,3,1.48,1.5,SEA,1,0.64,0.64,2,0.84,0.86,2,2.01,0.7
11/1/2020,19:30 EST,MTL,0,0.71,0.71,ORL,1,1.53,1.53,-1,-0.82,-0.82,-1,0.71,2.05
11/1/2020,19:30 EST,NER,3,2.81,2.84,DCU,3,0.64,0.64,0,2.18,2.2,1,2.7,0.2
11/1/2020,19:30 EST,TOR,2,1.58,1.58,MIA,1,0.8,0.8,1,0.78,0.78,1,2.17,0.61
11/1/2020,19:00 EST,NYC,5,2.22,2.23,NYRB,2,1.07,1.07,3,1.16,1.16,3,2.19,0.59
11/1/2020,19:00 EST,ATL,2,1.68,1.68,CIN,0,0.77,0.78,2,0.92,0.9,2,2.2,0.56
11/1/2020,15:30 EST,CLB,2,0.97,0.97,PHI,1,3.02,3.04,1,-2.05,-2.07,1,0.2,2.7
10/31/2020,20:30 EDT,NSH,1,0.73,0.73,CHI,1,0.67,0.67,0,0.07,0.07,0,1.36,1.27
10/31/2020,15:30 EDT,FCD,3,2.27,2.27,HOU,0,1.12,1.12,3,1.14,1.14,3,2.17,0.64
10/28/2020,22:30 EDT,LAFC,2,2.85,2.85,HOU,1,1.78,1.97,1,1.07,0.88,1,2.04,0.75
10/28/2020,22:30 EDT,SJE,2,2.24,2.31,RSL,0,0.58,0.58,2,1.67,1.73,2,2.5,0.35
10/28/2020,22:00 EDT,POR,5,1.65,1.66,LAG,2,1.47,1.52,3,0.18,0.14,3,1.51,1.21
10/28/2020,20:30 EDT,FCD,2,2.67,2.67,MIA,1,1.27,1.29,1,1.39,1.38,1,2.37,0.45
10/28/2020,20:00 EDT,MIN,1,1.8,1.8,COL,1,0.99,1,0,0.81,0.8,1,1.93,0.84
10/28/2020,20:00 EDT,DCU,1,0.59,0.59,CLB,0,0.41,0.41,1,0.18,0.18,1,1.41,1.11
10/28/2020,19:30 EDT,ORL,4,1.52,1.55,ATL,1,0.94,0.97,3,0.58,0.58,3,1.78,0.95
10/28/2020,19:30 EDT,PHI,2,2.02,2.04,CHI,1,1.42,1.49,1,0.6,0.55,1,1.86,0.9
10/28/2020,19:30 EDT,CIN,0,1.95,1.96,SKC,1,1.11,1.11,-1,0.85,0.85,-1,1.99,0.78
10/28/2020,19:30 EDT,TOR,0,0.29,0.29,NYC,1,2.52,2.54,-1,-2.23,-2.25,-1,0.14,2.78
10/28/2020,19:00 EDT,NYRB,1,0.95,0.95,NER,0,0.96,0.99,1,-0.01,-0.04,1,1.31,1.36
10/27/2020,22:00 EDT,VAN,0,0.27,0.27,SEA,2,1.06,1.07,-2,-0.79,-0.8,-2,0.57,2.1
10/27/2020,19:00 EDT,MTL,0,0.53,0.53,NSH,1,1.69,1.69,-1,-1.16,-1.16,-1,0.5,2.3
10/25/2020,15:30 EDT,LAFC,2,2.52,2.57,LAG,0,0.29,0.29,2,2.23,2.28,2,2.75,0.15
10/24/2020,22:00 EDT,VAN,2,1.63,1.65,SJE,1,0.46,0.46,1,1.16,1.19,1,2.38,0.41
10/24/2020,21:30 EDT,RSL,0,1.44,1.47,FCD,0,0.54,0.54,0,0.9,0.93,0,2.06,0.68
10/24/2020,21:30 EDT,SKC,4,2.8,2.94,COL,0,0.32,0.32,4,2.48,2.62,4,2.81,0.12
10/24/2020,21:00 EDT,HOU,1,2.72,2.86,CLB,0,1.09,1.09,1,1.64,1.77,0,2.45,0.39
10/24/2020,19:30 EDT,NYC,3,1.65,1.65,MTL,1,0.9,0.9,2,0.75,0.75,2,1.97,0.78
10/24/2020,19:30 EDT,CIN,0,0.67,0.68,MIN,1,2.4,2.47,-1,-1.72,-1.8,-1,0.31,2.57
10/24/2020,19:30 EDT,CHI,2,2.44,2.64,NYRB,2,1.39,2.38,0,1.05,0.26,0,2.1,0.71
10/24/2020,19:30 EDT,PHI,5,3.65,3.67,TOR,0,0.11,0.11,5,3.54,3.55,5,2.95,0.03
10/24/2020,16:00 EDT,ATL,1,0.53,0.53,DCU,2,0.74,0.74,-1,-0.22,-0.22,-1,1.03,1.53
10/24/2020,15:30 EDT,MIA,1,2.27,2.31,ORL,1,0.92,0.92,0,1.35,1.38,1,2.26,0.54
10/23/2020,21:52 EDT,NSH,1,0.62,0.62,NER,1,0.52,0.52,0,0.1,0.1,0,1.43,1.17
10/22/2020,22:30 EDT,SEA,1,2,2.01,POR,1,0.93,0.93,0,1.07,1.08,0,2.17,0.61
10/20/2020,20:30 EDT,NSH,3,1.33,1.33,FCD,0,0.82,0.82,3,0.51,0.51,3,1.81,0.91
10/19/2020,19:30 EDT,NER,1,1.3,1.31,PHI,1,0.71,0.71,0,0.58,0.6,-1,1.81,0.89
10/18/2020,22:30 EDT,SJE,0,0.57,0.57,SEA,0,0.35,0.35,0,0.22,0.22,0,1.54,0.98
10/18/2020,22:30 EDT,LAG,1,1.59,1.6,VAN,0,0.42,0.42,1,1.17,1.18,1,2.31,0.46
10/18/2020,22:00 EDT,POR,1,1.6,1.65,LAFC,1,1.39,1.52,0,0.21,0.13,0,1.5,1.22
10/18/2020,20:00 EDT,MIN,2,0.65,0.65,HOU,2,2.07,2.07,0,-1.41,-1.41,0,0.34,2.48
10/18/2020,19:30 EDT,CIN,1,1.22,1.24,DCU,2,2.47,2.48,-1,-1.25,-1.24,-1,0.53,2.3
10/18/2020,19:30 EDT,TOR,1,0.71,0.72,ATL,0,0.56,0.56,1,0.15,0.15,1,1.45,1.14
10/18/2020,19:00 EDT,NYRB,1,0.89,0.89,ORL,1,2.1,2.1,0,-1.21,-1.2,0,0.53,2.29
10/18/2020,18:00 EDT,CLB,3,3.07,3.09,NYC,1,1.37,1.37,2,1.7,1.72,2,2.47,0.39
10/17/2020,19:00 EDT,MTL,2,1.78,1.81,MIA,1,0.69,0.7,1,1.09,1.11,1,2.25,0.56
10/17/2020,15:30 EDT,CHI,2,1.31,1.32,SKC,2,1.37,1.37,0,-0.06,-0.05,0,1.21,1.4
10/14/2020,22:30 EDT,LAG,0,0.5,0.5,SJE,4,1.76,1.78,-4,-1.27,-1.28,-4,0.47,2.33
10/14/2020,22:00 EDT,VAN,2,1.75,1.75,LAFC,1,1.78,1.81,1,-0.04,-0.06,1,1.23,1.48
10/14/2020,21:30 EDT,RSL,2,1.31,1.32,POR,1,0.96,0.96,1,0.35,0.36,1,1.64,1.06
10/14/2020,20:30 EDT,FCD,1,1.07,1.07,SKC,0,1.14,1.15,1,-0.07,-0.08,1,1.28,1.42
10/14/2020,20:00 EDT,HOU,1,2.13,2.13,NSH,3,1.45,1.45,-2,0.69,0.69,-2,1.94,0.84
10/14/2020,20:00 EDT,DCU,2,2.39,2.6,PHI,2,1.13,1.13,0,1.25,1.47,0,2.27,0.51
10/14/2020,20:00 EDT,MIA,1,1.27,1.28,ATL,1,0.3,0.3,0,0.97,0.98,0,2.18,0.53
10/14/2020,19:30 EDT,CIN,2,1.34,1.34,CLB,1,1.04,1.04,1,0.29,0.3,1,1.61,0.98
10/14/2020,19:30 EDT,ORL,1,1.09,1.09,NYC,1,1.97,2.38,0,-0.88,-1.29,0,0.73,2.03
10/14/2020,19:30 EDT,MTL,2,2,2.01,NER,3,2.87,3.07,-1,-0.87,-1.07,-1,0.86,1.97
10/14/2020,19:30 EDT,TOR,1,2.06,2.13,NYRB,1,0.83,0.83,0,1.23,1.3,0,2.28,0.51
10/11/2020,22:00 EDT,POR,3,1.81,1.82,SJE,0,1.14,1.14,3,0.67,0.68,3,1.89,0.88
10/11/2020,19:30 EDT,CHI,2,0.86,0.86,DCU,0,1.05,1.06,2,-0.19,-0.21,1,1.25,1.4
10/11/2020,19:30 EDT,SKC,2,2.11,2.13,NSH,1,0.44,0.44,1,1.67,1.69,1,2.6,0.26
10/11/2020,19:30 EDT,PHI,2,1.09,1.09,MTL,1,0.62,0.62,1,0.46,0.46,1,1.85,0.84
10/11/2020,19:30 EDT,CIN,0,0.55,0.55,TOR,1,0.62,0.62,-1,-0.07,-0.07,-1,1.19,1.4
10/11/2020,19:00 EDT,LAFC,3,1.09,1.11,SEA,1,2.11,2.13,2,-1.01,-1.01,2,0.7,2.09
10/11/2020,16:30 EDT,NYC,1,1.92,2.03,NER,2,1.47,1.47,-1,0.45,0.56,-1,1.65,1.07
10/10/2020,22:00 EDT,VAN,1,0.67,0.74,RSL,1,0.99,0.99,0,-0.31,-0.25,1,1.01,1.65
10/10/2020,18:00 EDT,ATL,0,0.31,0.31,NYRB,1,0.29,0.29,-1,0.02,0.02,-1,1.2,1.21
10/10/2020,17:00 EDT,MIA,1,1.48,1.48,HOU,0,0.58,0.58,1,0.9,0.9,1,2.2,0.54
10/7/2020,22:30 EDT,LAG,3,1.63,1.64,POR,6,2.12,2.31,-3,-0.49,-0.67,-3,1.02,1.76
10/7/2020,22:30 EDT,SJE,3,1.62,1.63,VAN,0,0.32,0.32,3,1.29,1.31,3,2.36,0.41
10/7/2020,22:00 EDT,SEA,2,1.19,1.19,RSL,0,0.66,0.66,2,0.53,0.53,1,1.79,0.88
10/7/2020,20:30 EDT,SKC,1,1.12,1.12,CHI,0,1.85,1.85,1,-0.73,-0.73,1,0.7,2.06
10/7/2020,20:15 EDT,NYC,4,4.16,4.21,DCU,1,1.32,1.33,3,2.84,2.88,3,2.85,0.11
10/7/2020,20:00 EDT,HOU,2,2.33,2.39,FCD,0,1.65,1.66,2,0.68,0.72,2,1.89,0.92
10/7/2020,19:30 EDT,CLB,1,1.74,1.74,MTL,2,1.91,2.17,-1,-0.17,-0.43,-1,1.19,1.56
10/7/2020,19:30 EDT,PHI,3,1.14,1.14,CIN,0,0.6,0.6,3,0.54,0.54,3,1.77,0.92
10/7/2020,19:30 EDT,NER,0,2.05,2.05,TOR,1,1.07,1.07,-1,0.98,0.98,-1,2.2,0.58
10/7/2020,19:00 EDT,NYRB,1,1.92,1.92,MIA,2,1.03,1.03,-1,0.89,0.89,-1,2.06,0.71
10/7/2020,19:00 EDT,ATL,0,0.48,0.48,ORL,0,1.43,1.48,0,-0.96,-1,0,0.6,2.14
10/6/2020,20:30 EDT,NSH,0,1.08,1.08,MIN,0,1.71,1.71,0,-0.63,-0.62,0,0.93,1.86
10/4/2020,21:30 EDT,RSL,0,0.87,0.92,LAFC,3,2.21,2.4,-3,-1.34,-1.48,-2,0.45,2.39
10/3/2020,22:30 EDT,SJE,2,2.08,2.12,LAG,1,1.58,1.67,1,0.51,0.46,1,1.79,0.95
10/3/2020,22:00 EDT,SEA,2,2.46,2.51,VAN,1,1.19,1.2,1,1.27,1.3,2,2.29,0.53
10/3/2020,20:30 EDT,FCD,2,2.32,2.34,CLB,2,1.55,1.61,0,0.77,0.74,0,1.98,0.82
10/3/2020,20:00 EDT,MIA,2,1.06,1.06,NYC,3,1.08,1.08,-1,-0.03,-0.03,-1,1.29,1.4
10/3/2020,20:00 EDT,MIN,2,1.79,1.82,CIN,0,0.68,0.68,2,1.11,1.14,2,2.28,0.52
10/3/2020,20:00 EDT,HOU,1,0.91,0.91,SKC,2,1.14,1.14,-1,-0.22,-0.23,-1,1.13,1.55
10/3/2020,19:30 EDT,TOR,2,1.21,1.21,PHI,1,0.85,0.85,1,0.36,0.37,1,1.68,1.04
10/3/2020,19:30 EDT,NER,0,1.73,1.77,NSH,0,0.15,0.15,0,1.58,1.62,0,2.59,0.23
10/3/2020,19:30 EDT,MTL,2,1.6,1.64,CHI,2,1.03,1.04,0,0.58,0.6,0,1.8,0.94
10/3/2020,19:00 EDT,DCU,0,0.33,0.33,ATL,4,1.39,1.39,-4,-1.05,-1.05,-4,0.46,2.3
10/3/2020,16:30 EDT,ORL,3,1.91,1.91,NYRB,1,0.92,0.92,2,0.99,0.98,2,2.14,0.62
9/27/2020,22:30 EDT,LAG,1,1.03,1.03,SEA,3,2.2,2.2,-2,-1.17,-1.17,-2,0.57,2.22
9/27/2020,22:30 EDT,LAFC,1,1.24,1.24,SJE,2,1.38,1.38,-1,-0.14,-0.14,-1,1.2,1.5
9/27/2020,22:00 EDT,VAN,0,0.68,0.68,POR,1,0.76,0.76,-1,-0.08,-0.08,-1,1.21,1.38
9/27/2020,20:30 EDT,FCD,0,0.69,0.69,ORL,0,0.76,0.76,0,-0.07,-0.07,0,1.23,1.42
9/27/2020,20:00 EDT,MIN,0,1.07,1.07,RSL,0,1.09,1.2,0,-0.02,-0.13,0,1.26,1.44
9/27/2020,19:30 EDT,CHI,2,1.56,1.56,ATL,0,0.62,0.62,2,0.94,0.94,2,2.17,0.58
9/27/2020,19:30 EDT,TOR,3,0.75,0.75,CLB,0,0.7,0.71,3,0.05,0.03,2,1.36,1.28
9/27/2020,19:30 EDT,PHI,3,1.48,1.48,MIA,0,2.03,2.09,3,-0.56,-0.61,3,0.98,1.77
9/27/2020,19:00 EDT,DCU,0,0.62,0.62,NER,2,1.8,1.81,-2,-1.18,-1.19,-2,0.55,2.24
9/27/2020,19:00 EDT,NYRB,4,2.34,2.34,MTL,1,0.73,0.73,3,1.6,1.61,3,2.53,0.31
9/26/2020,19:00 EDT,NYC,4,1.85,1.85,CIN,0,0.55,0.55,4,1.29,1.29,4,2.35,0.46
9/26/2020,15:30 EDT,NSH,1,0.73,0.73,HOU,1,1.54,1.54,0,-0.81,-0.81,0,0.63,2.1
9/23/2020,22:30 EDT,LAFC,4,2.21,2.25,VAN,0,0.68,0.69,4,1.52,1.55,6,2.41,0.44
9/23/2020,22:00 EDT,POR,1,1,1,SEA,0,1.19,1.19,1,-0.19,-0.19,1,1.28,1.4
9/23/2020,21:30 EDT,RSL,2,1.47,1.47,LAG,0,0.99,0.99,2,0.48,0.48,2,1.78,0.92
9/23/2020,21:00 EDT,COL,4,1.6,1.63,SJE,0,0.7,0.71,4,0.9,0.92,5,2.12,0.64
9/23/2020,20:30 EDT,NSH,1,1.38,1.39,DCU,0,0.56,0.56,1,0.82,0.83,1,2.08,0.64
9/23/2020,20:00 EDT,MIA,1,1.45,1.47,NYRB,4,2.29,2.32,-3,-0.84,-0.85,-3,0.8,1.99
9/23/2020,19:30 EDT,CLB,2,1.56,1.56,MIN,1,1.09,1.09,1,0.47,0.47,1,1.75,0.97
9/23/2020,19:30 EDT,SKC,1,1.37,1.37,ORL,2,1,1,-1,0.37,0.37,-1,1.7,1
9/23/2020,19:30 EDT,CHI,4,2.52,2.52,HOU,0,0.42,0.43,4,2.11,2.1,4,2.76,0.15
9/23/2020,19:30 EDT,CIN,0,0.31,0.31,PHI,0,0.23,0.23,0,0.08,0.08,0,1.25,1.14
9/23/2020,19:00 EDT,ATL,1,1.84,1.86,FCD,0,0.29,0.29,1,1.55,1.57,1,2.65,0.21
9/23/2020,19:00 EDT,NYC,0,1.29,1.34,TOR,1,1.47,1.5,-1,-0.18,-0.15,-1,1.12,1.62
9/23/2020,17:00 EDT,NER,3,1.79,1.79,MTL,1,1.11,1.11,2,0.68,0.68,2,1.86,0.88
9/20/2020,19:00 EDT,MTL,1,0.68,0.69,PHI,4,3.19,3.34,-3,-2.51,-2.66,-3,0.17,2.75
9/19/2020,22:30 EDT,SJE,1,1.46,1.56,POR,6,3.19,3.24,-5,-1.73,-1.68,-5,0.37,2.48
9/19/2020,22:30 EDT,LAG,0,1.14,1.15,COL,2,1.81,1.83,-2,-0.68,-0.68,-2,0.82,1.94
9/19/2020,21:30 EDT,RSL,1,1.82,1.85,VAN,2,1.04,1.04,-1,0.78,0.81,-1,1.96,0.81
9/19/2020,20:00 EDT,HOU,2,2.07,2.09,MIN,2,1.59,1.62,0,0.47,0.46,0,1.73,1.01
9/19/2020,19:30 EDT,DCU,2,1.15,1.16,TOR,2,1.72,1.74,0,-0.57,-0.58,0,0.99,1.77
9/19/2020,19:30 EDT,ORL,4,2.49,2.68,CHI,1,3.57,3.65,3,-1.07,-0.97,3,0.73,2.12
9/19/2020,19:30 EDT,CLB,2,1.15,1.15,NSH,0,0.83,0.84,2,0.32,0.31,2,1.59,1.1
9/19/2020,19:00 EDT,NYRB,0,0.82,0.82,CIN,1,2.05,2.12,-1,-1.23,-1.3,-1,0.44,2.38
9/19/2020,19:00 EDT,ATL,1,0.76,0.76,MIA,2,2.03,2.12,-1,-1.27,-1.36,-1,0.52,2.28
9/19/2020,16:30 EDT,NER,0,0.85,0.85,NYC,0,0.51,0.51,0,0.34,0.34,0,1.61,1.01
9/19/2020,15:30 EDT,SKC,2,1.39,1.39,FCD,3,1.46,1.46,-1,-0.07,-0.07,-1,1.34,1.39
9/18/2020,22:00 EDT,SEA,3,2.56,2.56,LAFC,0,0.74,0.75,3,1.82,1.82,3,2.66,0.25
9/16/2020,21:30 EDT,SJE,1,1.77,1.84,POR,1,0.64,0.64,0,1.13,1.2,0,2.18,0.59
9/16/2020,21:30 EDT,VAN,3,2.11,2.11,MTL,1,0.97,0.97,2,1.14,1.14,2,2.27,0.56
9/16/2020,20:30 EDT,FCD,4,0.89,0.89,COL,1,0.94,0.94,3,-0.05,-0.05,3,1.28,1.38
9/13/2020,23:00 EDT,LAFC,4,2.45,2.57,POR,2,1.25,1.26,2,1.2,1.31,2,2.15,0.66
9/13/2020,23:00 EDT,SJE,0,0.49,0.51,LAG,0,0.69,0.69,0,-0.2,-0.18,0,1.08,1.49
9/13/2020,21:30 EDT,VAN,1,0.88,0.89,MTL,4,3.29,3.55,-3,-2.42,-2.66,-2,0.14,2.78
9/13/2020,20:30 EDT,SKC,1,2.53,2.62,MIN,0,0.28,0.28,1,2.25,2.34,1,2.75,0.14
9/12/2020,21:30 EDT,RSL,0,0.83,0.85,COL,5,2.29,2.48,-5,-1.45,-1.63,-5,0.45,2.39
9/12/2020,20:30 EDT,FCD,2,1.08,1.08,HOU,1,1.52,1.63,1,-0.44,-0.55,1,1.03,1.69
9/12/2020,20:30 EDT,NSH,4,1.33,1.33,ATL,2,0.89,0.89,2,0.43,0.44,2,1.76,0.94
9/12/2020,19:30 EDT,ORL,1,0.58,0.58,MIA,1,0.84,0.84,0,-0.26,-0.26,1,1.06,1.56
9/12/2020,19:30 EDT,PHI,2,1.87,1.87,NER,1,1.02,1.03,1,0.85,0.85,1,2.08,0.66
9/12/2020,19:00 EDT,DCU,0,1.02,1.02,NYRB,2,1.31,1.35,-2,-0.29,-0.34,-2,1.2,1.5
9/12/2020,19:00 EDT,NYC,2,1.46,1.48,CIN,1,1.36,1.46,1,0.1,0.02,1,1.45,1.26
9/12/2020,15:30 EDT,CHI,2,2.57,2.69,CLB,2,1.92,1.96,0,0.65,0.73,0,1.85,0.95
9/10/2020,22:00 EDT,SEA,7,3.93,3.93,SJE,1,1.25,1.25,6,2.68,2.67,6,2.75,0.17
9/9/2020,21:30 EDT,RSL,3,2.28,2.36,LAFC,0,1.19,1.19,3,1.09,1.17,3,2.17,0.64
9/9/2020,21:00 EDT,COL,1,2.35,2.37,HOU,1,1.05,1.05,0,1.29,1.31,0,2.26,0.56
9/9/2020,20:00 EDT,MTL,1,1.21,1.22,TOR,2,2.26,2.26,-1,-1.05,-1.04,-1,0.61,2.18
9/9/2020,20:00 EDT,MIN,3,1.91,1.91,FCD,2,2.55,2.63,1,-0.64,-0.72,1,0.9,1.88
9/9/2020,20:00 EDT,MIA,2,0.83,0.83,ATL,1,1.86,1.93,1,-1.03,-1.09,1,0.53,2.27
9/6/2020,22:30 EDT,LAG,3,1.23,1.23,LAFC,0,1.32,1.33,3,-0.09,-0.1,3,1.36,1.34
9/6/2020,22:00 EDT,SEA,1,0.85,0.86,POR,2,1.89,1.89,-1,-1.03,-1.02,-1,0.6,2.18
9/6/2020,21:45 EDT,MIA,0,1.36,1.36,NSH,0,1.3,1.3,0,0.06,0.06,0,1.36,1.36
9/6/2020,20:00 EDT,MIN,4,2.11,2.11,RSL,0,0.28,0.28,4,1.83,1.83,4,2.66,0.21
9/6/2020,19:30 EDT,CHI,1,1.67,1.7,NER,2,1,1,-1,0.67,0.7,-1,1.92,0.86
9/6/2020,19:30 EDT,CLB,3,2.48,2.76,CIN,0,0.43,0.44,3,2.05,2.32,3,2.69,0.2
9/6/2020,19:00 EDT,DCU,0,0,0,NYC,0,1.93,1.93,0,-1.93,-1.93,0,0.13,2.74
9/6/2020,19:00 EDT,NYRB,0,0.71,0.71,PHI,3,1.01,1.01,-3,-0.3,-0.3,-3,1.01,1.63
9/5/2020,22:30 EDT,SJE,1,1.76,1.76,COL,1,1.08,1.08,0,0.68,0.68,0,2,0.77
9/5/2020,21:30 EDT,VAN,3,1.06,1.07,TOR,2,2.54,2.56,1,-1.48,-1.49,1,0.5,2.3
9/5/2020,20:00 EDT,HOU,2,1.38,1.4,SKC,1,1.5,1.57,1,-0.11,-0.17,1,1.25,1.5
9/5/2020,20:00 EDT,ORL,1,1.69,1.73,ATL,1,0.85,0.85,0,0.85,0.88,0,1.97,0.79
9/2/2020,23:00 EDT,LAFC,5,2.59,2.75,SJE,1,0.48,0.48,4,2.11,2.27,4,2.69,0.2
9/2/2020,22:30 EDT,POR,2,1.21,1.21,LAG,3,2.06,2.37,-1,-0.85,-1.16,-1,0.82,1.94
9/2/2020,21:30 EDT,RSL,2,0.69,0.71,SEA,2,1.13,1.13,0,-0.44,-0.42,0,0.88,1.81
9/2/2020,20:30 EDT,SKC,1,2.4,2.52,FCD,1,0.65,0.65,0,1.76,1.87,0,2.52,0.32
9/2/2020,20:30 EDT,NSH,1,0.52,0.52,ORL,1,0.46,0.46,0,0.05,0.06,0,1.28,1.23
9/2/2020,20:00 EDT,HOU,3,2.35,2.35,MIN,0,0.58,0.58,3,1.76,1.76,3,2.59,0.28
9/2/2020,20:00 EDT,NER,0,0.78,0.78,NYC,1,0.73,0.73,-1,0.06,0.06,-2,1.35,1.28
9/2/2020,19:30 EDT,CLB,1,0.62,0.62,PHI,0,0.97,1,1,-0.36,-0.38,1,0.92,1.74
9/2/2020,19:30 EDT,CIN,0,0.63,0.63,CHI,0,0.58,0.59,0,0.05,0.04,0,1.36,1.2
9/2/2020,19:30 EDT,NYRB,0,1.26,1.28,DCU,1,0.45,0.45,-1,0.82,0.83,-1,2.05,0.67
9/2/2020,19:00 EDT,ATL,0,0.38,0.38,MIA,0,0.75,0.75,0,-0.36,-0.37,0,0.94,1.61
9/1/2020,20:00 EDT,TOR,0,1.75,1.75,MTL,1,0.76,0.77,-1,0.98,0.98,-1,2.1,0.66
8/30/2020,22:00 EDT,SEA,3,1.28,1.28,LAFC,1,0.89,0.89,2,0.39,0.39,2,1.76,0.94
8/30/2020,20:30 EDT,NSH,1,1.15,1.15,MIA,0,1.56,1.62,1,-0.41,-0.47,1,1.03,1.64
8/29/2020,22:30 EDT,POR,4,1.65,1.65,RSL,4,2.96,3.07,0,-1.32,-1.43,0,0.68,2.14
8/29/2020,22:30 EDT,LAG,3,3.15,3.16,SJE,2,0.58,0.59,1,2.57,2.58,1,2.85,0.1
8/29/2020,21:00 EDT,COL,1,0.98,0.98,SKC,1,0.63,0.64,0,0.35,0.34,0,1.67,0.95
8/29/2020,20:30 EDT,FCD,3,1.46,1.46,MIN,1,0.61,0.62,2,0.85,0.84,2,2.2,0.54
8/29/2020,20:00 EDT,NER,1,1.75,1.76,NYRB,1,1.04,1.05,0,0.72,0.71,0,1.93,0.82
8/29/2020,19:30 EDT,PHI,4,3.14,3.14,DCU,1,1.11,1.11,3,2.03,2.03,3,2.62,0.28
8/29/2020,19:30 EDT,NYC,3,2.29,2.37,CHI,1,1.04,1.06,2,1.25,1.31,2,2.25,0.55
8/29/2020,19:30 EDT,CIN,0,0.39,0.39,CLB,0,0.55,0.55,0,-0.16,-0.15,0,1.1,1.43
8/29/2020,15:30 EDT,ATL,1,0.43,0.43,ORL,3,1.26,1.26,-2,-0.83,-0.83,-2,0.62,2.1
8/28/2020,20:00 EDT,MTL,0,0.12,0.13,TOR,1,1.18,1.32,-1,-1.05,-1.2,-1,0.28,2.51
8/26/2020,19:30 EDT,ORL,3,2.44,2.57,NSH,1,1.77,1.77,2,0.67,0.79,2,1.81,0.98
8/25/2020,20:30 EDT,SKC,2,2.2,2.33,HOU,5,2.3,2.33,-3,-0.11,0,-3,1.25,1.49
8/25/2020,20:00 EDT,MTL,2,0.72,0.73,VAN,0,1.11,1.17,2,-0.39,-0.45,2,0.93,1.75
8/25/2020,19:30 EDT,CHI,3,1.11,1.11,CIN,0,0.57,0.57,3,0.54,0.54,3,1.9,0.79
8/25/2020,19:30 EDT,PHI,1,1.4,1.4,NYRB,0,0.53,0.53,1,0.87,0.87,1,2.09,0.62
8/25/2020,19:00 EDT,DCU,1,1.57,1.65,NER,2,0.62,0.62,-1,0.95,1.03,-1,2.21,0.55
8/24/2020,19:00 EDT,NYC,1,1.1,1.11,CLB,0,0.36,0.36,1,0.74,0.75,1,2.03,0.65
8/23/2020,22:00 EDT,POR,0,0.67,0.67,SEA,3,1.8,1.8,-3,-1.13,-1.13,-3,0.52,2.26
8/22/2020,21:00 EDT,COL,0,1.15,1.17,RSL,4,1.19,1.19,-4,-0.04,-0.02,-3,1.3,1.38
8/22/2020,20:00 EDT,MIA,3,1.14,1.14,ORL,2,0.78,0.8,1,0.36,0.34,1,1.64,1.05
8/22/2020,19:00 EDT,ATL,2,1.15,1.15,NSH,0,1.11,1.11,2,0.04,0.04,2,1.43,1.27
8/22/2020,18:00 EDT,LAFC,0,0.36,0.36,LAG,2,1.42,1.42,-2,-1.07,-1.07,-2,0.48,2.29
8/21/2020,20:00 EDT,TOR,1,1.88,1.88,VAN,0,0.28,0.28,1,1.6,1.6,1,2.56,0.26
8/21/2020,20:00 EDT,HOU,0,1.14,1.14,FCD,0,0.35,0.35,0,0.79,0.79,0,2.04,0.63
8/21/2020,19:30 EDT,CIN,0,0.77,0.77,DCU,0,0.59,0.59,0,0.18,0.18,0,1.45,1.17
8/21/2020,19:30 EDT,MIN,0,0.75,0.77,SKC,1,0.78,0.78,-1,-0.03,-0.01,-1,1.31,1.32
8/20/2020,19:30 EDT,CLB,3,1.57,1.57,CHI,0,0.46,0.46,3,1.1,1.1,3,2.41,0.39
8/20/2020,19:30 EDT,NER,0,1.83,1.83,PHI,0,1.24,1.24,0,0.59,0.59,0,1.79,0.95
8/20/2020,19:00 EDT,NYRB,1,0.53,0.53,NYC,0,0.57,0.57,1,-0.04,-0.04,1,1.17,1.4
8/18/2020,20:00 EDT,TOR,3,1.38,1.39,VAN,0,0.34,0.34,3,1.05,1.06,3,2.19,0.53
8/17/2020,00:00 EDT,FCD,0,0.45,0.45,NSH,0,1.18,1.19,0,-0.72,-0.74,0,0.75,1.97
8/12/2020,20:30 EDT,FCD,0,0.91,0.92,NSH,1,0.43,0.43,-1,0.48,0.49,-1,1.81,0.83
7/23/2020,22:30 EDT,LAFC,2,0.97,0.97,POR,2,1.41,1.42,0,-0.44,-0.45,0,0.97,1.78
7/23/2020,20:00 EDT,LAG,1,1.49,1.49,HOU,1,1.11,1.18,0,0.38,0.32,0,1.73,0.95
7/23/2020,09:00 EDT,CHI,0,1.38,1.38,VAN,2,1.13,1.13,-2,0.25,0.25,-2,1.53,1.19
7/22/2020,22:30 EDT,COL,2,1.14,1.17,MIN,2,1.72,1.73,0,-0.59,-0.57,0,0.96,1.78
7/22/2020,20:00 EDT,CIN,1,0.33,0.33,NYRB,0,1.09,1.09,1,-0.76,-0.76,2,0.68,1.97
7/22/2020,09:00 EDT,RSL,0,0.37,0.37,SKC,2,1.28,1.35,-2,-0.91,-0.98,-2,0.57,2.14
7/21/2020,22:30 EDT,MTL,1,0.47,0.47,DCU,0,0.54,0.54,1,-0.07,-0.07,1,1.25,1.3
7/21/2020,20:00 EDT,ATL,0,0.63,0.63,CLB,1,1.03,1.03,-1,-0.4,-0.4,-1,0.89,1.82
7/21/2020,09:00 EDT,TOR,0,1.14,1.14,NER,0,1.42,1.42,0,-0.28,-0.28,0,1.16,1.56
7/20/2020,20:00 EDT,PHI,1,0.65,0.65,ORL,1,0.72,0.72,0,-0.07,-0.07,0,1.21,1.4
7/20/2020,09:00 EDT,MIA,0,0.28,0.28,NYC,1,0.96,0.96,-1,-0.68,-0.68,-1,0.61,2.05
7/19/2020,22:30 EDT,SEA,3,3.33,3.59,VAN,0,0.76,0.76,3,2.57,2.83,3,2.81,0.13
7/19/2020,20:00 EDT,CHI,0,0.48,0.48,SJE,2,0.48,0.48,-2,-0.01,-0.01,-2,1.26,1.29
7/18/2020,22:30 EDT,LAFC,6,3.27,3.3,LAG,1,1.08,1.08,5,2.2,2.23,4,2.78,0.14
7/18/2020,20:00 EDT,POR,2,1.23,1.24,HOU,1,1.82,1.92,1,-0.58,-0.67,1,0.9,1.84
7/17/2020,22:30 EDT,RSL,0,0.72,0.72,MIN,0,0.76,0.78,0,-0.04,-0.06,0,1.26,1.35
7/17/2020,20:00 EDT,SKC,3,2.37,2.41,COL,2,0.38,0.38,1,1.99,2.02,1,2.7,0.2
7/17/2020,20:00 EDT,DCU,1,0.58,0.58,NER,1,1.17,1.18,0,-0.59,-0.6,0,0.8,1.86
7/16/2020,22:30 EDT,CLB,2,1.09,1.09,NYRB,0,0.34,0.34,2,0.76,0.76,2,2.05,0.63
7/16/2020,20:00 EDT,MTL,3,2.59,2.59,TOR,4,1.77,1.77,-1,0.82,0.82,-1,2.07,0.69
7/16/2020,09:00 EDT,ATL,0,0.31,0.31,CIN,1,0.97,0.98,-1,-0.66,-0.66,-1,0.7,1.95
7/15/2020,21:00 EDT,VAN,2,0.79,0.79,SJE,4,2.78,2.79,-2,-1.98,-2,-1,0.27,2.61
7/14/2020,22:30 EDT,PHI,2,0.58,0.58,MIA,1,1.22,1.23,1,-0.65,-0.66,1,0.73,1.99
7/14/2020,20:00 EDT,NYC,1,1.68,1.69,ORL,3,2.04,2.2,-2,-0.36,-0.51,-2,1.06,1.71
7/14/2020,09:00 EDT,CHI,2,1.01,1.01,SEA,1,0.94,0.94,1,0.08,0.08,1,1.33,1.31
7/13/2020,22:30 EDT,LAG,1,2.44,2.5,POR,2,1.61,1.75,-1,0.82,0.75,-1,1.93,0.83
7/13/2020,20:00 EDT,LAFC,3,2.64,2.66,HOU,3,1.27,1.46,0,1.37,1.2,0,2.29,0.53
7/13/2020,09:00 EDT,TOR,2,2,2.09,DCU,2,1.27,1.27,0,0.72,0.82,0,1.87,0.84
7/12/2020,22:30 EDT,RSL,2,1.86,1.86,COL,0,0.88,0.89,2,0.98,0.97,2,2.1,0.65
7/12/2020,20:00 EDT,SKC,1,0.95,0.95,MIN,1,1.12,1.15,0,-0.17,-0.2,-1,1.15,1.55
7/11/2020,23:20 EDT,CIN,0,0.41,0.41,CLB,4,1.49,1.49,-4,-1.08,-1.09,-4,0.49,2.25
7/11/2020,20:45 EDT,ATL,0,1.17,1.18,NYRB,1,1.43,1.43,-1,-0.25,-0.25,-1,1.16,1.56
7/10/2020,21:00 EDT,SEA,0,0.98,0.99,SJE,0,0.93,0.93,0,0.05,0.06,0,1.29,1.37
7/9/2020,20:00 EDT,MTL,0,0.79,0.89,NER,1,1.42,1.42,-1,-0.62,-0.53,-1,0.86,1.84
7/9/2020,09:00 EDT,NYC,0,1.53,1.54,PHI,1,0.45,0.46,-1,1.08,1.08,-1,2.22,0.54
7/8/2020,20:00 EDT,ORL,2,1.37,1.37,MIA,1,1.12,1.12,1,0.25,0.25,1,1.56,1.13
3/8/2020,22:30 EDT,LAFC,3,2.66,2.79,PHI,3,1.05,1.11,0,1.62,1.68,0,2.46,0.4
3/8/2020,19:00 EDT,POR,1,0.33,0.33,NSH,0,0.96,0.96,1,-0.64,-0.64,1,0.7,1.91
3/7/2020,22:00 EST,SEA,1,1.91,1.91,CLB,1,1.04,1.04,0,0.86,0.86,0,2.08,0.64
3/7/2020,22:00 EST,LAG,0,0.77,0.77,VAN,1,1.67,1.67,-1,-0.89,-0.89,-1,0.62,2.14
3/7/2020,21:00 EST,COL,2,0.9,0.9,ORL,1,0.85,0.86,1,0.05,0.04,1,1.3,1.36
3/7/2020,20:30 EST,SKC,4,1.83,1.83,HOU,0,0.71,0.71,4,1.12,1.12,4,2.25,0.56
3/7/2020,20:00 EST,SJE,2,2.67,2.67,MIN,5,2.48,2.5,-3,0.19,0.17,-3,1.46,1.31
3/7/2020,19:00 EST,ATL,2,1.49,1.49,CIN,1,0.71,0.71,1,0.77,0.77,1,2.19,0.57
3/7/2020,17:00 EST,TOR,1,2.56,2.61,NYC,0,1,1,1,1.55,1.61,1,2.38,0.45
3/7/2020,15:30 EST,DCU,2,1.2,1.2,MIA,1,1.77,1.82,1,-0.57,-0.62,1,0.96,1.78
3/7/2020,15:00 EST,FCD,2,2.59,2.71,MTL,2,1.22,1.38,0,1.37,1.33,0,2.31,0.53
3/7/2020,14:00 EST,RSL,1,3.33,3.85,NYRB,1,0.21,0.21,0,3.11,3.64,0,2.92,0.05
3/7/2020,13:30 EST,NER,1,2.46,2.48,CHI,1,1.03,1.03,0,1.42,1.45,0,2.39,0.45
3/1/2020,19:30 EST,POR,1,2,2,MIN,3,1.83,1.83,-2,0.17,0.17,-2,1.51,1.21
3/1/2020,17:30 EST,LAFC,1,2.23,2.27,MIA,0,1.94,1.95,1,0.28,0.31,1,1.61,1.16
3/1/2020,15:00 EST,SEA,2,3.21,3.33,CHI,1,0.74,0.74,1,2.47,2.59,1,2.71,0.2
3/1/2020,13:00 EST,NYRB,3,1.94,1.94,CIN,2,2.09,2.34,1,-0.16,-0.4,1,1.27,1.48
3/1/2020,12:30 EST,CLB,1,1.48,1.48,NYC,0,0.24,0.24,1,1.24,1.24,1,2.41,0.36
2/29/2020,22:30 EST,VAN,1,1.73,1.73,SKC,3,0.54,0.54,-2,1.19,1.19,-2,2.36,0.44
2/29/2020,20:00 EST,NSH,1,0.83,0.83,ATL,2,0.38,0.38,-1,0.45,0.45,-1,1.8,0.82
2/29/2020,18:00 EST,ORL,0,0.84,0.84,RSL,0,0.18,0.18,0,0.67,0.67,0,1.99,0.62
2/29/2020,18:00 EST,FCD,2,0.84,0.84,PHI,0,0.86,0.86,2,-0.02,-0.02,2,1.4,1.25
2/29/2020,17:30 EST,SJE,2,0.63,0.64,TOR,2,1.86,1.92,0,-1.22,-1.28,0,0.47,2.33
2/29/2020,15:30 EST,HOU,1,0.84,0.84,LAG,1,1.61,1.67,0,-0.77,-0.82,0,0.82,1.95
2/29/2020,15:00 EST,MTL,2,1.38,1.39,NER,1,1.21,1.23,1,0.17,0.17,1,1.49,1.23
2/29/2020,13:00 EST,DCU,1,1.32,1.33,COL,2,1.68,1.71,-1,-0.35,-0.38,-1,1.18,1.56
10/6/2019,16:00 EDT,DCU,0,2.85,2.94,CIN,0,0.57,0.6,0,2.28,2.34,0,2.69,0.21
10/6/2019,16:00 EDT,ATL,3,1.92,1.97,NER,1,1.72,1.74,2,0.2,0.23,2,1.49,1.28
10/6/2019,16:00 EDT,ORL,2,3.26,3.26,CHI,4,2.37,2.7,-2,0.88,0.57,-3,1.97,0.85
10/6/2019,16:00 EDT,SEA,1,1.14,1.14,MIN,0,1.02,1.02,1,0.12,0.12,1,1.46,1.21
10/6/2019,16:00 EDT,FCD,6,2.41,2.41,SKC,0,0.57,0.57,6,1.83,1.84,6,2.63,0.24
10/6/2019,16:00 EDT,POR,3,1.89,2.01,SJE,1,0.88,0.89,2,1.01,1.12,2,2.01,0.75
10/6/2019,16:00 EDT,TOR,1,1.9,2.01,CLB,0,0.87,0.87,1,1.03,1.14,1,2.16,0.61
10/6/2019,16:00 EDT,VAN,0,1.28,1.33,RSL,1,1.57,1.63,-1,-0.29,-0.3,-1,1.19,1.56
10/6/2019,16:00 EDT,LAFC,3,1.61,1.61,COL,1,1.13,1.13,2,0.47,0.47,2,1.74,1
10/6/2019,16:00 EDT,HOU,4,2.48,2.58,LAG,2,1.97,1.99,2,0.5,0.59,2,1.71,1.09
10/6/2019,16:00 EDT,MTL,3,1.68,1.68,NYRB,0,0.61,0.61,3,1.07,1.07,3,2.31,0.47
10/6/2019,16:00 EDT,PHI,1,2.27,2.27,NYC,2,1.36,1.36,-1,0.92,0.92,-1,2.1,0.7
9/29/2019,19:30 EDT,RSL,2,0.56,0.57,HOU,1,0.87,0.91,1,-0.3,-0.35,1,1.08,1.56
9/29/2019,19:30 EDT,SJE,0,2.51,2.59,SEA,1,1.38,1.38,-1,1.13,1.21,-1,2.15,0.66
9/29/2019,19:30 EDT,LAG,3,3.02,3.06,VAN,4,2.18,2.21,-1,0.84,0.85,-1,1.87,0.93
9/29/2019,19:30 EDT,COL,3,3.08,3.26,FCD,0,1.08,1.08,3,2.01,2.19,3,2.59,0.31
9/29/2019,19:30 EDT,MIN,1,1.84,1.87,LAFC,1,1.75,1.75,0,0.08,0.11,0,1.44,1.33
9/29/2019,19:30 EDT,SKC,2,1.79,1.82,POR,2,1.99,1.99,0,-0.2,-0.17,0,1.19,1.52
9/29/2019,17:00 EDT,CHI,2,2.27,2.27,TOR,2,1.48,1.48,0,0.79,0.79,0,1.98,0.79
9/29/2019,17:00 EDT,NYRB,0,1.2,1.2,DCU,0,0.55,0.55,0,0.66,0.65,0,1.89,0.78
9/29/2019,17:00 EDT,CIN,1,1.29,1.3,ORL,1,1.63,1.63,0,-0.34,-0.33,0,1.07,1.68
9/29/2019,17:00 EDT,NER,2,1.57,1.57,NYC,0,1.47,1.69,2,0.1,-0.12,2,1.47,1.26
9/29/2019,17:00 EDT,MTL,1,1.24,1.24,ATL,1,1.46,1.46,0,-0.21,-0.21,0,1.24,1.49
9/29/2019,17:00 EDT,CLB,2,0.62,0.62,PHI,0,1.22,1.22,2,-0.6,-0.6,2,0.73,1.97
9/25/2019,23:00 EDT,SJE,1,1.22,1.22,PHI,2,1.05,1.05,-1,0.16,0.16,-1,1.52,1.19
9/25/2019,22:30 EDT,LAFC,3,1.77,1.78,HOU,0,1.01,1.01,3,0.76,0.77,2,2.05,0.72
9/25/2019,22:30 EDT,POR,2,2.49,2.54,NER,2,2.99,3.01,0,-0.5,-0.47,0,1.09,1.71
9/25/2019,21:30 EDT,RSL,1,1.03,1.03,LAG,2,1.4,1.41,-1,-0.37,-0.38,-1,1.04,1.7
9/25/2019,20:00 EDT,MIN,2,1.76,1.77,SKC,1,2.54,2.55,1,-0.78,-0.78,1,0.9,1.92
9/25/2019,19:00 EDT,NYC,4,2.2,2.21,ATL,1,1.37,1.37,3,0.82,0.84,3,1.96,0.79
9/22/2019,20:00 EDT,DCU,2,1.49,1.49,SEA,0,1.31,1.31,2,0.18,0.18,2,1.52,1.2
9/22/2019,18:30 EDT,NYRB,2,2.01,2.02,PHI,0,0.83,0.86,2,1.19,1.16,2,2.23,0.57
9/22/2019,18:00 EDT,FCD,1,1.45,1.45,NYC,1,1.05,1.05,0,0.4,0.4,0,1.64,1.08
9/22/2019,15:55 EDT,POR,0,2.78,2.94,MIN,0,1.89,1.91,0,0.89,1.03,0,1.9,0.91
9/21/2019,22:30 EDT,LAG,2,2.95,3.08,MTL,1,1.3,1.31,1,1.65,1.77,1,2.35,0.52
9/21/2019,22:30 EDT,LAFC,1,2.36,2.38,TOR,1,0.36,0.36,0,2,2.02,0,2.77,0.14
9/21/2019,20:30 EDT,HOU,2,2.05,2.05,ORL,1,0.58,0.58,1,1.47,1.47,1,2.51,0.34
9/21/2019,20:30 EDT,SKC,1,1.33,1.35,COL,3,1.32,1.33,-2,0.01,0.02,-1,1.4,1.33
9/21/2019,19:30 EDT,NER,0,1.54,1.55,RSL,0,0.57,0.57,0,0.97,0.98,0,2.08,0.67
9/21/2019,19:30 EDT,CIN,0,0.95,0.96,CHI,0,1.29,1.29,0,-0.34,-0.33,0,1.04,1.65
9/21/2019,17:00 EDT,VAN,1,1.13,1.13,CLB,1,1.87,1.92,0,-0.74,-0.79,0,0.87,1.88
9/21/2019,15:30 EDT,ATL,3,2.18,2.19,SJE,0,1.38,1.61,3,0.8,0.58,2,1.87,0.89
9/18/2019,22:30 EDT,POR,0,1.74,1.74,NYRB,2,2.79,3.04,-2,-1.04,-1.3,-2,0.75,2.06
9/18/2019,22:30 EDT,SEA,0,1.27,1.27,FCD,0,0.35,0.36,0,0.91,0.91,0,2.16,0.54
9/18/2019,19:30 EDT,CIN,0,1.6,1.61,ATL,2,1.56,1.56,-2,0.04,0.04,-2,1.38,1.33
9/15/2019,22:00 EDT,LAG,7,3.94,4.07,SKC,2,2.33,2.39,5,1.6,1.67,5,2.22,0.62
9/15/2019,18:00 EDT,SEA,3,1.69,1.79,NYRB,2,0.72,0.72,1,0.97,1.06,2,2.12,0.66
9/15/2019,17:30 EDT,MIN,3,2.61,2.61,RSL,1,1.27,1.28,2,1.34,1.33,2,2.27,0.55
9/15/2019,17:00 EDT,TOR,3,2.87,2.87,COL,2,2.14,2.17,1,0.72,0.7,1,1.9,0.87
9/15/2019,15:30 EDT,POR,0,1.01,1.02,DCU,0,0.68,0.68,0,0.33,0.34,-1,1.55,1.12
9/14/2019,22:00 EDT,VAN,2,1.11,1.18,HOU,1,1.54,1.55,1,-0.43,-0.37,1,0.98,1.69
9/14/2019,19:30 EDT,MTL,0,1.83,1.89,CIN,1,0.84,0.85,-1,1,1.03,-1,2.13,0.65
9/14/2019,19:30 EDT,PHI,1,0.92,0.92,LAFC,1,1.91,1.95,0,-1,-1.03,0,0.61,2.17
9/14/2019,19:30 EDT,ORL,3,1.74,1.94,NER,2,1.16,1.17,1,0.58,0.77,0,1.75,0.99
9/14/2019,19:00 EDT,ATL,1,1.78,1.78,CLB,2,1.18,1.22,-1,0.6,0.56,-2,1.75,1
9/14/2019,15:30 EDT,CHI,4,2.39,2.39,FCD,0,1.09,1.12,4,1.3,1.27,4,2.34,0.5
9/14/2019,12:30 EDT,NYC,2,1.45,1.52,SJE,1,1.45,1.45,1,0,0.07,1,1.4,1.33
9/11/2019,21:30 EDT,RSL,1,0.94,0.94,SJE,0,0.65,0.65,1,0.29,0.29,1,1.65,1
9/11/2019,21:00 EDT,COL,2,1.85,1.85,LAG,1,1.74,1.75,1,0.11,0.1,1,1.41,1.3
9/11/2019,20:30 EDT,HOU,2,0.92,0.92,MIN,0,0.78,0.78,2,0.14,0.14,2,1.48,1.17
9/11/2019,19:00 EDT,NYC,1,0.6,0.6,TOR,1,2.83,2.83,0,-2.23,-2.23,0,0.15,2.77
9/7/2019,22:30 EDT,POR,2,2.34,2.35,SKC,1,0.52,0.52,1,1.82,1.83,1,2.73,0.17
9/7/2019,21:00 EDT,COL,2,1.86,1.87,SEA,0,0.41,0.41,2,1.46,1.46,2,2.41,0.37
9/7/2019,19:30 EDT,CIN,1,1.25,1.28,TOR,5,1.08,1.09,-4,0.17,0.19,-4,1.53,1.14
9/7/2019,19:30 EDT,ORL,2,1.26,1.26,LAFC,2,1.38,1.38,0,-0.12,-0.11,0,1.3,1.4
9/7/2019,15:30 EDT,NYC,2,3.85,3.9,NER,1,0.51,0.51,1,3.34,3.39,1,2.93,0.04
9/1/2019,22:30 EDT,LAFC,0,1.66,1.67,MIN,2,0.41,0.41,-2,1.26,1.26,-2,2.33,0.44
9/1/2019,18:30 EDT,SEA,4,2.05,2.05,LAG,3,1.95,1.96,1,0.1,0.09,1,1.47,1.3
8/31/2019,22:30 EDT,SJE,3,2.51,2.58,ORL,0,0.59,0.59,3,1.92,1.99,3,2.63,0.25
8/31/2019,22:30 EDT,POR,1,0.82,0.82,RSL,0,0.99,1.04,1,-0.17,-0.21,1,1.26,1.38
8/31/2019,22:00 EDT,VAN,1,1.02,1.02,NYC,3,1.41,1.55,-2,-0.4,-0.53,-2,1.03,1.7
8/31/2019,20:30 EDT,SKC,1,1.32,1.32,HOU,0,1.2,1.2,1,0.12,0.12,1,1.56,1.16
8/31/2019,20:00 EDT,FCD,3,2.39,2.48,CIN,1,0.98,0.98,2,1.4,1.5,2,2.39,0.41
8/31/2019,19:30 EDT,PHI,3,1.72,1.72,ATL,1,1.95,1.98,2,-0.23,-0.26,2,1.23,1.51
8/31/2019,19:30 EDT,NER,1,1.46,1.46,TOR,1,1.88,2.05,0,-0.42,-0.59,0,1.06,1.66
8/31/2019,19:30 EDT,MTL,0,1.73,1.83,DCU,3,1.5,1.52,-3,0.22,0.32,-3,1.53,1.2
8/31/2019,19:30 EDT,CLB,1,1.13,1.14,CHI,1,2.52,2.68,0,-1.4,-1.54,0,0.56,2.28
8/31/2019,19:00 EDT,NYRB,0,1.9,1.9,COL,2,1.78,1.78,-2,0.12,0.12,-2,1.46,1.29
8/28/2019,20:00 EDT,MTL,1,1.77,1.78,VAN,1,2.52,2.67,0,-0.75,-0.9,1,0.83,1.97
8/25/2019,22:30 EDT,LAFC,3,3.74,3.82,LAG,3,1.45,1.45,0,2.28,2.37,0,2.6,0.31
8/25/2019,20:00 EDT,FCD,5,3.47,3.47,HOU,1,1.59,1.6,4,1.88,1.88,4,2.44,0.41
8/25/2019,18:00 EDT,CIN,1,1.35,1.35,CLB,3,1.41,1.41,-2,-0.06,-0.06,-2,1.31,1.4
8/24/2019,22:00 EDT,SJE,3,3.55,3.62,VAN,1,0.09,0.09,2,3.46,3.53,2,2.97,0.02
8/24/2019,22:00 EDT,RSL,2,2.31,2.35,COL,0,1.8,2.44,2,0.52,-0.09,2,1.76,1.02
8/24/2019,19:30 EDT,PHI,3,1.97,1.97,DCU,1,0.64,0.64,2,1.33,1.33,2,2.31,0.49
8/24/2019,19:30 EDT,NER,2,1.44,1.44,CHI,1,0.63,0.63,1,0.81,0.81,1,2.08,0.69
8/24/2019,19:30 EDT,TOR,2,1.52,1.52,MTL,1,0.56,0.58,1,0.95,0.94,1,2.11,0.64
8/24/2019,19:00 EDT,NYC,2,2.05,2.06,NYRB,1,0.43,0.43,1,1.61,1.63,1,2.65,0.24
8/23/2019,22:00 EDT,POR,1,2.04,2.05,SEA,2,1.62,1.62,-1,0.42,0.43,-1,1.62,1.12
8/23/2019,20:00 EDT,ORL,0,2.38,2.41,ATL,1,1.43,1.46,-1,0.95,0.95,-1,1.97,0.81
8/22/2019,21:30 EDT,SKC,1,1.22,1.22,MIN,0,0.72,0.72,1,0.51,0.5,1,1.78,0.9
8/21/2019,22:30 EDT,LAFC,4,3.28,3.34,SJE,0,1.98,2.01,4,1.3,1.33,4,2.21,0.61
8/21/2019,20:00 EDT,DCU,1,1.22,1.22,NYRB,2,2.8,2.82,-1,-1.58,-1.6,-1,0.42,2.45
8/21/2019,19:00 EDT,NYC,1,2.17,2.17,CLB,0,1.29,1.34,1,0.88,0.83,1,2.02,0.78
8/18/2019,22:00 EDT,POR,0,1.26,1.27,ATL,2,2.44,2.61,-2,-1.18,-1.34,-2,0.73,2.04
8/17/2019,22:00 EDT,RSL,0,0.83,0.83,LAFC,2,2.94,2.98,-2,-2.12,-2.15,-2,0.24,2.65
8/17/2019,22:00 EDT,VAN,1,0.57,0.57,DCU,0,1.59,1.59,1,-1.02,-1.02,1,0.64,2.1
8/17/2019,22:00 EDT,LAG,2,1.94,1.94,SEA,1,2.88,2.98,1,-0.94,-1.04,0,0.86,1.94
8/17/2019,21:00 EDT,HOU,2,2.11,2.12,COL,2,1.47,1.47,0,0.65,0.65,0,1.83,0.93
8/17/2019,20:30 EDT,SKC,2,1.76,1.78,SJE,1,2.29,2.3,1,-0.54,-0.53,1,0.98,1.82
8/17/2019,20:00 EDT,CHI,2,2.26,2.26,PHI,0,2.02,2.11,2,0.24,0.15,2,1.6,1.14
8/17/2019,20:00 EDT,MIN,1,1.51,1.53,ORL,1,1.08,1.08,0,0.43,0.45,0,1.69,1.03
8/17/2019,19:30 EDT,CLB,2,1.34,1.34,TOR,2,0.77,0.77,0,0.57,0.57,0,1.81,0.89
8/17/2019,19:30 EDT,CIN,1,1.61,1.61,NYC,4,1.91,1.97,-3,-0.3,-0.36,-3,1.12,1.6
8/17/2019,19:30 EDT,MTL,3,1.49,1.49,FCD,3,2.48,2.68,0,-0.99,-1.19,0,0.69,2.1
8/17/2019,19:00 EDT,NYRB,1,2.71,2.75,NER,1,0.48,0.48,0,2.23,2.27,0,2.73,0.17
8/14/2019,23:00 EDT,POR,3,2.2,2.2,CHI,2,0.35,0.35,1,1.85,1.85,1,2.69,0.19
8/14/2019,22:30 EDT,LAG,2,1.48,1.48,FCD,0,1.01,1.01,2,0.47,0.47,2,1.75,0.97
8/14/2019,22:00 EDT,RSL,3,1.27,1.27,SEA,0,0.49,0.49,3,0.78,0.78,3,1.99,0.7
8/14/2019,20:00 EDT,MIN,1,3.17,3.21,COL,0,0.52,0.52,1,2.65,2.69,1,2.82,0.12
8/14/2019,19:30 EDT,ORL,1,1.24,1.25,SKC,0,1.41,1.42,1,-0.17,-0.17,1,1.21,1.53
8/11/2019,22:00 EDT,LAFC,4,2.84,2.84,NYRB,2,1.58,1.58,2,1.26,1.26,2,2.18,0.64
8/11/2019,19:30 EDT,DCU,2,1.26,1.3,LAG,1,2.94,2.97,1,-1.68,-1.67,1,0.45,2.41
8/11/2019,18:00 EDT,PHI,2,1.1,1.12,HOU,1,0.87,0.87,1,0.24,0.25,1,1.54,1.12
8/11/2019,15:55 EDT,ATL,2,2.42,2.42,NYC,1,0.96,0.96,1,1.46,1.46,1,2.28,0.52
8/10/2019,23:00 EDT,POR,3,1.63,1.64,VAN,1,1.02,1.02,2,0.61,0.62,2,1.87,0.88
8/10/2019,21:00 EDT,CHI,3,0.83,0.83,MTL,2,1.68,1.68,1,-0.85,-0.84,1,0.65,2.1
8/10/2019,21:00 EDT,COL,2,1.02,1.02,SJE,1,1.38,1.39,1,-0.36,-0.37,1,1.05,1.63
8/10/2019,20:30 EDT,SKC,1,1.53,1.53,RSL,2,1.38,1.42,-1,0.15,0.11,-1,1.49,1.2
8/10/2019,20:00 EDT,FCD,5,2.95,2.96,MIN,3,1.84,1.98,2,1.11,0.98,2,2.11,0.7
8/10/2019,19:30 EDT,TOR,1,1.11,1.12,ORL,1,0.52,0.52,0,0.59,0.6,0,1.78,0.87
8/10/2019,19:30 EDT,CLB,2,2.31,2.32,CIN,2,0.69,0.69,0,1.62,1.62,0,2.47,0.36
8/10/2019,16:00 EDT,SEA,3,2.53,2.55,NER,3,2.02,2.02,0,0.51,0.53,0,1.66,1.1
8/8/2019,19:00 EDT,NYC,3,3.72,4.07,HOU,2,0.42,0.43,1,3.3,3.64,1,2.9,0.06
8/4/2019,22:00 EDT,SEA,2,1.68,1.7,SKC,3,1.53,1.54,-1,0.14,0.16,-1,1.41,1.31
8/4/2019,19:30 EDT,DCU,1,1.64,1.68,PHI,5,3.38,3.55,-4,-1.74,-1.86,-4,0.47,2.38
8/4/2019,16:00 EDT,MIN,1,1.77,1.79,POR,0,1.12,1.13,1,0.65,0.66,1,1.95,0.81
8/3/2019,22:00 EDT,SJE,1,2.46,2.5,CLB,1,1.18,1.18,0,1.28,1.31,0,2.27,0.55
8/3/2019,22:00 EDT,RSL,3,1.52,1.55,NYC,1,0.75,0.75,2,0.77,0.79,2,2.02,0.72
8/3/2019,21:36 EDT,HOU,0,0.67,0.68,CHI,1,1.78,3.23,-1,-1.11,-2.55,-1,0.6,2.18
8/3/2019,21:00 EDT,COL,5,2.46,2.46,MTL,2,1.61,1.61,3,0.85,0.85,3,2.06,0.7
8/3/2019,20:00 EDT,CIN,1,1.44,1.54,VAN,2,1.14,1.14,-1,0.3,0.4,-1,1.58,1.13
8/3/2019,19:30 EDT,NER,0,0.54,0.54,LAFC,2,3.37,3.37,-2,-2.83,-2.83,-2,0.11,2.84
8/3/2019,19:30 EDT,ORL,2,1.28,1.29,FCD,0,0.58,0.58,2,0.69,0.71,2,2.01,0.71
8/3/2019,18:00 EDT,NYRB,1,3.32,3.41,TOR,0,0.74,0.75,1,2.59,2.66,2,2.79,0.15
8/3/2019,17:00 EDT,ATL,1,2.66,2.77,LAG,0,0.96,0.96,1,1.7,1.81,3,2.42,0.44
7/27/2019,22:30 EDT,POR,4,2.49,2.53,LAG,0,2.14,2.2,4,0.35,0.33,4,1.61,1.16
7/27/2019,22:00 EDT,SJE,2,1.55,1.55,COL,1,1.21,1.21,1,0.34,0.34,2,1.54,1.18
7/27/2019,20:00 EDT,FCD,0,0.66,0.66,RSL,0,0.96,0.96,0,-0.3,-0.3,0,1.14,1.54
7/27/2019,20:00 EDT,MTL,4,2.02,2.02,PHI,0,0.78,0.79,4,1.23,1.23,4,2.33,0.48
7/27/2019,20:00 EDT,TOR,2,0.89,0.9,CIN,1,0.7,0.7,1,0.2,0.2,1,1.49,1.14
7/27/2019,20:00 EDT,MIN,0,1.58,1.58,VAN,0,0.31,0.31,0,1.27,1.28,0,2.43,0.37
7/27/2019,20:00 EDT,HOU,0,1.06,1.06,SEA,1,1.15,1.15,-1,-0.09,-0.09,-1,1.21,1.46
7/27/2019,20:00 EDT,CHI,0,2.02,2.09,DCU,0,0.48,0.49,0,1.54,1.61,0,2.55,0.3
7/27/2019,19:30 EDT,NYRB,2,2.16,2.16,CLB,3,1.75,1.84,-1,0.41,0.32,-1,1.66,1.11
7/27/2019,19:00 EDT,NER,4,2.44,2.6,ORL,1,2.05,2.05,3,0.39,0.55,3,1.75,1.03
7/26/2019,22:00 EDT,LAFC,4,2.05,2.05,ATL,2,1.17,1.17,2,0.88,0.88,1,2.03,0.74
7/26/2019,19:30 EDT,NYC,3,1.83,1.84,SKC,1,1.78,1.79,2,0.06,0.05,2,1.41,1.37
7/21/2019,21:30 EDT,SEA,1,2.75,2.75,POR,2,2.07,2.16,-1,0.69,0.59,-1,1.88,0.91
7/21/2019,19:30 EDT,ORL,0,1.3,1.43,NYRB,1,1.5,1.5,-1,-0.2,-0.06,-1,1.16,1.56
7/21/2019,18:00 EDT,CIN,0,0.89,0.9,NER,2,2.15,2.17,-2,-1.26,-1.27,-2,0.52,2.27
7/21/2019,16:00 EDT,ATL,2,3.05,3.05,DCU,0,1.02,1.02,2,2.03,2.03,2,2.67,0.23
7/20/2019,22:00 EDT,VAN,1,0.57,0.57,SJE,3,2.56,2.58,-2,-1.99,-2.01,-2,0.27,2.62
7/20/2019,22:00 EDT,RSL,1,0.56,0.56,MIN,1,0.98,1.03,0,-0.42,-0.47,0,0.83,1.8
7/20/2019,21:38 EDT,COL,1,1.23,1.23,NYC,2,2.7,2.77,-1,-1.47,-1.54,-1,0.56,2.27
7/20/2019,20:30 EDT,SKC,0,1.2,1.2,FCD,2,1.59,1.59,-2,-0.39,-0.39,-2,1.07,1.66
7/20/2019,19:30 EDT,PHI,2,1.21,1.22,CHI,0,0.74,0.74,2,0.47,0.48,2,1.76,0.93
7/20/2019,19:30 EDT,TOR,1,1.85,1.92,HOU,3,1.3,1.3,-2,0.56,0.62,-2,1.8,0.94
7/20/2019,19:30 EDT,CLB,2,1.64,1.64,MTL,1,1.03,1.12,1,0.6,0.52,1,1.89,0.86
7/19/2019,22:00 EDT,LAG,3,0.92,0.95,LAFC,2,2.23,2.23,1,-1.32,-1.28,1,0.47,2.33
7/18/2019,22:00 EDT,POR,1,1.8,1.81,ORL,1,0.19,0.19,0,1.62,1.62,0,2.58,0.24
7/18/2019,20:00 EDT,CIN,1,1.33,1.37,DCU,4,1.34,1.34,-3,-0.01,0.03,-3,1.37,1.35
7/17/2019,20:00 EDT,TOR,3,2.07,2.07,NYRB,1,2.25,2.25,2,-0.18,-0.18,2,1.29,1.45
7/17/2019,20:00 EDT,CHI,2,1.57,1.58,CLB,2,0.97,0.98,0,0.59,0.6,0,1.86,0.87
7/17/2019,19:00 EDT,ATL,5,2.57,2.57,HOU,0,0.17,0.17,5,2.4,2.4,5,2.84,0.09
7/17/2019,19:00 EDT,NER,4,3.02,3.09,VAN,0,1.3,1.3,4,1.72,1.79,4,2.4,0.45
7/14/2019,18:30 EDT,NYRB,2,1.69,1.78,NYC,1,0.75,0.75,1,0.94,1.03,1,2.21,0.53
7/14/2019,15:55 EDT,SEA,2,2.98,2.98,ATL,1,0.9,0.9,1,2.08,2.08,1,2.52,0.34
7/13/2019,23:00 EDT,POR,1,1.53,1.53,COL,2,1.38,1.46,-1,0.15,0.07,0,1.57,1.17
7/13/2019,22:00 EDT,VAN,0,0.79,0.79,SKC,2,2.45,2.48,-2,-1.66,-1.69,-3,0.37,2.48
7/13/2019,22:00 EDT,RSL,4,1.67,1.67,PHI,0,0.14,0.14,4,1.53,1.53,4,2.61,0.23
7/13/2019,20:00 EDT,CHI,1,3.44,3.44,CIN,2,1.06,1.06,-1,2.38,2.38,-1,2.76,0.17
7/13/2019,20:00 EDT,MIN,1,1.67,1.69,FCD,0,1.59,1.59,1,0.08,0.1,1,1.48,1.26
7/13/2019,19:30 EDT,ORL,1,0.54,0.54,CLB,0,0.82,0.82,1,-0.27,-0.27,1,1.05,1.57
7/13/2019,19:30 EDT,MTL,0,1.38,1.39,TOR,2,1.33,1.39,-2,0.05,0,-2,1.32,1.4
7/12/2019,23:00 EDT,LAG,1,0.67,0.67,SJE,3,2.18,2.25,-2,-1.51,-1.59,-2,0.43,2.38
7/12/2019,21:00 EDT,HOU,1,2.21,2.23,LAFC,3,1.46,1.46,-2,0.76,0.77,-2,1.98,0.8
7/12/2019,19:00 EDT,DCU,2,1.61,1.61,NER,2,1.02,1.07,0,0.58,0.54,0,1.81,0.92
7/7/2019,18:30 EDT,NYC,0,1.22,1.22,POR,1,0.62,0.62,-1,0.6,0.59,-1,1.8,0.89
7/7/2019,16:30 EDT,PHI,2,1.57,1.57,ORL,2,1.3,1.33,0,0.26,0.24,0,1.5,1.23
7/7/2019,14:00 EDT,ATL,3,1.6,1.6,NYRB,3,0.84,0.84,0,0.76,0.76,0,2.1,0.64
7/6/2019,22:30 EDT,LAFC,5,3,3.11,VAN,1,0.42,0.44,4,2.58,2.67,5,2.77,0.14
7/6/2019,22:30 EDT,SJE,1,0.87,0.88,RSL,0,1.1,1.1,1,-0.23,-0.22,1,1.1,1.57
7/6/2019,20:30 EDT,SKC,1,2.31,2.31,CHI,0,0.39,0.39,1,1.92,1.92,1,2.69,0.21
7/6/2019,19:30 EDT,MTL,2,1.02,1.02,MIN,3,1.62,1.62,-1,-0.6,-0.6,-1,0.85,1.86
7/6/2019,19:30 EDT,CIN,3,1.39,1.39,HOU,1,2.42,2.42,2,-1.02,-1.02,1,0.66,2.13
7/6/2019,19:30 EDT,CLB,1,1.87,1.87,SEA,2,1.75,1.75,-1,0.12,0.12,-1,1.46,1.29
7/4/2019,22:30 EDT,LAG,2,1.06,1.07,TOR,0,0.93,0.93,2,0.13,0.13,2,1.47,1.19
7/4/2019,22:00 EDT,COL,1,1.94,1.97,NER,2,0.94,0.94,-1,1.01,1.03,-1,2.07,0.69
7/4/2019,21:00 EDT,FCD,2,2.5,2.57,DCU,0,0.48,0.48,2,2.03,2.09,2,2.69,0.19
7/3/2019,22:00 EDT,RSL,1,1.52,1.52,CLB,0,0.74,0.74,1,0.77,0.77,1,1.91,0.81
7/3/2019,21:00 EDT,HOU,4,1.58,1.59,NYRB,0,0.75,0.76,4,0.82,0.83,4,2.03,0.73
7/3/2019,20:30 EDT,SKC,1,3.66,3.86,LAFC,5,2.1,2.1,-4,1.56,1.76,-4,2.24,0.6
7/3/2019,20:20 EDT,ORL,1,1.18,1.19,PHI,3,1.84,1.93,-2,-0.66,-0.75,-2,0.89,1.87
7/3/2019,20:00 EDT,CHI,5,3.62,3.71,ATL,1,0.96,0.96,4,2.66,2.75,4,2.81,0.13
7/3/2019,20:00 EDT,MIN,3,1.91,1.91,SJE,1,2.03,2.05,2,-0.11,-0.13,2,1.26,1.51
7/3/2019,19:00 EDT,NYC,3,1.98,2.07,SEA,0,0.62,0.63,3,1.35,1.44,3,2.44,0.37
6/30/2019,23:00 EDT,POR,1,1.18,1.18,FCD,0,1.31,1.31,1,-0.13,-0.13,1,1.25,1.47
6/29/2019,22:00 EDT,SEA,1,1.71,1.72,VAN,0,1,1,1,0.72,0.72,1,1.92,0.84
6/29/2019,22:00 EDT,RSL,2,1.46,1.48,SKC,0,0.48,0.48,2,0.98,1,2,2.18,0.56
6/29/2019,22:00 EDT,SJE,3,1.61,1.62,LAG,0,0.94,0.94,3,0.68,0.68,3,1.77,0.97
6/29/2019,20:00 EDT,DCU,1,1.44,1.44,TOR,1,1.11,1.18,0,0.33,0.26,0,1.66,1.01
6/29/2019,19:30 EDT,NER,2,2.11,2.12,HOU,1,0.7,0.7,1,1.41,1.42,1,2.35,0.46
6/29/2019,19:30 EDT,CLB,0,1.37,1.37,ORL,2,0.29,0.29,-2,1.09,1.09,-2,2.4,0.37
6/29/2019,19:00 EDT,NYC,4,3.17,3.17,PHI,2,0.79,0.79,2,2.38,2.38,2,2.81,0.13
6/29/2019,18:00 EDT,ATL,2,1.4,1.44,MTL,1,1.56,1.59,1,-0.16,-0.14,1,1.16,1.54
6/29/2019,16:00 EDT,MIN,7,3.93,3.97,CIN,1,0.37,0.37,6,3.56,3.59,6,2.96,0.03
6/28/2019,22:00 EDT,COL,1,0.49,0.5,LAFC,0,0.96,0.96,1,-0.46,-0.46,1,0.87,1.76
6/28/2019,20:00 EDT,NYRB,3,1.43,1.43,CHI,1,3.01,3.03,2,-1.58,-1.6,2,0.43,2.4
6/26/2019,22:30 EDT,SJE,2,2.18,2.18,HOU,0,0.83,0.83,2,1.35,1.35,2,2.31,0.5
6/26/2019,21:00 EDT,FCD,2,2.16,2.19,VAN,2,0.83,0.83,0,1.33,1.35,0,2.32,0.51
6/26/2019,20:15 EDT,MTL,2,1.15,1.16,POR,1,1.39,1.39,1,-0.24,-0.23,1,1.14,1.56
6/26/2019,20:00 EDT,TOR,3,2.42,2.42,ATL,2,2.84,2.84,1,-0.42,-0.42,1,1.09,1.68
6/26/2019,20:00 EDT,DCU,1,0.87,0.87,ORL,0,1.54,1.63,1,-0.67,-0.76,1,0.91,1.82
6/26/2019,19:00 EDT,NER,1,1.38,1.38,PHI,1,1.66,1.66,0,-0.28,-0.28,0,1.08,1.62
6/23/2019,17:30 EDT,CLB,0,1.02,1.03,SKC,1,1.79,1.98,-1,-0.77,-0.95,-1,0.79,1.99
6/22/2019,23:00 EDT,POR,4,3.04,3.18,HOU,0,0.54,0.55,4,2.51,2.63,4,2.78,0.14
6/22/2019,22:00 EDT,VAN,2,2.71,2.79,COL,2,2.08,2.13,0,0.63,0.67,0,1.78,0.99
6/22/2019,20:00 EDT,FCD,3,3.12,3.44,TOR,0,0.49,0.49,3,2.63,2.95,3,2.83,0.11
6/22/2019,20:00 EDT,CHI,1,0.32,0.32,RSL,1,1.09,1.09,0,-0.77,-0.77,0,0.48,2.23
6/22/2019,19:30 EDT,CIN,0,0.5,0.5,LAG,2,1.85,2.05,-2,-1.34,-1.55,-2,0.44,2.35
6/8/2019,21:00 EDT,COL,1,0.5,0.5,MIN,0,0.88,0.89,1,-0.38,-0.39,1,0.94,1.71
6/8/2019,19:30 EDT,PHI,3,2.94,2.94,NYRB,2,0.81,0.82,1,2.13,2.12,1,2.68,0.22
6/8/2019,15:30 EDT,SJE,2,1.13,1.13,FCD,1,0.67,0.68,1,0.45,0.45,0,1.7,0.98
6/7/2019,19:00 EDT,TOR,2,2.25,2.29,SKC,2,1.89,1.89,0,0.36,0.41,0,1.61,1.13
6/6/2019,19:00 EDT,NYC,5,3.15,3.15,CIN,0,1.51,1.51,5,1.64,1.64,3,2.4,0.45
6/5/2019,19:30 EDT,MTL,2,1.46,1.46,SEA,1,0.81,0.81,1,0.65,0.65,1,1.99,0.64
6/2/2019,22:30 EDT,LAG,1,1.67,1.68,NER,2,2.68,2.73,-1,-1.01,-1.05,-1,0.8,1.99
6/2/2019,16:00 EDT,MIN,2,2.56,2.65,PHI,3,2.67,2.76,-1,-0.1,-0.11,-1,1.29,1.49
6/1/2019,22:30 EDT,POR,2,2.24,2.32,LAFC,3,2.23,2.23,-1,0.01,0.08,-1,1.38,1.4
6/1/2019,21:47 EDT,FCD,0,0.82,0.82,SEA,1,0.18,0.18,-1,0.64,0.64,1,2.01,0.59
6/1/2019,20:30 EDT,COL,3,2.38,2.43,CIN,1,1.15,1.15,2,1.24,1.29,2,2.22,0.59
6/1/2019,20:30 EDT,HOU,1,1.3,1.33,SKC,1,0.61,0.61,0,0.69,0.72,0,1.96,0.78
6/1/2019,20:00 EDT,DCU,1,1.02,1.03,SJE,1,1.93,1.98,0,-0.92,-0.95,0,0.79,2
6/1/2019,19:30 EDT,CLB,2,1.75,1.75,NYC,2,0.93,0.93,0,0.83,0.83,0,2.09,0.67
6/1/2019,19:00 EDT,NYRB,3,1.91,1.93,RSL,0,0.54,0.55,3,1.37,1.38,4,2.33,0.47
6/1/2019,18:00 EDT,ATL,2,1.38,1.38,CHI,0,1.08,1.08,2,0.3,0.3,2,1.67,1.07
6/1/2019,17:00 EDT,MTL,0,0.8,0.81,ORL,3,1.7,1.73,-3,-0.9,-0.92,-3,0.58,2.18
5/31/2019,22:00 EDT,VAN,1,0.96,0.96,TOR,1,0.51,0.51,0,0.45,0.45,0,1.99,0.69
5/29/2019,20:30 EDT,SKC,0,0.86,0.89,LAG,2,0.98,0.98,-2,-0.12,-0.09,-2,1.19,1.46
5/29/2019,20:27 EDT,PHI,1,3.73,3.73,COL,1,1.1,1.11,0,2.63,2.62,0,2.75,0.2
5/29/2019,20:00 EDT,DCU,3,1.25,1.25,CHI,3,3.21,3.33,0,-1.97,-2.08,0,0.4,2.48
5/29/2019,19:30 EDT,MTL,2,2.2,2.2,RSL,1,1.17,1.17,1,1.03,1.03,1,2.24,0.53
5/29/2019,19:00 EDT,ATL,3,1.81,1.81,MIN,0,1.25,1.53,3,0.56,0.28,3,1.75,1.04
5/26/2019,19:30 EDT,TOR,1,1.64,1.64,SJE,2,1.42,1.42,-1,0.22,0.22,-1,1.51,1.22
5/26/2019,18:00 EDT,SKC,3,1.71,1.71,SEA,2,1.39,1.39,1,0.33,0.33,1,1.76,1.01
5/25/2019,21:00 EDT,COL,3,1.44,1.47,CLB,2,1.82,1.86,1,-0.38,-0.39,1,1.05,1.7
5/25/2019,20:00 EDT,MIN,1,1.27,1.31,HOU,0,1.12,1.14,1,0.14,0.17,1,1.51,1.17
5/25/2019,19:30 EDT,PHI,1,2.04,2.08,POR,3,1.33,1.33,-2,0.71,0.75,-2,1.86,0.92
5/25/2019,19:30 EDT,NER,1,1.08,1.08,DCU,1,2.73,2.79,0,-1.66,-1.71,0,0.42,2.44
5/25/2019,19:30 EDT,CIN,0,1.75,1.76,NYRB,2,1.18,1.18,-2,0.57,0.58,-2,1.8,0.94
5/25/2019,19:00 EDT,VAN,2,0.74,0.74,FCD,1,1.32,1.32,1,-0.58,-0.59,1,0.89,1.8
5/25/2019,15:30 EDT,CHI,1,1.15,1.15,NYC,1,0.8,0.8,0,0.35,0.35,0,1.65,1.03
5/24/2019,22:30 EDT,LAFC,4,3.51,3.54,MTL,1,1.74,1.74,3,1.77,1.8,2,2.4,0.44
5/24/2019,21:00 EDT,RSL,2,0.99,0.99,ATL,1,0.83,0.83,1,0.16,0.16,1,1.46,1.18
5/24/2019,19:00 EDT,ORL,0,1.83,1.83,LAG,1,0.48,0.48,-1,1.34,1.35,-1,2.45,0.35
5/22/2019,20:00 EDT,NYRB,1,1.18,1.25,VAN,2,1.86,1.89,-1,-0.68,-0.64,0,0.83,1.92
5/19/2019,20:00 EDT,LAG,0,1.97,1.97,COL,1,3.17,3.28,-1,-1.2,-1.31,-1,0.76,2.06
5/19/2019,19:30 EDT,FCD,1,0.7,0.7,LAFC,1,2.78,2.84,0,-2.09,-2.14,0,0.17,2.74
5/19/2019,17:00 EDT,NYRB,1,0.64,0.64,ATL,0,0.83,0.83,1,-0.19,-0.19,1,1.1,1.51
5/19/2019,15:00 EDT,ORL,5,2.52,2.52,CIN,1,0.8,0.8,4,1.71,1.71,4,2.56,0.31
5/18/2019,20:30 EDT,SKC,1,1.01,1.08,VAN,1,0.73,0.73,0,0.28,0.34,0,1.56,1.11
5/18/2019,20:30 EDT,HOU,2,2.14,2.26,DCU,1,1.14,1.17,1,1,1.08,1,2.11,0.68
5/18/2019,20:00 EDT,MIN,1,1.38,1.38,CLB,0,0.15,0.15,1,1.24,1.24,1,2.44,0.33
5/18/2019,19:30 EDT,PHI,0,1.19,1.2,SEA,0,0.52,0.56,0,0.67,0.65,0,1.92,0.75
5/18/2019,15:30 EDT,SJE,4,2.8,2.82,CHI,1,1.23,1.23,3,1.56,1.59,3,2.44,0.42
5/18/2019,15:00 EDT,RSL,3,2.19,2.21,TOR,0,0.63,0.63,3,1.57,1.59,3,2.47,0.37
5/18/2019,13:00 EDT,MTL,0,1.25,1.25,NER,0,0.91,0.93,0,0.34,0.32,0,1.6,1.07
5/16/2019,22:00 EDT,LAFC,2,2.97,2.98,FCD,0,0.52,0.52,2,2.44,2.45,2,2.77,0.15
5/15/2019,22:30 EDT,SEA,2,1.96,1.96,ORL,1,0.49,0.49,1,1.47,1.47,1,2.51,0.31
5/15/2019,22:00 EDT,VAN,0,0.4,0.41,ATL,1,2.22,2.39,-1,-1.81,-1.99,-1,0.2,2.69
5/15/2019,20:30 EDT,HOU,1,2.08,2.11,POR,1,1.72,1.72,0,0.36,0.4,0,1.58,1.19
5/15/2019,20:00 EDT,TOR,0,3.21,3.43,DCU,0,0.11,0.11,0,3.11,3.32,0,2.91,0.05
5/12/2019,19:00 EDT,DCU,1,1.06,1.07,SKC,0,0.98,0.98,1,0.08,0.09,1,1.41,1.28
5/12/2019,14:30 EDT,ATL,1,0.95,0.95,ORL,0,1.59,1.59,1,-0.64,-0.64,1,0.8,1.96
5/11/2019,22:00 EDT,SEA,1,1.46,1.46,HOU,0,1.31,1.31,1,0.14,0.14,1,1.4,1.33
5/11/2019,21:00 EDT,COL,2,2.63,2.88,RSL,3,2.74,2.8,-1,-0.12,0.08,-1,1.27,1.5
5/11/2019,20:00 EDT,CHI,2,2.3,2.34,MIN,0,0.7,0.7,2,1.6,1.64,2,2.55,0.29
5/11/2019,19:30 EDT,NER,3,1.99,2,SJE,1,1.66,1.73,2,0.33,0.27,2,1.65,1.11
5/11/2019,19:30 EDT,CLB,0,0.51,0.51,LAFC,3,2.09,2.22,-3,-1.58,-1.7,-3,0.38,2.44
5/11/2019,16:00 EDT,LAG,0,1.42,1.52,NYC,2,1.78,1.83,-2,-0.36,-0.31,-2,1.12,1.61
5/11/2019,15:00 EDT,TOR,1,0.99,0.99,PHI,1,0.67,0.67,0,0.32,0.32,-1,1.63,1.04
5/11/2019,14:00 EDT,FCD,1,1.48,1.5,NYRB,3,0.91,0.92,-2,0.57,0.58,-2,1.78,0.93
5/11/2019,13:00 EDT,CIN,2,0.56,0.56,MTL,1,1.08,1.08,1,-0.53,-0.53,1,0.87,1.81
5/10/2019,22:00 EDT,VAN,1,1.24,1.26,POR,0,1.55,1.56,1,-0.31,-0.29,1,1.17,1.58
5/8/2019,20:00 EDT,NYRB,1,0.72,0.72,MTL,2,1.63,1.67,-1,-0.91,-0.95,-1,0.54,2.22
5/8/2019,20:00 EDT,CHI,5,3.13,3.16,NER,0,0.3,0.3,5,2.82,2.86,5,2.88,0.07
5/8/2019,19:30 EDT,CLB,3,1.33,1.33,LAG,1,1,1.02,2,0.33,0.31,2,1.64,1.07
5/8/2019,19:00 EDT,ATL,2,1.59,1.63,TOR,0,0.62,0.62,2,0.97,1.01,2,2.14,0.63
5/5/2019,21:00 EDT,SKC,0,0.56,0.56,ATL,3,1.66,1.67,-3,-1.1,-1.11,-3,0.49,2.28
5/4/2019,22:30 EDT,LAFC,0,2.77,3.58,CHI,0,0.85,0.85,0,1.92,2.73,0,2.6,0.28
5/4/2019,22:00 EDT,SJE,1,0.67,0.67,CIN,0,1.12,1.13,1,-0.45,-0.46,1,0.92,1.76
5/4/2019,21:00 EDT,RSL,1,1.62,1.63,POR,2,0.49,0.51,-1,1.13,1.12,-1,2.39,0.4
5/4/2019,20:00 EDT,MIN,1,0.87,0.88,SEA,1,0.97,0.97,0,-0.1,-0.09,0,1.14,1.54
5/4/2019,20:00 EDT,DCU,3,2,2.21,CLB,0,0.77,0.78,3,1.22,1.44,2,2.33,0.47
5/4/2019,19:30 EDT,PHI,6,2.97,3.21,NER,1,2.68,3.1,5,0.29,0.11,5,1.59,1.21
5/4/2019,17:00 EDT,MTL,0,0.38,0.38,NYC,2,2.15,2.18,-2,-1.77,-1.81,-2,0.22,2.66
5/4/2019,16:00 EDT,HOU,2,1.96,2.04,FCD,1,1.66,1.68,1,0.3,0.36,1,1.6,1.11
5/4/2019,16:00 EDT,ORL,0,1.29,1.29,TOR,2,1.24,1.24,-2,0.05,0.05,-2,1.33,1.37
5/4/2019,14:00 EDT,NYRB,3,2.28,2.37,LAG,2,3.13,3.31,1,-0.85,-0.93,1,0.94,1.85
5/3/2019,21:00 EDT,COL,2,2.41,2.55,VAN,3,1.66,1.67,-1,0.75,0.88,-1,1.95,0.82
5/1/2019,19:30 EDT,PHI,2,2.54,2.62,CIN,0,1.24,1.25,2,1.3,1.37,2,2.18,0.63
4/28/2019,20:00 EDT,LAG,2,1.69,1.69,RSL,1,1.49,1.51,1,0.2,0.18,1,1.55,1.19
4/28/2019,15:30 EDT,SEA,1,0.62,0.62,LAFC,1,3.88,3.9,0,-3.27,-3.29,0,0.05,2.93
4/28/2019,13:30 EDT,MIN,1,0.96,0.96,DCU,0,0.66,0.66,1,0.3,0.3,1,1.54,1.13
4/28/2019,12:30 EDT,MTL,1,1,1,CHI,0,0.97,1.3,1,0.03,-0.3,1,1.35,1.23
4/27/2019,20:30 EDT,HOU,2,2.41,2.46,CLB,0,0.9,0.9,2,1.5,1.56,2,2.42,0.43
4/27/2019,20:30 EDT,SKC,4,3.62,3.8,NER,4,3.51,3.9,0,0.11,-0.1,0,1.42,1.38
4/27/2019,19:00 EDT,NYRB,1,1.26,1.26,CIN,0,0.61,0.61,1,0.66,0.66,1,1.88,0.83
4/27/2019,18:00 EDT,ATL,1,1.39,1.39,COL,0,0.44,0.44,1,0.95,0.95,1,2.21,0.53
4/27/2019,17:00 EDT,VAN,1,1.05,1.05,PHI,1,0.74,0.74,0,0.31,0.31,0,1.6,1.07
4/27/2019,15:30 EDT,FCD,0,0.63,0.64,SJE,0,1.08,1.14,0,-0.45,-0.51,0,0.9,1.76
4/27/2019,15:00 EDT,TOR,1,0.93,0.98,POR,2,1.07,1.07,-1,-0.14,-0.08,-1,1.24,1.41
4/27/2019,13:00 EDT,NYC,1,1.41,1.44,ORL,1,0.66,0.66,0,0.76,0.79,0,1.99,0.72
4/24/2019,22:30 EDT,SEA,2,1.4,1.43,SJE,2,1.79,1.79,0,-0.39,-0.36,0,1.14,1.6
4/24/2019,20:00 EDT,MIN,0,1.21,1.21,LAG,0,0.44,0.44,0,0.76,0.76,0,2.14,0.6
4/24/2019,19:30 EDT,NER,0,0.97,0.97,MTL,3,2.2,2.24,-3,-1.22,-1.27,-3,0.49,2.31
4/24/2019,19:30 EDT,CLB,0,1.3,1.3,DCU,1,1.17,1.18,-1,0.12,0.12,-1,1.54,1.16
4/24/2019,19:00 EDT,NYC,1,1.75,1.75,CHI,0,0.55,0.55,1,1.2,1.2,1,2.45,0.34
4/21/2019,19:00 EDT,LAFC,4,2.94,2.94,SEA,1,0.3,0.3,3,2.64,2.64,3,2.87,0.08
4/21/2019,16:00 EDT,DCU,0,0.72,0.72,NYC,2,1.62,1.62,-2,-0.9,-0.91,-2,0.56,2.19
4/20/2019,22:00 EDT,SJE,4,2.26,2.26,SKC,1,3.41,3.42,3,-1.15,-1.16,3,0.65,2.18
4/20/2019,19:30 EDT,CLB,1,1.21,1.24,POR,3,1.33,1.33,-2,-0.12,-0.09,-2,1.3,1.42
4/20/2019,19:30 EDT,NER,1,0.93,0.93,NYRB,0,0.79,0.79,1,0.14,0.14,1,1.5,1.16
4/20/2019,16:00 EDT,ATL,1,2.63,2.66,FCD,2,0.79,0.79,-1,1.84,1.87,-1,2.56,0.31
4/20/2019,15:00 EDT,ORL,1,1.95,2.04,VAN,0,0.68,0.68,1,1.28,1.36,1,2.26,0.53
4/20/2019,13:00 EDT,CHI,4,2.76,2.8,COL,1,0.93,0.93,3,1.83,1.88,3,2.58,0.31
4/20/2019,13:00 EDT,PHI,3,1.16,1.16,MTL,0,0.54,0.54,3,0.62,0.62,3,2.01,0.69
4/19/2019,23:00 EDT,LAG,2,2.16,2.16,HOU,1,1.47,1.47,1,0.69,0.69,1,1.92,0.82
4/19/2019,20:00 EDT,TOR,4,2.27,2.32,MIN,3,2.72,2.79,1,-0.44,-0.47,1,1.07,1.69
4/19/2019,19:30 EDT,CIN,0,1.25,1.33,RSL,3,1.99,2.32,-3,-0.74,-0.99,-3,0.86,1.9
4/17/2019,22:00 EDT,VAN,1,0.73,0.73,LAFC,0,0.88,0.89,1,-0.16,-0.15,1,1.14,1.5
4/14/2019,19:00 EDT,SKC,2,1.8,1.81,NYRB,2,1.03,1.03,0,0.77,0.79,0,1.93,0.82
4/13/2019,22:30 EDT,LAG,2,1.73,1.73,PHI,0,0.74,0.81,2,0.98,0.93,2,2.17,0.61
4/13/2019,22:30 EDT,LAFC,2,1.86,1.88,CIN,0,0.87,0.87,2,0.99,1.01,2,2.1,0.68
4/13/2019,21:00 EDT,COL,2,1.67,1.68,DCU,3,1.51,1.51,-1,0.16,0.17,-1,1.45,1.28
4/13/2019,21:00 EDT,RSL,2,0.72,0.73,ORL,1,1.31,1.31,1,-0.59,-0.58,1,0.8,1.9
4/13/2019,20:00 EDT,FCD,2,1.85,1.85,POR,1,1.47,1.47,1,0.38,0.38,1,1.65,1.09
4/13/2019,19:30 EDT,NER,0,0.68,0.68,ATL,2,2.39,2.39,-2,-1.71,-1.71,-2,0.33,2.54
4/13/2019,17:00 EDT,MIN,2,1.81,1.81,NYC,3,1.37,1.43,-1,0.44,0.37,0,1.65,1.12
4/13/2019,16:00 EDT,SEA,3,1.25,1.25,TOR,2,0.82,0.82,1,0.42,0.43,1,1.68,1.04
4/13/2019,15:00 EDT,HOU,2,2.89,2.98,SJE,1,0.97,0.97,1,1.92,2,1,2.56,0.31
4/13/2019,13:00 EDT,MTL,1,0.79,0.79,CLB,0,1.21,1.21,1,-0.42,-0.42,1,0.95,1.74
4/12/2019,20:30 EDT,CHI,1,1.94,2.07,VAN,1,0.31,0.31,0,1.64,1.77,0,2.62,0.23
4/9/2019,20:00 EDT,DCU,0,0.45,0.45,MTL,0,0.57,0.58,0,-0.12,-0.13,0,1.16,1.37
4/7/2019,15:00 EDT,CIN,1,2.36,2.38,SKC,1,1.91,1.97,0,0.45,0.42,0,1.72,1.04
4/6/2019,22:00 EDT,SEA,1,1.63,1.65,RSL,0,1.11,1.23,1,0.52,0.42,1,1.75,0.99
4/6/2019,20:00 EDT,SJE,3,2.57,2.65,POR,0,1.3,1.37,3,1.27,1.29,3,2.31,0.52
4/6/2019,19:30 EDT,CLB,1,0.66,0.66,NER,0,0.91,0.91,1,-0.25,-0.25,1,1.08,1.57
4/6/2019,19:30 EDT,ORL,4,3.04,3.13,COL,3,1.46,1.46,1,1.58,1.67,1,2.38,0.47
4/6/2019,19:30 EDT,PHI,2,2.65,2.72,FCD,1,0.21,0.21,1,2.44,2.51,1,2.92,0.05
4/6/2019,19:00 EDT,NYRB,1,1.27,1.29,MIN,2,1,1.07,-1,0.27,0.22,-1,1.56,1.15
4/6/2019,15:00 EDT,DCU,0,1.62,1.64,LAFC,4,3.22,3.33,-4,-1.6,-1.68,-4,0.55,2.28
4/6/2019,15:00 EDT,TOR,2,2.03,2.09,CHI,2,1.21,1.21,0,0.82,0.88,0,1.95,0.81
4/6/2019,13:00 EDT,NYC,0,0.8,0.8,MTL,0,0.23,0.23,0,0.57,0.57,0,1.85,0.73
4/5/2019,22:00 EDT,VAN,0,1.59,1.6,LAG,2,1.39,1.39,-2,0.21,0.21,-2,1.56,1.13
3/31/2019,21:00 EDT,LAG,2,2.74,2.74,POR,1,0.97,0.97,1,1.77,1.77,1,2.62,0.26
3/31/2019,18:30 EDT,ORL,1,1.43,1.43,DCU,2,0.57,0.57,-1,0.85,0.85,-1,2.02,0.68
3/30/2019,22:00 EDT,VAN,0,1.28,1.47,SEA,0,1.28,1.32,0,0,0.16,0,1.38,1.33
3/30/2019,21:00 EDT,RSL,2,0.42,0.42,FCD,4,1.28,1.28,-2,-0.87,-0.87,-2,0.62,2.1
3/30/2019,21:00 EDT,COL,1,2.21,2.3,HOU,2,1.42,1.43,-1,0.8,0.87,-3,1.91,0.88
3/30/2019,19:30 EDT,CLB,2,2.2,2.42,ATL,0,1.42,1.44,2,0.78,0.98,2,1.92,0.86
3/30/2019,19:30 EDT,CIN,0,0.23,0.23,PHI,2,1.94,1.95,-2,-1.7,-1.71,-2,0.23,2.63
3/30/2019,15:30 EDT,SJE,0,0.35,0.35,LAFC,5,3.89,3.89,-5,-3.54,-3.54,-5,0.02,2.97
3/30/2019,15:00 EDT,SKC,7,3.43,3.44,MTL,1,0.99,0.99,6,2.44,2.45,6,2.75,0.18
3/30/2019,14:00 EDT,NER,2,1.93,1.96,MIN,1,1.94,1.94,1,-0.02,0.01,1,1.35,1.41
3/30/2019,13:00 EDT,CHI,0,1.36,1.36,NYRB,0,0.3,0.3,0,1.06,1.06,1,2.32,0.43
3/29/2019,20:00 EDT,TOR,4,2.76,2.8,NYC,0,0.61,0.62,4,2.15,2.18,4,2.75,0.16
3/24/2019,16:00 EDT,NER,0,1.98,2.05,CIN,2,1.24,1.26,-2,0.74,0.79,-2,1.86,0.9
3/23/2019,22:30 EDT,LAFC,2,1.02,1.03,RSL,1,0.87,0.87,1,0.15,0.16,1,1.33,1.29
3/23/2019,19:30 EDT,PHI,3,1.18,1.18,CLB,0,0.78,0.78,3,0.41,0.41,3,1.62,1.07
3/23/2019,19:30 EDT,NYRB,0,0.76,0.76,ORL,1,1.07,1.07,-1,-0.31,-0.31,-1,1.08,1.59
3/23/2019,17:55 EDT,FCD,2,1.96,2,COL,1,1.37,1.42,1,0.6,0.59,1,1.81,0.94
3/17/2019,21:00 EDT,COL,1,1.2,1.2,SKC,1,0.77,0.77,0,0.42,0.42,0,1.74,0.97
3/17/2019,19:30 EDT,TOR,3,1.7,1.7,NER,2,1.08,1.08,1,0.62,0.63,1,1.8,0.88
3/17/2019,19:00 EDT,ATL,1,1.11,1.11,PHI,1,1.45,1.47,0,-0.35,-0.36,0,1.08,1.65
3/17/2019,17:00 EDT,CIN,3,2.07,2.08,POR,0,1.07,1.11,3,0.99,0.97,3,2.06,0.71
3/17/2019,15:00 EDT,NYC,2,1.27,1.27,LAFC,2,2.35,2.46,0,-1.08,-1.19,0,0.65,2.16
3/16/2019,22:30 EDT,LAG,3,2.57,2.57,MIN,2,1.47,1.55,1,1.1,1.03,1,2.14,0.65
3/16/2019,20:00 EDT,DCU,5,3.7,3.76,RSL,0,0.33,0.33,5,3.37,3.43,5,2.93,0.04
3/16/2019,16:00 EDT,ORL,1,1.88,1.88,MTL,3,1.8,1.8,-2,0.08,0.07,-2,1.49,1.27
3/16/2019,15:30 EDT,NYRB,4,3.93,3.94,SJE,1,0.58,0.58,3,3.34,3.36,3,2.92,0.05
3/16/2019,15:00 EDT,HOU,3,3.34,3.38,VAN,2,1.11,1.11,1,2.23,2.27,1,2.68,0.21
3/16/2019,14:00 EDT,CLB,1,1.09,1.1,FCD,0,0.69,0.69,1,0.4,0.41,1,1.74,0.92
3/16/2019,13:00 EDT,CHI,2,3.5,3.58,SEA,4,2.53,2.54,-2,0.98,1.05,-2,1.89,0.92
3/10/2019,19:30 EDT,LAFC,4,3.37,3.37,POR,1,0.96,0.96,3,2.41,2.41,3,2.74,0.18
3/10/2019,17:00 EDT,ATL,1,0.69,0.69,CIN,1,0.56,0.56,0,0.13,0.13,0,1.39,1.21
3/10/2019,15:00 EDT,SKC,1,2.63,2.78,PHI,0,2.02,2.07,1,0.61,0.71,2,1.81,0.99
3/10/2019,15:00 EDT,NYC,0,1.13,1.13,DCU,0,0.68,0.68,0,0.46,0.46,0,1.76,0.91
3/9/2019,22:00 EST,SEA,2,2.09,2.22,COL,0,1.04,1.04,2,1.05,1.18,2,2.17,0.62
3/9/2019,20:00 EST,SJE,0,1.11,1.11,MIN,2,1.99,2.03,-2,-0.88,-0.92,-3,0.68,2.09
3/9/2019,18:00 EST,RSL,1,1.41,1.42,VAN,0,0.99,1.01,1,0.42,0.41,1,1.68,1.04
3/9/2019,17:00 EST,HOU,2,1.29,1.34,MTL,1,0.32,0.32,1,0.96,1.02,1,2.27,0.48
3/9/2019,15:30 EST,FCD,2,1.94,1.96,LAG,0,1.48,1.48,2,0.46,0.48,2,1.65,1.08
3/9/2019,14:00 EST,NER,0,1.41,1.41,CLB,2,1.05,1.05,-2,0.36,0.36,-2,1.69,0.98
3/9/2019,13:00 EST,CHI,1,0.84,0.84,ORL,1,0.16,0.16,0,0.69,0.69,0,2.11,0.55
3/3/2019,20:30 EST,LAFC,2,1,1,SKC,1,1.1,1.11,1,-0.1,-0.11,1,1.24,1.43
3/3/2019,18:00 EST,DCU,2,1.81,1.86,ATL,0,0.3,0.3,2,1.52,1.56,2,2.54,0.3
3/2/2019,22:00 EST,SEA,4,2.72,2.75,CIN,1,0.46,0.46,3,2.25,2.29,3,2.69,0.21
3/2/2019,22:00 EST,SJE,1,0.88,0.88,MTL,2,1.29,1.29,-1,-0.42,-0.42,-1,1.03,1.7
3/2/2019,20:00 EST,LAG,2,2.39,2.4,CHI,1,1.48,1.48,1,0.91,0.92,1,2.03,0.77
3/2/2019,18:00 EST,HOU,1,0.4,0.41,RSL,1,0.74,0.74,0,-0.33,-0.33,0,1.02,1.53
3/2/2019,18:00 EST,COL,3,1.98,2.15,POR,2,3.96,4.09,1,-1.98,-1.94,0,0.4,2.46
3/2/2019,18:00 EST,VAN,2,0.9,0.9,MIN,3,1.88,1.88,-1,-0.98,-0.98,-1,0.6,2.18
3/2/2019,16:30 EST,CLB,1,1.74,1.74,NYRB,1,0.94,0.94,0,0.81,0.81,0,2.02,0.75
3/2/2019,16:30 EST,FCD,1,0.69,0.69,NER,1,0.72,0.72,0,-0.03,-0.03,0,1.25,1.37
3/2/2019,14:30 EST,ORL,2,1.6,1.66,NYC,2,1.22,1.22,0,0.38,0.44,0,1.67,1.05
3/2/2019,13:00 EST,PHI,1,2.83,3.19,TOR,3,1.67,1.72,-2,1.17,1.47,-2,2.15,0.63
10/28/2018,16:30 EDT,NYRB,1,1.92,1.92,ORL,0,0.66,0.66,1,1.26,1.26,1,2.35,0.45
10/28/2018,16:30 EDT,SEA,2,2.11,2.13,SJE,0,0.55,0.55,2,1.56,1.57,1,2.53,0.31
10/28/2018,16:30 EDT,COL,2,0.78,0.78,FCD,1,1.8,1.86,1,-1.02,-1.08,1,0.54,2.23
10/28/2018,16:30 EDT,VAN,2,2.28,2.28,POR,1,1.13,1.14,1,1.15,1.13,1,2.25,0.56
10/28/2018,16:30 EDT,LAG,2,2.35,2.35,HOU,3,2.53,2.58,-1,-0.18,-0.23,-1,1.29,1.49
10/28/2018,16:30 EDT,CLB,3,2.24,2.27,MIN,2,1.42,1.42,1,0.83,0.85,1,2.05,0.73
10/28/2018,16:30 EDT,SKC,2,0.63,0.65,LAFC,1,1.52,1.79,1,-0.88,-1.14,1,0.64,2.11
10/28/2018,16:30 EDT,NYC,2,1.62,1.75,PHI,1,1.86,1.86,1,-0.24,-0.11,2,1.15,1.6
10/28/2018,16:30 EDT,CHI,0,0.48,0.48,DCU,0,0.97,0.99,0,-0.49,-0.5,0,0.81,1.87
10/28/2018,16:30 EDT,NER,1,0.72,0.72,MTL,0,0.96,0.96,1,-0.24,-0.24,1,1.09,1.57
10/28/2018,16:30 EDT,TOR,4,1.02,1.02,ATL,1,2.05,2.07,3,-1.03,-1.05,3,0.61,2.19
10/21/2018,17:00 EDT,LAFC,2,2.08,2.12,VAN,2,1.37,1.37,0,0.71,0.75,0,1.86,0.9
10/21/2018,17:00 EDT,SJE,0,1.9,1.9,COL,0,0.54,0.54,0,1.36,1.36,0,2.31,0.48
10/21/2018,17:00 EDT,FCD,0,1.57,1.57,SKC,3,2.77,2.78,-3,-1.2,-1.2,-3,0.65,2.13
10/21/2018,17:00 EDT,POR,3,2.09,2.09,RSL,0,0.73,0.73,3,1.36,1.36,3,2.39,0.44
10/21/2018,17:00 EDT,MIN,1,1.49,1.49,LAG,3,1.08,1.16,-2,0.41,0.34,-2,1.66,1.08
10/21/2018,17:00 EDT,HOU,2,1.49,1.5,SEA,3,0.95,0.95,-1,0.54,0.54,-1,1.75,0.97
10/21/2018,15:00 EDT,MTL,2,1.87,1.87,TOR,0,0.71,0.71,2,1.16,1.16,2,2.3,0.49
10/21/2018,15:00 EDT,ATL,1,0.69,0.69,CHI,1,0.7,0.7,0,-0.01,-0.01,1,1.31,1.29
10/21/2018,15:00 EDT,PHI,0,0.66,0.67,NYRB,1,1.38,1.38,-1,-0.72,-0.71,-1,0.67,2.06
10/21/2018,15:00 EDT,ORL,2,2.23,2.23,CLB,1,1.05,1.05,1,1.19,1.19,1,2.36,0.46
10/21/2018,15:00 EDT,DCU,3,2.18,2.19,NYC,1,1.02,1.02,2,1.17,1.17,2,2.28,0.55
10/18/2018,21:00 EDT,RSL,4,2.25,2.29,NER,1,1.4,1.4,3,0.85,0.9,3,2.01,0.74
10/17/2018,22:00 EDT,VAN,1,0.7,0.7,SKC,4,2.36,2.36,-3,-1.66,-1.66,-3,0.32,2.53
10/17/2018,19:30 EDT,DCU,1,0.64,0.65,TOR,0,0.62,0.62,1,0.01,0.03,1,1.31,1.28
10/17/2018,19:30 EDT,ORL,1,1.14,1.14,SEA,2,1.09,1.09,-1,0.05,0.05,-1,1.29,1.39
10/13/2018,19:30 EDT,NER,2,2.3,2.34,ORL,0,0.49,0.49,2,1.8,1.84,2,2.58,0.28
10/13/2018,16:55 EDT,DCU,1,1.5,1.57,FCD,0,0.79,0.8,1,0.71,0.77,1,1.93,0.81
10/13/2018,14:00 EDT,MIN,0,1.32,1.32,COL,2,1.32,1.91,-2,0,-0.59,-2,1.36,1.32
10/12/2018,22:00 EDT,LAFC,4,2.62,2.65,HOU,2,0.92,0.92,2,1.7,1.73,2,2.47,0.38
10/8/2018,22:30 EDT,SEA,4,1.54,1.54,HOU,1,1.36,1.6,3,0.18,-0.06,3,1.46,1.28
10/7/2018,13:00 EDT,DCU,2,2.31,2.61,CHI,1,1.19,1.19,1,1.12,1.41,1,2.22,0.58
10/6/2018,22:30 EDT,SJE,1,1.01,1.02,NYRB,3,2.3,2.34,-2,-1.28,-1.32,-2,0.54,2.28
10/6/2018,21:30 EDT,RSL,1,0.96,0.96,POR,4,2.4,2.41,-3,-1.44,-1.45,-3,0.41,2.41
10/6/2018,21:00 EDT,COL,0,0.64,0.64,LAFC,3,1.98,1.98,-3,-1.34,-1.34,-3,0.43,2.4
10/6/2018,20:30 EDT,SKC,1,2.79,2.93,LAG,1,1.34,1.34,0,1.46,1.59,0,2.25,0.58
10/6/2018,20:00 EDT,FCD,2,0.83,0.83,ORL,0,0.48,0.48,2,0.35,0.35,2,1.63,0.97
10/6/2018,19:30 EDT,PHI,5,1.87,1.87,MIN,1,1.7,1.78,4,0.18,0.1,4,1.5,1.26
10/6/2018,17:00 EDT,TOR,1,2.06,2.09,VAN,2,1.2,1.2,-1,0.86,0.89,-1,2.04,0.72
10/6/2018,15:30 EDT,ATL,2,1.65,1.65,NER,1,1.21,1.21,1,0.45,0.45,1,1.72,1
10/6/2018,15:00 EDT,MTL,3,1.65,1.65,CLB,0,1.83,1.85,3,-0.18,-0.21,3,1.28,1.48
9/30/2018,17:00 EDT,SKC,1,1.78,1.78,RSL,1,0.74,0.74,0,1.04,1.04,0,2.11,0.64
9/30/2018,13:00 EDT,NYRB,2,2.99,3.21,ATL,0,1.44,1.44,2,1.56,1.77,2,2.5,0.35
9/29/2018,22:30 EDT,POR,0,0.62,0.62,FCD,0,0.4,0.4,0,0.22,0.22,0,1.55,0.98
9/29/2018,22:00 EDT,LAG,3,2.06,2.06,VAN,0,1.03,1.03,3,1.03,1.03,3,2.28,0.56
9/29/2018,20:30 EDT,HOU,3,2.52,2.56,SJE,1,1.08,1.08,2,1.44,1.49,1,2.35,0.45
9/29/2018,20:00 EDT,MIN,2,1.56,1.56,NYC,1,1.53,1.68,1,0.03,-0.12,1,1.45,1.26
9/29/2018,19:30 EDT,TOR,4,3.12,3.29,NER,1,0.55,0.55,3,2.57,2.74,3,2.82,0.12
9/29/2018,19:30 EDT,CLB,0,0.92,0.92,PHI,0,0.87,0.88,0,0.05,0.05,0,1.4,1.27
9/29/2018,19:00 EDT,DCU,5,1.28,1.28,MTL,0,2.06,2.06,5,-0.78,-0.78,5,0.89,1.89
9/29/2018,16:00 EDT,SEA,4,2.5,2.55,COL,0,0.29,0.29,4,2.21,2.26,4,2.81,0.12
9/29/2018,15:30 EDT,CHI,3,1.08,1.09,LAFC,1,1.78,1.81,2,-0.69,-0.72,2,0.84,1.91
9/26/2018,19:00 EDT,NYC,2,2.18,2.18,CHI,0,0.44,0.44,2,1.74,1.74,2,2.58,0.29
9/23/2018,19:00 EDT,LAG,3,2.56,2.56,SEA,0,0.84,0.84,3,1.72,1.72,3,2.63,0.26
9/23/2018,19:00 EDT,VAN,1,1.19,1.19,FCD,2,2.05,2.07,-1,-0.86,-0.88,-1,0.74,2.02
9/23/2018,13:00 EDT,PHI,2,1.15,1.16,SKC,0,1.37,1.37,2,-0.22,-0.21,2,1.26,1.47
9/22/2018,20:00 EDT,MIN,3,2.05,2.05,POR,2,1.13,1.13,1,0.92,0.92,1,2.02,0.75
9/22/2018,19:30 EDT,MTL,1,1.34,1.35,NYC,0,0.23,0.23,1,1.11,1.13,0,2.28,0.45
9/22/2018,19:30 EDT,NER,2,2.04,2.05,CHI,1,0.77,0.77,1,1.27,1.28,0,2.25,0.53
9/22/2018,19:30 EDT,CLB,2,2.63,2.63,COL,1,0.11,0.11,1,2.52,2.52,1,2.88,0.07
9/22/2018,19:30 EDT,ORL,0,0.88,0.88,HOU,0,0.8,0.81,0,0.08,0.07,0,1.45,1.19
9/22/2018,19:00 EDT,ATL,2,1.34,1.4,RSL,0,0.28,0.28,2,1.06,1.12,2,2.28,0.47
9/22/2018,17:00 EDT,NYRB,2,1.23,1.23,TOR,0,1.22,1.22,2,0.01,0.01,2,1.44,1.27
9/22/2018,15:30 EDT,LAFC,2,1.71,1.71,SJE,0,0.36,0.36,2,1.35,1.35,2,2.4,0.37
9/19/2018,23:00 EDT,SEA,0,1.44,1.44,PHI,1,0.71,0.71,-1,0.73,0.73,-1,1.96,0.78
9/19/2018,23:00 EDT,SJE,3,1.12,1.21,ATL,4,2.35,2.35,-1,-1.23,-1.14,-1,0.56,2.25
9/19/2018,22:30 EDT,POR,2,1.37,1.38,CLB,2,1.72,1.72,0,-0.35,-0.35,1,1.1,1.62
9/16/2018,17:00 EDT,CHI,4,2.09,2.09,ORL,0,1.43,1.43,4,0.66,0.66,4,1.81,0.96
9/16/2018,13:00 EDT,DCU,3,1.65,1.66,NYRB,3,1.8,1.82,0,-0.15,-0.16,0,1.28,1.49
9/15/2018,22:30 EDT,SJE,1,1.08,1.08,SKC,5,3.07,3.14,-4,-1.99,-2.06,-4,0.35,2.55
9/15/2018,22:30 EDT,LAFC,1,1.44,1.46,NER,1,1.35,1.35,0,0.09,0.1,0,1.43,1.31
9/15/2018,22:00 EDT,VAN,1,2.89,2.89,SEA,2,1.26,1.26,-1,1.63,1.63,-1,2.44,0.39
9/15/2018,21:30 EDT,RSL,1,0.6,0.61,MIN,1,1.19,1.19,0,-0.59,-0.59,0,0.8,1.89
9/15/2018,20:30 EDT,HOU,4,2.74,2.83,POR,0,0.97,0.97,4,1.77,1.86,3,2.52,0.35
9/15/2018,20:00 EDT,FCD,0,0.41,0.41,CLB,0,0.93,0.94,0,-0.52,-0.53,0,0.8,1.82
9/15/2018,19:30 EDT,PHI,1,0.46,0.46,MTL,4,2.59,2.61,-3,-2.14,-2.16,-3,0.17,2.75
9/15/2018,19:30 EDT,TOR,5,2.02,2.02,LAG,3,1.52,1.52,2,0.5,0.5,2,1.66,1.09
9/15/2018,15:30 EDT,COL,0,1.33,1.33,ATL,3,1.87,1.87,-3,-0.54,-0.54,-3,0.89,1.88
9/12/2018,19:30 EDT,DCU,2,1.85,1.85,MIN,1,1.28,1.32,1,0.57,0.54,1,1.8,0.96
9/8/2018,22:30 EDT,POR,2,3.24,3.24,COL,0,0.48,0.48,2,2.76,2.76,2,2.89,0.06
9/8/2018,20:30 EDT,SKC,1,1.01,1.01,ORL,0,0.76,0.76,1,0.24,0.24,1,1.53,1.12
9/8/2018,16:55 EDT,NYC,1,2.13,2.14,DCU,1,0.58,0.58,0,1.54,1.56,0,2.45,0.37
9/5/2018,19:00 EDT,NYC,0,2.17,2.18,NER,1,1.29,1.32,-1,0.88,0.87,-1,1.92,0.84
9/2/2018,19:30 EDT,DCU,3,2.03,2.03,ATL,1,2.98,3.04,2,-0.96,-1.01,2,0.83,1.96
9/1/2018,22:00 EDT,RSL,6,2.76,2.88,LAG,2,1.01,1.01,4,1.76,1.87,4,2.52,0.33
9/1/2018,22:00 EDT,VAN,2,2.25,2.26,SJE,1,1.04,1.06,1,1.22,1.2,1,2.21,0.59
9/1/2018,20:00 EDT,FCD,4,2.08,2.12,HOU,2,1.45,1.45,2,0.63,0.67,2,1.83,0.9
9/1/2018,20:00 EDT,CLB,2,2.77,2.8,NYC,1,0.7,0.7,1,2.07,2.1,1,2.59,0.29
9/1/2018,20:00 EDT,TOR,2,2.29,2.29,LAFC,4,1.71,1.77,-2,0.58,0.52,-2,1.71,1.09
9/1/2018,19:30 EDT,NER,1,1.82,2.12,POR,1,0.35,0.35,0,1.47,1.76,0,2.54,0.3
9/1/2018,19:30 EDT,ORL,2,0.81,0.81,PHI,2,2.16,2.17,0,-1.35,-1.35,0,0.46,2.36
9/1/2018,19:30 EDT,MTL,3,2.09,2.09,NYRB,0,0.29,0.29,3,1.8,1.8,3,2.65,0.21
9/1/2018,16:00 EDT,SEA,2,1.97,1.99,SKC,1,2.09,2.1,1,-0.12,-0.12,2,1.37,1.4
8/29/2018,22:30 EDT,SJE,4,1.64,1.64,FCD,3,1.78,1.79,1,-0.15,-0.15,1,1.23,1.47
8/29/2018,22:30 EDT,POR,2,1.59,1.59,TOR,0,0.77,0.77,2,0.82,0.82,2,2.02,0.72
8/29/2018,20:00 EDT,DCU,0,0.57,0.57,PHI,2,1.32,1.4,-2,-0.75,-0.82,-2,0.7,2.04
8/29/2018,20:00 EDT,NYRB,1,1.33,1.33,HOU,0,0.73,0.73,1,0.61,0.61,1,1.94,0.79
8/26/2018,21:30 EDT,POR,0,1.16,1.16,SEA,0,0.53,0.53,0,0.63,0.63,-1,1.85,0.84
8/26/2018,19:00 EDT,NYRB,1,1.51,1.51,DCU,0,1.81,2.09,1,-0.3,-0.58,1,1.17,1.57
8/25/2018,22:00 EDT,SJE,2,1.63,1.65,VAN,3,1.52,1.53,-1,0.11,0.12,-1,1.46,1.24
8/25/2018,21:00 EDT,COL,0,0.18,0.18,RSL,6,3.31,3.41,-6,-3.13,-3.23,-6,0.04,2.93
8/25/2018,20:30 EDT,SKC,2,0.64,0.64,MIN,0,1.59,1.6,2,-0.95,-0.96,2,0.61,2.15
8/25/2018,20:00 EDT,TOR,3,1.76,1.76,MTL,1,1.07,1.07,2,0.69,0.69,2,1.87,0.89
8/25/2018,19:00 EDT,PHI,1,2.22,2.24,NER,0,0.35,0.35,1,1.87,1.88,1,2.69,0.2
8/24/2018,22:30 EDT,LAG,1,0.98,0.99,LAFC,1,1.59,1.59,0,-0.61,-0.59,0,0.84,1.88
8/24/2018,20:00 EDT,ORL,1,0.23,0.23,ATL,2,3.04,3.51,-1,-2.82,-3.29,-1,0.07,2.88
8/23/2018,21:00 EDT,HOU,1,0.86,0.86,FCD,1,0.9,0.9,0,-0.04,-0.04,0,1.34,1.34
8/23/2018,19:00 EDT,CHI,1,1.52,1.52,CLB,1,0.65,0.65,0,0.86,0.86,0,2.08,0.65
8/22/2018,19:00 EDT,NYC,1,0.87,0.87,NYRB,1,1.3,1.3,0,-0.43,-0.43,0,1.02,1.69
8/19/2018,22:00 EDT,LAFC,2,1.22,1.22,COL,0,0.5,0.5,2,0.73,0.73,2,1.94,0.74
8/19/2018,19:30 EDT,DCU,2,1.91,1.91,NER,0,0.49,0.49,2,1.42,1.42,2,2.46,0.38
8/19/2018,16:00 EDT,ATL,3,1.49,1.49,CLB,1,0.67,0.68,2,0.82,0.81,2,2.01,0.73
8/18/2018,22:40 EDT,FCD,2,1.99,2,MIN,0,0.22,0.22,2,1.77,1.78,2,2.75,0.15
8/18/2018,22:00 EDT,SJE,1,2.86,2.91,TOR,1,1.42,1.42,0,1.44,1.5,0,2.24,0.58
8/18/2018,21:00 EDT,HOU,1,1.12,1.16,RSL,2,3.38,3.38,-1,-2.26,-2.22,-1,0.23,2.67
8/18/2018,20:30 EDT,SKC,3,2.25,2.25,POR,0,0.29,0.29,3,1.96,1.96,3,2.71,0.19
8/18/2018,19:30 EDT,MTL,2,1.26,1.26,CHI,1,0.76,0.77,1,0.5,0.49,1,1.85,0.86
8/18/2018,19:00 EDT,PHI,2,1.01,1.01,NYC,0,0.63,0.63,2,0.38,0.38,2,1.65,1.02
8/18/2018,19:00 EDT,VAN,2,1.33,1.33,NYRB,2,2.59,2.72,0,-1.26,-1.39,0,0.59,2.21
8/18/2018,16:00 EDT,SEA,4,2.74,2.74,LAG,0,1.48,1.48,4,1.26,1.27,5,2.16,0.66
8/15/2018,22:00 EDT,LAFC,2,1.68,1.68,RSL,0,0.29,0.29,2,1.38,1.39,2,2.5,0.31
8/15/2018,20:00 EDT,DCU,4,2.37,2.37,POR,1,0.95,0.95,3,1.42,1.42,3,2.33,0.48
8/14/2018,22:30 EDT,LAG,2,1.1,1.1,COL,2,0.57,0.57,0,0.53,0.53,0,1.76,0.91
8/12/2018,22:00 EDT,SEA,2,0.95,0.95,FCD,1,1.14,1.14,1,-0.19,-0.19,1,1.09,1.58
8/12/2018,20:00 EDT,DCU,3,2.25,2.32,ORL,1,1.15,1.15,2,1.1,1.18,1,2.11,0.69
8/12/2018,16:00 EDT,TOR,2,1.12,1.12,NYC,3,2.47,2.51,-1,-1.35,-1.39,-1,0.57,2.25
8/11/2018,23:00 EDT,POR,1,2.81,2.84,VAN,2,0.81,0.81,-1,2.01,2.04,-1,2.68,0.21
8/11/2018,22:30 EDT,LAG,2,1.21,1.22,MIN,2,1.2,1.2,0,0.01,0.02,0,1.32,1.39
8/11/2018,22:30 EDT,LAFC,0,1.76,1.86,SKC,2,1.49,1.51,-2,0.27,0.34,-2,1.5,1.23
8/11/2018,22:00 EDT,RSL,1,1.32,1.32,MTL,1,1.24,1.26,0,0.07,0.06,0,1.5,1.2
8/11/2018,21:00 EDT,COL,2,1.58,1.59,SJE,1,1.88,1.88,1,-0.3,-0.3,1,1.13,1.62
8/11/2018,20:30 EDT,CHI,0,0.77,0.77,NYRB,1,1.16,1.16,-1,-0.38,-0.38,-1,0.96,1.74
8/11/2018,19:30 EDT,CLB,1,1.09,1.14,HOU,0,0.48,0.48,1,0.61,0.67,1,1.96,0.73
8/11/2018,19:30 EDT,NER,2,2.06,2.06,PHI,3,3.35,3.37,-1,-1.3,-1.31,-1,0.63,2.21
8/5/2018,18:00 EDT,NYRB,2,2.35,2.35,LAFC,1,1.19,1.19,1,1.16,1.16,1,2.16,0.65
8/4/2018,23:00 EDT,POR,3,2.48,2.48,PHI,0,0.67,0.67,3,1.81,1.81,3,2.63,0.26
8/4/2018,22:00 EDT,RSL,2,1.99,1.99,CHI,1,1.03,1.03,1,0.96,0.96,1,2.03,0.74
8/4/2018,21:00 EDT,HOU,0,0.72,0.74,SKC,1,0.98,0.98,-1,-0.27,-0.25,-1,1.11,1.56
8/4/2018,21:00 EDT,COL,2,1.7,1.71,LAG,1,0.41,0.41,1,1.29,1.3,1,2.43,0.36
8/4/2018,20:00 EDT,NYC,2,2.63,2.69,VAN,2,0.47,0.47,0,2.16,2.22,0,2.73,0.18
8/4/2018,20:00 EDT,MIN,1,1.09,1.15,SEA,2,2.75,2.81,-1,-1.66,-1.66,-1,0.46,2.38
8/4/2018,20:00 EDT,FCD,1,3.04,3.16,SJE,3,1.71,1.71,-2,1.34,1.45,-2,2.25,0.59
8/4/2018,19:30 EDT,ORL,3,1.22,1.22,NER,3,1.48,1.48,0,-0.26,-0.26,0,1.11,1.61
8/4/2018,19:30 EDT,MTL,1,1.4,1.42,DCU,1,1.78,1.92,0,-0.39,-0.5,0,1.08,1.68
8/4/2018,16:00 EDT,ATL,2,3.41,3.54,TOR,2,1.14,1.14,0,2.27,2.4,0,2.65,0.25
7/29/2018,21:30 EDT,LAG,4,3.34,3.54,ORL,2,1.15,1.16,2,2.19,2.39,1,2.63,0.27
7/29/2018,17:00 EDT,SEA,3,0.94,0.94,NYC,1,1.66,1.66,2,-0.72,-0.72,2,0.77,2.02
7/28/2018,23:00 EDT,POR,2,1.98,2.11,HOU,1,1.31,1.39,1,0.68,0.72,1,1.88,0.88
7/28/2018,22:30 EDT,SJE,0,1.12,1.12,RSL,0,0.23,0.23,0,0.89,0.89,0,2.21,0.49
7/28/2018,22:00 EDT,VAN,4,2.84,2.87,MIN,2,1.29,1.29,2,1.55,1.58,2,2.38,0.47
7/28/2018,21:00 EDT,SKC,2,1.56,1.56,FCD,3,1.41,1.41,-1,0.15,0.15,-1,1.45,1.27
7/28/2018,20:00 EDT,DCU,1,0.76,0.76,COL,1,1.23,1.23,0,-0.48,-0.48,1,0.86,1.83
7/28/2018,19:00 EDT,TOR,3,2.96,3.6,CHI,0,0.47,0.47,3,2.49,3.14,3,2.84,0.11
7/28/2018,19:00 EDT,NYRB,1,1.44,1.44,CLB,2,0.88,0.88,-1,0.56,0.56,-1,1.77,0.94
7/28/2018,19:00 EDT,MTL,1,0.69,0.69,ATL,2,2.3,2.59,-1,-1.61,-1.9,-1,0.37,2.48
7/26/2018,22:30 EDT,LAFC,2,1.45,1.62,LAG,2,1.77,1.82,0,-0.32,-0.2,0,1.09,1.69
7/26/2018,20:00 EDT,ORL,0,1.23,1.24,NYC,2,2.58,2.71,-2,-1.35,-1.47,-2,0.51,2.3
7/25/2018,22:30 EDT,SJE,0,0.85,0.85,SEA,1,0.64,0.64,-1,0.21,0.21,-1,1.49,1.17
7/25/2018,21:27 EDT,DCU,0,1.01,1.01,NYRB,1,2.21,2.21,-1,-1.21,-1.21,-1,0.55,2.27
7/25/2018,21:00 EDT,HOU,1,1.45,1.46,PHI,3,2.09,2.09,-2,-0.65,-0.64,-2,0.86,1.9
7/22/2018,19:00 EDT,MIN,5,2.65,2.65,LAFC,1,0.83,0.83,4,1.82,1.82,4,2.55,0.32
7/21/2018,23:00 EDT,POR,2,2.55,2.58,MTL,2,1.42,1.42,0,1.13,1.16,0,2.08,0.72
7/21/2018,22:00 EDT,RSL,2,0.71,0.71,COL,2,1.72,1.75,0,-1.02,-1.04,0,0.62,2.15
7/21/2018,21:00 EDT,HOU,1,0.78,0.78,FCD,1,2.09,2.09,0,-1.31,-1.31,0,0.42,2.4
7/21/2018,20:18 EDT,CLB,3,2.12,2.12,ORL,2,1.55,1.55,1,0.57,0.57,1,1.84,0.92
7/21/2018,19:00 EDT,PHI,1,2,2,LAG,3,1.32,1.32,-2,0.68,0.68,-2,1.82,0.96
7/21/2018,19:00 EDT,CHI,1,1.47,1.47,TOR,2,1.24,1.24,-1,0.22,0.22,-1,1.53,1.2
7/21/2018,19:00 EDT,NYRB,2,1.41,1.42,NER,0,0.78,0.78,2,0.63,0.64,2,1.93,0.82
7/21/2018,16:00 EDT,SEA,2,1.75,1.8,VAN,0,1.04,1.04,2,0.72,0.76,2,1.94,0.8
7/21/2018,15:30 EDT,ATL,3,3.34,3.34,DCU,1,0.44,0.45,2,2.9,2.9,2,2.88,0.07
7/18/2018,20:00 EDT,MIN,2,1.32,1.32,NER,1,1.79,1.82,1,-0.47,-0.5,1,1.04,1.7
7/15/2018,18:00 EDT,LAFC,0,0.81,0.81,POR,0,0.85,0.85,0,-0.04,-0.04,0,1.31,1.35
7/15/2018,14:00 EDT,ATL,1,1.95,2.22,SEA,1,1.02,1.04,0,0.93,1.18,0,2.02,0.71
7/14/2018,21:00 EDT,COL,0,0.69,0.69,HOU,0,0.68,0.76,0,0.01,-0.07,0,1.32,1.27
7/14/2018,20:00 EDT,FCD,3,2.8,2.8,CHI,1,0.46,0.46,2,2.34,2.34,2,2.76,0.16
7/14/2018,20:00 EDT,DCU,3,1.03,1.03,VAN,1,1.14,1.14,2,-0.12,-0.12,2,1.31,1.41
7/14/2018,20:00 EDT,ORL,2,1.96,1.98,TOR,1,2,2.02,1,-0.04,-0.04,1,1.39,1.38
7/14/2018,20:00 EDT,MIN,3,1.28,1.28,RSL,2,1.37,1.37,1,-0.09,-0.09,1,1.3,1.4
7/14/2018,19:30 EDT,NER,2,2.24,2.24,LAG,3,1.17,1.18,-1,1.07,1.06,-1,2.23,0.56
7/14/2018,19:30 EDT,MTL,2,1.03,1.03,SJE,0,0.7,0.72,2,0.33,0.31,2,1.63,1.03
7/14/2018,19:00 EDT,NYRB,3,1.83,1.86,SKC,2,1.16,1.16,1,0.67,0.7,1,1.92,0.85
7/14/2018,19:00 EDT,NYC,2,1.46,1.53,CLB,0,0.95,0.95,2,0.51,0.57,2,1.78,0.94
7/11/2018,20:30 EDT,CHI,3,1.51,1.51,PHI,4,2.11,2.12,-1,-0.6,-0.61,-1,0.92,1.84
7/11/2018,19:00 EDT,NYC,3,1.49,1.51,MTL,0,0.08,0.08,3,1.41,1.43,3,2.57,0.24
7/8/2018,19:00 EDT,NYC,1,1.43,1.49,NYRB,0,1.86,1.89,1,-0.43,-0.4,1,1.07,1.67
7/7/2018,23:00 EDT,POR,2,2.71,2.71,SJE,1,1.67,1.68,1,1.04,1.03,1,2.07,0.75
7/7/2018,23:00 EDT,LAFC,4,3.19,3.46,ORL,1,1.71,1.73,3,1.48,1.74,3,2.34,0.52
7/7/2018,22:30 EDT,VAN,3,2.54,2.64,CHI,2,1.91,1.92,1,0.63,0.73,1,1.78,0.99
7/7/2018,22:30 EDT,LAG,4,3.05,3.09,CLB,0,1.53,1.61,4,1.52,1.48,4,2.37,0.49
7/7/2018,22:00 EDT,RSL,2,1.93,2.04,FCD,0,1.01,1.01,2,0.92,1.02,2,2.05,0.68
7/7/2018,21:00 EDT,HOU,3,2.72,2.75,MIN,0,0.35,0.35,3,2.38,2.41,3,2.77,0.15
7/7/2018,20:30 EDT,SKC,2,2.38,2.38,TOR,2,0.71,0.71,0,1.67,1.67,0,2.57,0.28
7/7/2018,19:30 EDT,NER,0,0.4,0.4,SEA,0,0.53,0.53,0,-0.14,-0.14,0,1.09,1.44
7/7/2018,19:30 EDT,MTL,2,2.34,2.34,COL,1,0.85,0.92,1,1.49,1.42,1,2.47,0.36
7/7/2018,19:00 EDT,PHI,0,1.03,1.03,ATL,2,3.51,3.53,-2,-2.48,-2.51,-2,0.17,2.75
7/4/2018,22:30 EDT,LAG,2,1.01,1.01,DCU,2,1,1.01,0,0.02,0,0,1.36,1.32
7/4/2018,22:00 EDT,RSL,4,3.67,3.68,SKC,2,1.32,1.32,2,2.35,2.35,2,2.77,0.16
7/4/2018,21:00 EDT,COL,1,1.39,1.39,SEA,2,1.47,1.47,-1,-0.08,-0.08,-1,1.27,1.45
7/4/2018,20:00 EDT,FCD,3,1.27,1.32,ATL,2,1.43,1.43,1,-0.16,-0.1,1,1.21,1.49
7/4/2018,19:00 EDT,MIN,4,1.21,1.21,TOR,3,1.56,1.56,1,-0.35,-0.35,1,1.05,1.68
7/3/2018,22:30 EDT,HOU,2,1.64,1.68,LAFC,2,0.77,0.77,0,0.86,0.91,0,2.02,0.71
7/1/2018,19:00 EDT,VAN,0,2.35,2.36,COL,0,1.73,1.87,0,0.62,0.49,-1,1.75,1.02
7/1/2018,17:05 EDT,TOR,0,2.28,2.56,NYRB,1,1.57,1.58,-1,0.7,0.98,-1,1.83,0.95
6/30/2018,22:00 EDT,SJE,3,2.91,2.91,LAG,3,0.89,0.89,0,2.03,2.03,0,2.73,0.18
6/30/2018,20:00 EDT,CHI,3,0.79,0.79,NYC,2,1.5,1.5,1,-0.71,-0.71,1,0.84,1.89
6/30/2018,20:00 EDT,LAFC,4,2.05,2.13,PHI,1,1.52,1.53,3,0.53,0.61,3,1.74,1.02
6/30/2018,19:30 EDT,NER,3,1.59,1.59,DCU,2,1.72,1.76,1,-0.13,-0.17,1,1.24,1.45
6/30/2018,19:30 EDT,CLB,2,1.48,1.48,RSL,1,1.04,1.04,1,0.45,0.45,1,1.69,1.01
6/30/2018,19:00 EDT,ATL,4,2.16,2.17,ORL,0,1.7,1.84,4,0.46,0.33,4,1.75,1.04
6/30/2018,19:00 EDT,MTL,2,1.17,1.17,SKC,0,0.5,0.51,2,0.66,0.65,2,2.05,0.65
6/30/2018,16:30 EDT,SEA,2,0.89,0.89,POR,3,1.14,1.15,-1,-0.25,-0.25,-1,1.2,1.51
6/29/2018,20:00 EDT,MIN,0,1.57,1.57,FCD,1,0.26,0.26,-1,1.31,1.31,-1,2.52,0.31
6/24/2018,17:00 EDT,NYC,2,1.85,1.89,TOR,1,1.16,1.28,1,0.68,0.61,1,1.95,0.84
6/24/2018,16:30 EDT,ATL,1,1.52,1.53,POR,1,1.69,1.77,0,-0.17,-0.24,0,1.22,1.55
6/23/2018,22:30 EDT,LAFC,2,1.93,1.98,CLB,0,0.45,0.45,2,1.49,1.53,2,2.45,0.37
6/23/2018,22:00 EDT,RSL,1,2.3,2.31,SJE,1,1.43,1.47,0,0.87,0.84,0,1.91,0.87
6/23/2018,22:00 EDT,SEA,1,1.78,1.8,CHI,1,2,2,0,-0.23,-0.2,0,1.25,1.5
6/23/2018,21:00 EDT,COL,3,2.87,3.04,MIN,2,2.92,3.26,1,-0.05,-0.23,1,1.38,1.41
6/23/2018,20:30 EDT,SKC,3,2.18,2.21,HOU,2,1.12,1.12,1,1.06,1.09,1,2.1,0.7
6/23/2018,19:30 EDT,ORL,0,0.38,0.38,MTL,1,1.37,1.42,-1,-0.99,-1.04,-2,0.53,2.2
6/23/2018,18:00 EDT,NYRB,3,1.83,1.83,FCD,0,1,1,3,0.82,0.82,3,2.03,0.75
6/23/2018,17:00 EDT,PHI,4,3.09,3.09,VAN,0,0.26,0.26,4,2.82,2.82,4,2.93,0.04
6/13/2018,22:30 EDT,SJE,2,2.17,2.19,NER,2,1.76,1.76,0,0.41,0.42,0,1.74,1.04
6/13/2018,21:00 EDT,COL,2,1.3,1.3,CHI,1,0.85,0.85,1,0.45,0.45,0,1.79,0.96
6/13/2018,20:00 EDT,TOR,4,2.53,2.59,DCU,4,2.16,2.16,0,0.37,0.43,0,1.64,1.16
6/13/2018,20:00 EDT,NYRB,2,3.26,3.38,SEA,1,0.81,0.81,1,2.45,2.57,1,2.72,0.19
6/13/2018,19:30 EDT,MTL,2,2.79,2.8,ORL,0,1.95,1.98,2,0.83,0.82,3,1.96,0.83
6/13/2018,19:30 EDT,CLB,0,1.35,1.37,ATL,2,0.53,0.53,-2,0.82,0.84,-2,2,0.7
6/9/2018,22:30 EDT,POR,0,0.92,0.92,SKC,0,0.82,0.82,0,0.09,0.09,0,1.35,1.3
6/9/2018,22:30 EDT,LAG,3,2.17,2.17,RSL,0,0.84,0.84,3,1.33,1.32,3,2.37,0.46
6/9/2018,22:30 EDT,SJE,3,1,1,LAFC,4,2.07,2.07,-1,-1.07,-1.07,-1,0.56,2.21
6/9/2018,22:00 EDT,SEA,2,1.29,1.3,DCU,1,1.48,1.61,1,-0.19,-0.31,1,1.26,1.46
6/9/2018,21:00 EDT,HOU,2,2.13,2.19,COL,0,0.05,0.05,2,2.08,2.14,2,2.86,0.07
6/9/2018,20:30 EDT,CHI,1,0.63,0.63,NER,1,1.25,1.26,0,-0.62,-0.63,0,0.8,1.89
6/9/2018,20:00 EDT,FCD,1,2.04,2.06,MTL,0,1.21,1.24,1,0.83,0.82,2,2.04,0.73
6/9/2018,19:00 EDT,VAN,5,3.52,3.64,ORL,2,1.06,1.06,3,2.46,2.58,3,2.74,0.18
6/9/2018,17:00 EDT,CLB,1,2.05,2.09,NYRB,1,0.91,0.92,0,1.14,1.17,0,2.2,0.59
6/9/2018,12:30 EDT,NYC,1,2.44,2.47,ATL,1,0.35,0.35,0,2.1,2.12,0,2.67,0.21
6/8/2018,20:00 EDT,PHI,0,1.95,1.95,TOR,2,2.37,2.4,-2,-0.42,-0.45,-2,1.06,1.71
6/3/2018,20:30 EDT,SKC,4,2.22,2.33,MIN,1,0.4,0.4,3,1.82,1.93,3,2.58,0.28
6/2/2018,21:30 EDT,RSL,2,1.36,1.39,SEA,0,0.54,0.54,2,0.83,0.85,2,2.03,0.69
6/2/2018,20:30 EDT,CHI,2,1.81,1.87,SJE,1,1.76,1.76,1,0.05,0.11,1,1.48,1.29
6/2/2018,20:00 EDT,FCD,2,2.32,2.34,LAFC,1,0.94,0.94,1,1.38,1.41,1,2.35,0.49
6/2/2018,19:30 EDT,NER,2,1.12,1.12,NYRB,1,0.36,0.36,1,0.75,0.76,1,2.17,0.54
6/2/2018,19:30 EDT,ATL,3,4.32,4.33,PHI,1,0.45,0.45,2,3.87,3.88,2,2.98,0.01
6/2/2018,19:30 EDT,CLB,3,1.75,1.76,TOR,3,1.49,1.52,0,0.27,0.24,0,1.57,1.13
6/2/2018,19:30 EDT,NYC,3,2.34,2.58,ORL,0,1.19,1.19,3,1.14,1.39,3,2.17,0.61
6/2/2018,19:30 EDT,MTL,1,0.69,0.7,HOU,0,0.45,0.45,1,0.24,0.25,1,1.56,1.01
6/2/2018,17:00 EDT,POR,1,1.88,1.88,LAG,1,1.69,1.7,0,0.19,0.18,0,1.51,1.25
6/1/2018,21:00 EDT,COL,1,2.18,2.18,VAN,2,1.53,1.53,-1,0.65,0.65,-1,1.76,1
5/30/2018,22:30 EDT,LAG,2,2.18,2.24,FCD,3,2.26,2.46,-1,-0.08,-0.22,-1,1.28,1.53
5/30/2018,21:30 EDT,RSL,2,0.87,0.87,HOU,1,1.48,1.59,1,-0.61,-0.72,1,0.93,1.8
5/30/2018,19:30 EDT,PHI,3,2.43,2.44,CHI,1,1.56,1.56,2,0.87,0.88,2,2.05,0.75
5/30/2018,19:30 EDT,NER,1,1.18,1.18,ATL,1,2.46,2.46,0,-1.28,-1.28,0,0.53,2.27
5/27/2018,18:00 EDT,SKC,0,0.85,0.86,CLB,0,1.3,1.3,0,-0.44,-0.44,0,0.93,1.78
5/26/2018,22:00 EDT,LAFC,1,1.46,1.49,DCU,1,1.46,1.48,0,0,0.01,0,1.35,1.39
5/26/2018,21:00 EDT,COL,1,1.91,1.91,POR,3,1.69,1.69,-2,0.22,0.22,-1,1.55,1.22
5/26/2018,20:00 EDT,MIN,2,1,1,MTL,0,0.74,0.75,2,0.25,0.25,2,1.61,1.06
5/26/2018,19:30 EDT,ORL,1,2.39,2.39,CHI,2,0.75,0.75,-1,1.64,1.64,-1,2.44,0.41
5/26/2018,19:00 EDT,NYRB,0,0.67,0.67,PHI,0,1.76,1.88,0,-1.09,-1.21,0,0.46,2.35
5/26/2018,17:30 EDT,VAN,3,3.09,3.2,NER,2,1.02,1.04,1,2.06,2.15,0,2.57,0.32
5/26/2018,17:00 EDT,SEA,0,1.09,1.15,RSL,1,0.32,0.33,-1,0.77,0.82,-1,2.07,0.6
5/25/2018,23:00 EDT,LAG,1,0.74,0.74,SJE,0,0.38,0.38,1,0.36,0.36,1,1.59,0.97
5/25/2018,20:55 EDT,HOU,3,2.59,2.77,NYC,1,0.99,0.99,2,1.6,1.78,2,2.43,0.41
5/25/2018,20:00 EDT,TOR,0,2.13,2.17,FCD,1,1.68,1.71,-1,0.45,0.46,-1,1.74,1.03
5/21/2018,15:00 EDT,MTL,0,1.51,1.52,LAG,1,0.73,0.73,-1,0.79,0.79,-1,1.95,0.78
5/20/2018,19:00 EDT,ATL,1,1.51,1.52,NYRB,3,1.76,1.76,-2,-0.25,-0.24,-2,1.14,1.57
5/20/2018,16:00 EDT,CHI,2,1.11,1.11,HOU,3,2.35,2.35,-1,-1.24,-1.24,-1,0.47,2.33
5/20/2018,14:00 EDT,MIN,1,1.02,1.11,SKC,1,1.7,1.7,0,-0.68,-0.58,0,0.83,1.9
5/19/2018,22:30 EDT,SJE,1,1.53,1.55,DCU,3,1.63,1.63,-2,-0.1,-0.07,-2,1.25,1.5
5/19/2018,19:30 EDT,NER,0,0.94,0.94,CLB,1,1.87,1.93,-1,-0.92,-0.99,-1,0.7,2.07
5/19/2018,19:30 EDT,PHI,4,2.4,2.41,RSL,1,0.63,0.63,3,1.77,1.77,3,2.51,0.36
5/19/2018,16:00 EDT,FCD,2,1.48,1.48,VAN,1,1.17,1.17,1,0.32,0.32,0,1.56,1.13
5/19/2018,15:00 EDT,POR,2,2.76,2.87,LAFC,1,1.14,1.17,1,1.63,1.7,1,2.38,0.47
5/19/2018,13:00 EDT,NYC,4,1.12,1.14,COL,0,0.25,0.25,4,0.87,0.89,4,2.13,0.57
5/18/2018,20:00 EDT,TOR,2,1.71,1.79,ORL,1,0.64,0.64,1,1.07,1.15,1,2.25,0.54
5/16/2018,22:30 EDT,VAN,2,2.52,2.53,SJE,2,0.89,0.89,0,1.62,1.64,0,2.39,0.45
5/13/2018,20:30 EDT,LAFC,1,1.57,1.59,NYC,2,2.59,2.61,-1,-1.02,-1.02,0,0.73,2.08
5/13/2018,18:00 EDT,ORL,1,0.81,0.82,ATL,2,1.6,1.6,-1,-0.79,-0.78,-1,0.62,2.1
5/13/2018,16:00 EDT,POR,1,0.94,0.94,SEA,0,0.31,0.31,1,0.63,0.63,1,1.92,0.71
5/12/2018,21:00 EDT,RSL,3,1.07,1.07,DCU,2,1.58,1.58,1,-0.52,-0.52,1,0.97,1.75
5/12/2018,21:00 EDT,COL,1,1.29,1.33,NYRB,2,1.81,1.81,-1,-0.51,-0.48,-1,0.93,1.8
5/12/2018,19:30 EDT,CLB,3,2.63,2.64,CHI,0,0.84,0.84,3,1.79,1.8,3,2.56,0.31
5/12/2018,19:30 EDT,NER,3,1.55,1.56,TOR,1,1.88,1.95,2,-0.34,-0.39,1,1.1,1.68
5/12/2018,15:30 EDT,FCD,3,1.01,1.01,LAG,2,2.69,2.71,1,-1.68,-1.7,1,0.38,2.48
5/12/2018,15:00 EDT,MTL,0,0.79,0.79,PHI,2,2.14,2.14,-2,-1.34,-1.34,-2,0.5,2.32
5/12/2018,14:00 EDT,MIN,1,0.74,0.74,SJE,3,2.7,2.81,-2,-1.96,-2.07,-2,0.23,2.68
5/11/2018,22:30 EDT,VAN,2,2.29,2.29,HOU,2,0.58,0.58,0,1.71,1.71,0,2.59,0.29
5/9/2018,22:00 EDT,LAFC,2,2.98,3.03,MIN,0,0.65,0.65,2,2.34,2.38,2,2.73,0.19
5/9/2018,20:30 EDT,CHI,1,0.93,0.94,MTL,0,0.69,0.7,1,0.24,0.24,1,1.52,1.13
5/9/2018,19:30 EDT,ATL,0,2.1,2.11,SKC,2,1.49,1.49,-2,0.61,0.62,-2,1.81,0.96
5/9/2018,19:30 EDT,CLB,1,1.76,1.77,PHI,0,0.51,0.52,1,1.24,1.25,1,2.4,0.39
5/9/2018,19:30 EDT,TOR,1,2.69,2.72,SEA,2,1.04,1.05,-1,1.66,1.66,-1,2.42,0.43
5/6/2018,17:00 EDT,ORL,3,1.81,1.82,RSL,1,1.6,1.61,2,0.21,0.21,2,1.51,1.24
5/5/2018,22:30 EDT,SJE,0,1.31,1.31,POR,1,1.11,1.11,-1,0.19,0.2,-1,1.49,1.23
5/5/2018,20:30 EDT,SKC,1,2.49,2.75,COL,0,0.53,0.53,1,1.96,2.21,1,2.62,0.26
5/5/2018,20:30 EDT,HOU,3,2.1,2.25,LAG,2,1.99,2.13,1,0.11,0.12,1,1.45,1.29
5/5/2018,20:30 EDT,CHI,1,0.78,0.78,ATL,2,1.59,1.59,-1,-0.81,-0.81,-1,0.74,2.04
5/5/2018,16:00 EDT,SEA,0,1.02,1.02,CLB,0,0.6,0.6,0,0.42,0.42,0,1.73,0.93
5/5/2018,15:55 EDT,LAFC,1,1.49,1.51,FCD,1,0.6,0.6,0,0.88,0.9,0,2.04,0.71
5/5/2018,14:00 EDT,MIN,1,0.85,0.95,VAN,0,1.54,1.54,1,-0.69,-0.59,1,0.82,1.89
5/5/2018,13:55 EDT,NYRB,4,2.01,2.13,NYC,0,0.6,0.6,4,1.41,1.52,4,2.41,0.4
5/5/2018,13:00 EDT,MTL,4,2.66,2.68,NER,2,1.58,1.59,2,1.08,1.1,2,2.11,0.69
5/4/2018,20:00 EDT,TOR,3,1.5,1.5,PHI,0,0.25,0.25,3,1.25,1.25,3,2.38,0.37
4/29/2018,21:00 EDT,LAFC,1,1.71,1.72,SEA,0,1.06,1.06,1,0.65,0.66,1,1.9,0.87
4/29/2018,18:30 EDT,NYC,3,3.27,3.45,FCD,1,1.17,1.17,2,2.1,2.28,2,2.58,0.31
4/29/2018,16:00 EDT,COL,1,1.54,1.59,ORL,2,1.46,1.46,-1,0.08,0.12,-1,1.43,1.29
4/28/2018,22:30 EDT,LAG,2,1.07,1.07,NYRB,3,2.69,2.69,-1,-1.61,-1.61,-1,0.3,2.58
4/28/2018,20:00 EDT,MIN,2,1.47,1.58,HOU,1,2.31,2.31,1,-0.84,-0.73,1,0.81,1.97
4/28/2018,19:30 EDT,NER,1,0.77,0.77,SKC,0,0.61,0.61,1,0.16,0.16,1,1.44,1.17
4/28/2018,19:30 EDT,CLB,2,1.77,1.85,SJE,1,0.62,0.63,1,1.14,1.22,1,2.32,0.48
4/28/2018,15:30 EDT,PHI,3,1.32,1.32,DCU,2,0.67,0.67,1,0.65,0.65,1,1.79,0.92
4/28/2018,15:00 EDT,TOR,2,1.41,1.41,CHI,2,2.96,3.13,0,-1.55,-1.72,0,0.42,2.44
4/28/2018,13:00 EDT,ATL,4,2.57,2.6,MTL,1,0.43,0.43,3,2.14,2.17,3,2.71,0.19
4/27/2018,22:30 EDT,VAN,2,2.49,2.51,RSL,0,0.68,0.68,2,1.81,1.83,2,2.69,0.21
4/22/2018,18:00 EDT,POR,3,1.71,1.73,NYC,0,1.14,1.14,3,0.57,0.59,3,1.91,0.81
4/22/2018,16:00 EDT,SEA,3,1.97,1.97,MIN,1,0.99,1,2,0.98,0.97,2,2.08,0.7
4/21/2018,22:30 EDT,LAG,0,0.75,0.75,ATL,2,4.37,4.62,-2,-3.62,-3.87,-2,0.03,2.96
4/21/2018,21:00 EDT,RSL,3,2.32,2.45,COL,0,0.74,0.74,3,1.57,1.7,3,2.46,0.39
4/21/2018,20:00 EDT,FCD,2,2.73,2.73,PHI,0,1.15,1.18,2,1.58,1.55,2,2.44,0.42
4/21/2018,19:30 EDT,CLB,1,2.03,2.05,NER,2,0.96,0.96,-1,1.08,1.09,0,2.13,0.65
4/21/2018,19:30 EDT,ORL,3,2.8,2.8,SJE,2,1.56,1.61,1,1.24,1.19,1,2.35,0.47
4/21/2018,15:30 EDT,NYRB,1,2.29,2.39,CHI,2,1,1,-1,1.3,1.39,-1,2.31,0.47
4/21/2018,15:00 EDT,HOU,5,3.6,3.71,TOR,1,2.84,2.91,4,0.77,0.81,4,1.84,0.98
4/21/2018,13:00 EDT,MTL,3,1.51,1.51,LAFC,4,3.97,4.12,-1,-2.46,-2.61,-2,0.19,2.73
4/20/2018,21:00 EDT,SKC,6,4.12,4.18,VAN,0,0.58,0.58,6,3.54,3.6,6,2.95,0.03
4/15/2018,18:00 EDT,ATL,2,1.22,1.24,NYC,2,1.26,1.26,0,-0.04,-0.02,0,1.26,1.44
4/15/2018,16:00 EDT,SKC,2,2.01,2.01,SEA,2,1.41,1.41,0,0.61,0.61,0,1.83,0.92
4/14/2018,22:30 EDT,SJE,2,0.42,0.42,HOU,2,2.87,2.88,0,-2.45,-2.46,0,0.1,2.82
4/14/2018,22:30 EDT,POR,3,2.19,2.27,MIN,1,1.42,1.42,2,0.76,0.85,1,1.89,0.88
4/14/2018,19:30 EDT,NER,0,1.15,1.16,FCD,1,1.85,1.85,-1,-0.7,-0.69,-1,0.91,1.87
4/14/2018,19:00 EDT,DCU,1,0.32,0.32,CLB,0,1.85,1.9,1,-1.53,-1.58,1,0.29,2.54
4/14/2018,15:30 EDT,CHI,0,0.48,0.48,LAG,1,1,1,-1,-0.51,-0.51,-1,0.83,1.85
4/14/2018,15:00 EDT,COL,2,2.27,2.27,TOR,0,1.06,1.06,2,1.21,1.2,2,2.24,0.57
4/14/2018,13:00 EDT,NYRB,3,2.2,2.2,MTL,1,0.62,0.65,2,1.57,1.55,2,2.44,0.38
4/13/2018,22:00 EDT,VAN,0,0.29,0.29,LAFC,2,1.27,1.34,-2,-0.99,-1.05,-2,0.51,2.2
4/13/2018,20:00 EDT,PHI,0,1.53,1.56,ORL,2,1.32,1.32,-2,0.21,0.24,-2,1.49,1.23
4/11/2018,19:00 EDT,NYC,4,3.89,3.98,RSL,0,1.24,1.24,4,2.64,2.73,4,2.77,0.17
4/8/2018,21:00 EDT,LAG,0,1.32,1.32,SKC,2,1.04,1.04,-2,0.28,0.28,-2,1.54,1.16
4/8/2018,16:00 EDT,ORL,3,2.7,2.73,POR,2,2.39,2.46,1,0.32,0.27,1,1.62,1.18
4/7/2018,21:30 EDT,RSL,2,1.13,1.13,VAN,1,1.17,1.17,1,-0.04,-0.04,1,1.28,1.39
4/7/2018,20:30 EDT,CHI,1,0.56,0.56,CLB,0,1.99,2,1,-1.42,-1.43,1,0.42,2.4
4/7/2018,20:00 EDT,FCD,1,1.18,1.22,COL,1,0.53,0.53,0,0.65,0.69,0,1.98,0.72
4/7/2018,19:00 EDT,PHI,1,2.11,2.11,SJE,1,0.92,0.92,0,1.19,1.19,0,2.15,0.63
4/7/2018,17:00 EDT,ATL,5,2.39,2.44,LAFC,0,0.85,0.85,5,1.54,1.59,5,2.53,0.32
4/6/2018,19:30 EDT,NER,4,3.55,3.55,MTL,0,0.21,0.21,4,3.34,3.34,4,2.96,0.02
3/31/2018,22:00 EDT,SEA,0,1.04,1.04,MTL,1,0.73,0.73,-1,0.31,0.31,-1,1.59,1.09
3/31/2018,21:00 EDT,COL,3,1.51,1.54,PHI,0,0.9,0.91,3,0.61,0.63,3,1.85,0.9
3/31/2018,20:30 EDT,SKC,1,2.03,2.05,DCU,0,0.73,0.77,1,1.3,1.28,1,2.28,0.52
3/31/2018,20:30 EDT,HOU,0,1.55,1.55,NER,2,1.49,1.49,-2,0.06,0.06,-2,1.39,1.33
3/31/2018,20:00 EDT,MIN,0,1.79,1.79,ATL,0,0.98,0.98,0,0.81,0.81,-1,1.99,0.74
3/31/2018,20:00 EDT,SJE,1,1.5,1.5,NYC,2,0.92,0.92,-1,0.58,0.58,-1,1.83,0.92
3/31/2018,18:00 EDT,CHI,2,1.37,1.37,POR,2,1.11,1.17,0,0.26,0.2,0,1.58,1.14
3/31/2018,15:00 EDT,LAG,4,1.17,1.17,LAFC,2,1.33,1.34,2,-0.16,-0.17,1,1.28,1.45
3/31/2018,15:00 EDT,CLB,1,1.08,1.09,VAN,2,0.39,0.39,-1,0.69,0.7,-1,2.08,0.61
3/31/2018,13:00 EDT,ORL,4,3.18,3.19,NYRB,3,1.39,1.4,1,1.79,1.78,1,2.52,0.35
3/30/2018,20:00 EDT,TOR,3,3.1,3.12,RSL,1,0.83,0.83,2,2.27,2.29,2,2.75,0.18
3/24/2018,22:00 EDT,VAN,0,0.85,0.85,LAG,0,0.63,0.63,0,0.23,0.23,0,1.56,1.07
3/24/2018,21:00 EDT,COL,2,1.2,1.21,SKC,2,2.7,2.73,0,-1.5,-1.53,0,0.5,2.33
3/24/2018,19:00 EDT,NYRB,3,2.69,2.69,MIN,0,1.21,1.27,3,1.48,1.42,3,2.3,0.53
3/24/2018,18:00 EDT,CLB,3,1.43,1.43,DCU,1,0.23,0.23,2,1.2,1.2,2,2.4,0.36
3/24/2018,15:30 EDT,FCD,1,0.98,1,POR,1,0.48,0.48,0,0.49,0.52,0,1.81,0.84
3/24/2018,13:30 EDT,NER,2,1.86,1.88,NYC,2,0.98,0.98,0,0.88,0.9,0,2.02,0.74
3/18/2018,17:00 EDT,FCD,3,2.75,2.79,SEA,0,0.8,0.82,3,1.95,1.98,3,2.64,0.24
3/17/2018,21:00 EDT,RSL,1,1.01,1.01,NYRB,0,0.96,0.99,1,0.04,0.02,1,1.45,1.2
3/17/2018,20:30 EDT,SKC,3,1.66,1.66,SJE,2,1.45,1.52,1,0.2,0.14,1,1.59,1.13
3/17/2018,19:30 EDT,ATL,3,3.37,3.46,VAN,1,0.89,0.89,2,2.48,2.57,3,2.75,0.16
3/17/2018,15:30 EDT,NYC,2,0.76,0.76,ORL,0,0.62,0.62,2,0.14,0.14,2,1.41,1.23
3/17/2018,15:00 EDT,MTL,1,1.67,1.67,TOR,0,1.22,1.22,1,0.45,0.45,1,1.74,1.01
3/17/2018,14:00 EDT,MIN,2,1.51,1.62,CHI,1,0.88,0.95,1,0.63,0.67,1,1.87,0.86
3/17/2018,14:00 EDT,PHI,0,0.83,0.83,CLB,0,0.65,0.65,0,0.18,0.18,0,1.54,1.11
3/17/2018,13:30 EDT,DCU,2,1.55,1.56,HOU,2,2.12,2.12,0,-0.57,-0.56,0,0.92,1.84
3/11/2018,17:00 EDT,NYC,2,1.51,1.57,LAG,1,1.48,1.48,1,0.03,0.09,1,1.31,1.43
3/11/2018,15:00 EDT,ATL,3,1.6,1.62,DCU,1,1.27,1.27,2,0.34,0.36,2,1.64,1.09
3/10/2018,19:30 EST,ORL,1,1.59,1.6,MIN,2,1.5,1.5,-1,0.09,0.1,-1,1.43,1.25
3/10/2018,19:00 EST,NYRB,4,2.13,2.14,POR,0,1.37,1.37,4,0.76,0.77,4,1.86,0.93
3/10/2018,18:00 EST,HOU,1,1.91,1.91,VAN,2,1.29,1.29,-1,0.62,0.62,-1,1.8,0.92
3/10/2018,18:00 EST,CHI,3,2.76,2.82,SKC,4,1.65,1.73,-1,1.11,1.09,-1,2.14,0.66
3/10/2018,15:30 EST,RSL,1,2.45,2.45,LAFC,5,4.36,4.49,-4,-1.91,-2.03,-4,0.52,2.34
3/10/2018,13:30 EST,NER,2,1.13,1.13,COL,1,2.02,2.02,1,-0.89,-0.89,1,0.65,2.14
3/10/2018,13:00 EST,CLB,3,2.62,2.62,MTL,2,1.53,1.53,1,1.09,1.1,1,2.17,0.64
3/4/2018,22:00 EST,LAG,2,2.42,2.7,POR,1,1.36,1.36,1,1.06,1.34,1,2.14,0.66
3/4/2018,19:30 EST,SKC,0,1.3,1.3,NYC,2,1.76,1.76,-2,-0.46,-0.46,-2,0.93,1.79
3/4/2018,18:00 EST,VAN,2,1.18,1.18,MTL,1,0.72,0.72,1,0.46,0.46,1,1.76,0.94
3/4/2018,17:00 EST,SEA,0,2.02,2.1,LAFC,1,0.5,0.5,-1,1.52,1.61,-1,2.46,0.38
3/3/2018,22:30 EST,SJE,3,1.88,1.9,MIN,2,1.1,1.11,1,0.78,0.79,1,1.87,0.91
3/3/2018,20:00 EST,FCD,0,1.11,1.13,RSL,1,0.79,0.79,-1,0.32,0.34,0,1.63,1.05
3/3/2018,19:30 EST,ORL,1,1.18,1.18,DCU,1,2.04,2.07,0,-0.87,-0.89,0,0.69,2.09
3/3/2018,19:00 EST,PHI,2,3.49,3.5,NER,0,0.85,0.87,2,2.64,2.63,2,2.78,0.15
3/3/2018,15:30 EST,HOU,4,2,2,ATL,0,1.42,1.42,4,0.58,0.58,4,1.81,0.93
3/3/2018,13:00 EST,TOR,0,1.26,1.28,CLB,2,1.33,1.33,-2,-0.07,-0.04,-2,1.32,1.38
10/22/2017,16:00 EDT,SJE,3,2.52,2.62,MIN,2,0.29,0.29,1,2.22,2.32,1,2.79,0.13
10/22/2017,16:00 EDT,SEA,3,3.52,3.58,COL,0,0.93,0.93,3,2.59,2.65,3,2.83,0.11
10/22/2017,16:00 EDT,MTL,2,1.98,2.19,NER,3,1.29,1.34,-1,0.69,0.86,-1,1.88,0.86
10/22/2017,16:00 EDT,FCD,5,3.5,3.7,LAG,1,0.71,0.73,4,2.78,2.97,4,2.81,0.13
10/22/2017,16:00 EDT,ATL,2,2.53,2.64,TOR,2,1.26,1.26,0,1.27,1.38,0,2.25,0.55
10/22/2017,16:00 EDT,NYC,2,2.68,2.68,CLB,2,1.03,1.05,0,1.65,1.63,0,2.45,0.42
10/22/2017,16:00 EDT,PHI,6,3.37,3.53,ORL,1,1.21,1.21,5,2.15,2.32,5,2.62,0.29
10/22/2017,16:00 EDT,POR,2,1.93,2.08,VAN,1,0.66,0.66,1,1.27,1.42,1,2.25,0.55
10/22/2017,16:00 EDT,DCU,1,1.79,1.79,NYRB,2,2.14,2.22,-1,-0.35,-0.43,-1,1.08,1.67
10/22/2017,16:00 EDT,RSL,2,1.38,1.41,SKC,1,1.43,1.47,1,-0.04,-0.06,1,1.37,1.37
10/22/2017,16:00 EDT,HOU,3,2.12,2.12,CHI,0,0.88,0.88,3,1.24,1.24,3,2.32,0.5
10/15/2017,19:30 EDT,SKC,0,3.39,3.42,HOU,0,1.14,1.18,0,2.25,2.24,0,2.59,0.31
10/15/2017,19:30 EDT,POR,4,3.05,3.11,DCU,0,0.46,0.47,4,2.59,2.64,4,2.87,0.09
10/15/2017,19:30 EDT,SEA,4,2.28,2.32,FCD,0,0.5,0.51,4,1.78,1.82,4,2.64,0.23
10/15/2017,19:30 EDT,VAN,1,1.71,1.74,SJE,1,0.98,0.98,0,0.73,0.76,0,1.96,0.8
10/15/2017,19:30 EDT,LAG,3,0.36,0.36,MIN,0,0.94,0.97,3,-0.58,-0.61,3,0.75,1.89
10/15/2017,19:30 EDT,COL,1,0.16,0.16,RSL,0,1.98,2,1,-1.82,-1.84,1,0.17,2.71
10/15/2017,17:00 EDT,TOR,1,2,2.1,MTL,0,2.37,2.39,1,-0.37,-0.3,1,1.14,1.62
10/15/2017,17:00 EDT,CHI,3,1.96,1.96,PHI,1,1.25,1.26,2,0.71,0.69,1,1.92,0.86
10/15/2017,17:00 EDT,NER,2,2.7,2.88,NYC,1,0.57,0.57,1,2.13,2.31,1,2.69,0.21
10/15/2017,17:00 EDT,NYRB,0,1.33,1.33,ATL,0,0.89,0.89,0,0.44,0.44,0,1.8,0.92
10/15/2017,17:00 EDT,ORL,0,0.63,0.63,CLB,1,1.69,1.69,-1,-1.06,-1.06,-1,0.52,2.26
10/11/2017,20:00 EDT,HOU,1,0.85,0.85,SKC,1,1.01,1.02,0,-0.16,-0.17,1,1.21,1.46
10/7/2017,21:00 EDT,COL,1,1.14,1.14,FCD,1,0.9,0.9,0,0.24,0.24,0,1.54,1.14
10/7/2017,20:00 EDT,MIN,1,0.95,0.95,SKC,1,1.88,1.92,0,-0.93,-0.97,0,0.69,2.09
10/7/2017,17:00 EDT,NYRB,3,2,2,VAN,0,0.21,0.21,3,1.79,1.79,3,2.7,0.18
10/3/2017,19:00 EDT,ATL,2,0.85,0.85,MIN,3,1.77,1.92,-1,-0.92,-1.07,-1,0.68,2.1
10/1/2017,13:00 EDT,PHI,2,1.07,1.08,SEA,0,0.95,0.97,2,0.11,0.11,2,1.44,1.25
9/30/2017,22:30 EDT,LAG,1,2.17,2.17,RSL,1,2.14,2.15,0,0.02,0.01,0,1.44,1.33
9/30/2017,22:30 EDT,SJE,2,1.62,1.62,POR,1,1.1,1.1,1,0.52,0.52,1,1.76,0.99
9/30/2017,21:00 EDT,SKC,0,1.82,1.82,VAN,1,1.02,1.02,-1,0.8,0.8,-1,1.97,0.79
9/30/2017,21:00 EDT,COL,2,0.8,0.8,MTL,1,0.91,0.91,1,-0.11,-0.11,1,1.23,1.41
9/30/2017,20:30 EDT,HOU,2,2.51,2.51,MIN,1,0.38,0.38,1,2.13,2.13,1,2.71,0.2
9/30/2017,20:30 EDT,CHI,1,1.03,1.03,NYC,1,1.47,1.47,0,-0.45,-0.45,0,0.97,1.72
9/30/2017,19:30 EDT,CLB,2,0.82,0.82,DCU,0,0.48,0.48,2,0.34,0.34,2,1.63,0.96
9/30/2017,19:30 EDT,NER,0,1.5,1.5,ATL,0,0.98,0.98,0,0.52,0.52,0,1.82,0.88
9/30/2017,19:00 EDT,TOR,4,2.71,2.77,NYRB,2,1.71,1.71,2,0.99,1.06,2,2.04,0.75
9/30/2017,16:00 EDT,ORL,0,0.9,0.93,FCD,0,1.18,1.18,0,-0.28,-0.25,0,1.18,1.53
9/27/2017,22:30 EDT,SEA,3,1.32,1.35,VAN,0,0.48,0.48,3,0.84,0.87,3,2.06,0.66
9/27/2017,22:30 EDT,SJE,1,2.39,2.43,CHI,4,2.92,3.11,-3,-0.54,-0.68,-3,0.99,1.8
9/27/2017,20:30 EDT,HOU,3,2.78,2.78,LAG,2,0.56,0.56,1,2.23,2.23,0,2.71,0.19
9/27/2017,20:00 EDT,FCD,2,1.39,1.39,COL,0,0.38,0.39,2,1,1,2,2.27,0.48
9/27/2017,19:30 EDT,NYRB,3,2.29,2.3,DCU,2,0.92,0.92,1,1.37,1.38,0,2.44,0.37
9/27/2017,19:30 EDT,MTL,0,0.45,0.46,NYC,1,2.16,2.17,-1,-1.71,-1.71,-1,0.32,2.52
9/27/2017,19:30 EDT,ORL,6,2.44,2.64,NER,1,0.94,0.97,5,1.5,1.67,5,2.41,0.43
9/27/2017,19:00 EDT,ATL,3,1.6,1.62,PHI,0,0.43,0.43,3,1.17,1.19,3,2.23,0.52
9/24/2017,20:00 EDT,POR,3,3.61,3.75,ORL,0,0.76,0.76,3,2.84,2.98,3,2.86,0.1
9/24/2017,17:00 EDT,ATL,2,1.75,1.8,MTL,0,0.25,0.25,2,1.5,1.55,2,2.5,0.3
9/24/2017,14:00 EDT,SKC,2,1.21,1.21,LAG,1,0.5,0.5,1,0.71,0.71,1,1.99,0.7
9/23/2017,22:00 EDT,VAN,2,2.51,2.67,COL,1,1.12,1.13,1,1.39,1.54,1,2.4,0.43
9/23/2017,21:30 EDT,RSL,2,1.18,1.18,SEA,0,0.82,0.83,2,0.36,0.35,2,1.73,0.99
9/23/2017,20:00 EDT,MIN,4,2.09,2.09,FCD,1,2.96,2.97,3,-0.88,-0.88,3,0.78,2.02
9/23/2017,19:30 EDT,CLB,3,1.38,1.39,NYRB,2,1.21,1.21,1,0.17,0.18,1,1.48,1.21
9/23/2017,19:00 EDT,DCU,4,2.17,2.19,SJE,0,0.77,0.79,4,1.4,1.4,4,2.38,0.44
9/23/2017,19:00 EDT,PHI,3,1.87,1.89,CHI,1,1.04,1.06,2,0.82,0.82,2,1.92,0.83
9/23/2017,17:00 EDT,NER,2,1.12,1.13,TOR,1,0.37,0.37,1,0.75,0.77,1,2.03,0.65
9/23/2017,15:00 EDT,NYC,1,1.8,1.81,HOU,1,1.19,1.19,0,0.61,0.63,0,1.85,0.91
9/20/2017,19:30 EDT,TOR,2,1.16,1.16,MTL,5,2.73,2.73,-3,-1.56,-1.57,-2,0.49,2.35
9/20/2017,19:00 EDT,ATL,4,2.36,2.46,LAG,0,0.69,0.69,4,1.67,1.77,4,2.56,0.3
9/17/2017,13:00 EDT,NYRB,0,1.38,1.39,PHI,0,0.34,0.34,0,1.04,1.04,0,2.23,0.51
9/16/2017,22:30 EDT,SJE,1,1.37,1.37,HOU,0,1.09,1.13,1,0.29,0.25,1,1.61,1.09
9/16/2017,22:30 EDT,LAG,0,0.23,0.23,TOR,4,1.96,1.96,-4,-1.73,-1.73,-4,0.27,2.56
9/16/2017,21:30 EDT,RSL,2,2.6,2.61,POR,1,0.83,0.84,1,1.76,1.77,1,2.52,0.35
9/16/2017,21:00 EDT,COL,1,0.87,0.87,NYC,1,0.77,0.84,0,0.1,0.03,0,1.43,1.2
9/16/2017,20:30 EDT,SKC,3,2.17,2.22,NER,1,0.24,0.24,2,1.92,1.97,2,2.79,0.12
9/16/2017,20:30 EDT,CHI,2,2.67,2.7,DCU,0,0.72,0.76,2,1.95,1.94,3,2.62,0.25
9/16/2017,20:00 EDT,FCD,0,0.62,0.62,SEA,0,0.26,0.26,0,0.36,0.36,0,1.62,0.88
9/16/2017,19:30 EDT,MTL,2,1.78,1.81,MIN,3,1.58,1.58,-1,0.19,0.22,-1,1.43,1.27
9/16/2017,19:00 EDT,VAN,2,1.49,1.51,CLB,2,0.97,0.97,0,0.52,0.54,0,1.82,0.9
9/16/2017,15:55 EDT,ATL,3,2.09,2.09,ORL,3,1.04,1.04,0,1.06,1.06,0,2.17,0.6
9/13/2017,22:00 EDT,VAN,3,2.53,2.55,MIN,0,0.86,0.86,3,1.68,1.69,3,2.5,0.36
9/13/2017,19:00 EDT,ATL,7,3.41,3.72,NER,0,0,0,7,3.41,3.72,7,2.99,0.01
9/10/2017,21:00 EDT,SEA,1,1.6,1.6,LAG,1,0.43,0.43,0,1.17,1.17,0,2.24,0.54
9/10/2017,15:30 EDT,ATL,3,2.99,3,FCD,0,1.26,1.32,3,1.73,1.68,3,2.39,0.48
9/10/2017,13:00 EDT,CLB,1,1.78,1.92,SKC,1,1.41,1.47,0,0.38,0.45,0,1.65,1.1
9/9/2017,22:00 EDT,VAN,3,1.63,1.64,RSL,2,1.04,1.04,1,0.59,0.61,1,1.77,0.97
9/9/2017,20:30 EDT,HOU,0,1.14,1.15,COL,1,1.15,1.17,-1,-0.01,-0.02,-1,1.33,1.39
9/9/2017,20:00 EDT,MIN,1,1.25,1.52,PHI,1,1.46,1.48,0,-0.21,0.03,0,1.17,1.55
9/9/2017,19:30 EDT,NER,1,0.95,0.95,MTL,0,0.43,0.43,1,0.52,0.52,1,1.86,0.78
9/9/2017,19:00 EDT,DCU,1,1.64,1.65,ORL,2,1.57,1.57,-1,0.07,0.08,-1,1.34,1.4
9/9/2017,17:30 EDT,NYC,0,1.27,1.43,POR,1,1.75,1.83,-1,-0.47,-0.4,-1,1.08,1.66
9/9/2017,17:00 EDT,TOR,4,2.79,2.8,SJE,0,0.23,0.23,4,2.56,2.57,4,2.85,0.09
9/9/2017,15:55 EDT,CHI,1,1.33,1.35,NYRB,1,0.76,0.76,0,0.57,0.59,0,1.82,0.88
9/6/2017,19:30 EDT,NYC,1,1.14,1.16,SKC,0,0.5,0.51,1,0.64,0.65,1,1.9,0.79
9/2/2017,23:00 EDT,LAG,3,2.16,2.16,COL,0,0.71,0.71,3,1.44,1.44,3,2.59,0.26
9/2/2017,21:00 EDT,FCD,2,2.43,2.87,NYRB,2,0.59,0.59,0,1.83,2.28,0,2.6,0.27
9/2/2017,19:00 EDT,MTL,0,0.87,0.87,CHI,1,0.57,0.57,-1,0.3,0.3,-1,1.59,1.05
9/2/2017,19:00 EDT,NER,4,2.66,2.67,ORL,0,0.56,0.56,4,2.1,2.1,4,2.66,0.23
8/27/2017,21:30 EDT,SEA,1,2.04,3.2,POR,1,1.54,1.54,0,0.5,1.66,0,1.72,1.03
8/27/2017,19:00 EDT,LAG,0,1,1.12,SJE,3,2.69,2.71,-3,-1.69,-1.59,-3,0.38,2.47
8/27/2017,16:30 EDT,MTL,1,0.66,0.66,TOR,3,1.16,1.17,-2,-0.51,-0.51,-2,0.9,1.81
8/26/2017,22:00 EDT,RSL,4,3.27,3.3,COL,1,1.1,1.15,3,2.17,2.14,3,2.68,0.21
8/26/2017,20:30 EDT,CHI,1,1.86,1.87,MIN,2,1.48,1.48,-1,0.39,0.39,-1,1.69,1.05
8/26/2017,19:30 EDT,ORL,1,1.84,2.03,VAN,1,0.64,0.64,0,1.2,1.39,-1,2.13,0.62
8/26/2017,19:30 EDT,CLB,2,1.2,1.2,FCD,1,0.78,0.78,1,0.42,0.42,1,1.74,0.94
8/26/2017,19:00 EDT,PHI,2,1.29,1.29,ATL,2,1.25,1.26,0,0.04,0.03,0,1.38,1.34
8/26/2017,19:00 EDT,DCU,1,1.92,1.95,NER,0,1.28,1.29,1,0.64,0.65,1,1.8,0.95
8/25/2017,19:00 EDT,NYRB,1,2.69,2.7,NYC,1,0.74,0.75,0,1.95,1.95,0,2.63,0.24
8/23/2017,22:30 EDT,POR,2,1.86,1.86,COL,1,0.67,0.67,1,1.19,1.19,1,2.28,0.51
8/23/2017,22:00 EDT,VAN,1,0.96,0.96,SEA,1,2.79,2.82,0,-1.83,-1.87,0,0.35,2.53
8/23/2017,22:00 EDT,RSL,4,2.31,2.33,SJE,0,0.89,0.89,4,1.42,1.43,4,2.37,0.46
8/23/2017,20:00 EDT,TOR,3,0.58,0.58,PHI,0,0.83,0.83,3,-0.24,-0.24,3,1.06,1.58
8/23/2017,20:00 EDT,FCD,3,1.92,1.92,HOU,3,1.61,1.61,0,0.32,0.32,0,1.61,1.15
8/23/2017,19:30 EDT,CLB,2,3.23,3.26,LAG,0,0.29,0.29,2,2.94,2.97,2,2.92,0.05
8/23/2017,19:30 EDT,DCU,0,1.25,1.27,ATL,0,0.67,0.68,0,0.58,0.59,1,1.89,0.81
8/20/2017,21:30 EDT,SEA,2,2.36,2.5,MIN,1,1.27,1.27,1,1.08,1.22,1,2.14,0.66
8/20/2017,18:00 EDT,NYC,2,1.24,1.25,NER,1,1.75,1.76,1,-0.5,-0.51,1,0.99,1.74
8/19/2017,22:30 EDT,SJE,2,1.64,1.64,PHI,2,0.73,0.73,0,0.91,0.91,0,2.23,0.54
8/19/2017,22:00 EDT,VAN,2,1.44,1.44,HOU,1,1.25,1.25,1,0.19,0.19,1,1.53,1.19
8/19/2017,21:00 EDT,COL,0,2.27,2.33,DCU,0,0.96,0.98,0,1.31,1.35,-1,2.33,0.49
8/19/2017,20:30 EDT,SKC,2,0.59,0.59,FCD,0,0.82,0.82,2,-0.23,-0.23,2,1.06,1.58
8/19/2017,20:00 EDT,CHI,1,1.28,1.29,TOR,3,2.34,2.39,-2,-1.06,-1.09,-2,0.64,2.17
8/19/2017,19:30 EDT,MTL,3,1.89,1.9,RSL,1,1.95,2,2,-0.06,-0.11,2,1.4,1.36
8/19/2017,19:30 EDT,ORL,1,1.09,1.09,CLB,1,0.8,0.8,0,0.29,0.29,0,1.47,1.2
8/18/2017,22:00 EDT,POR,2,0.57,0.57,NYRB,0,0.98,0.98,2,-0.4,-0.41,2,0.98,1.68
8/16/2017,19:30 EDT,MTL,3,2,2,CHI,0,0.55,0.55,3,1.45,1.45,3,2.52,0.31
8/13/2017,19:00 EDT,DCU,0,1.07,1.08,RSL,1,0.84,0.9,-1,0.22,0.18,-1,1.58,1.11
8/12/2017,23:00 EDT,LAG,0,2.54,2.71,NYC,2,0.42,0.42,-2,2.12,2.29,-2,2.73,0.18
8/12/2017,21:00 EDT,HOU,3,3.11,3.21,SJE,0,1.16,1.16,3,1.95,2.04,3,2.6,0.29
8/12/2017,20:00 EDT,PHI,0,0.94,0.97,MTL,3,1.25,1.25,-3,-0.3,-0.28,-3,1.03,1.67
8/12/2017,20:00 EDT,NER,1,0.75,0.75,VAN,0,1.28,1.29,1,-0.53,-0.55,1,0.9,1.81
8/12/2017,20:00 EDT,FCD,0,1.65,1.66,COL,0,0.23,0.23,0,1.42,1.43,0,2.43,0.36
8/12/2017,19:30 EDT,CLB,3,2.03,2.04,CHI,1,0.59,0.59,2,1.44,1.44,2,2.43,0.39
8/12/2017,19:30 EDT,NYRB,2,1.42,1.43,ORL,1,1.01,1.01,1,0.41,0.41,2,1.73,0.99
8/12/2017,18:00 EDT,TOR,4,1.7,1.7,POR,1,1.2,1.2,3,0.5,0.5,3,1.74,1
8/12/2017,16:00 EDT,SEA,1,1.18,1.18,SKC,0,0.32,0.32,1,0.86,0.86,1,2.08,0.6
8/6/2017,20:00 EDT,SKC,1,1.48,1.48,ATL,1,0.84,0.84,0,0.64,0.64,0,1.94,0.76
8/6/2017,18:00 EDT,NYC,3,2.45,2.45,NYRB,2,1.3,1.3,1,1.16,1.15,1,2.25,0.57
8/6/2017,14:00 EDT,POR,3,1.23,1.23,LAG,1,0.98,1,2,0.25,0.23,2,1.62,1.07
8/5/2017,22:30 EDT,SJE,2,2.1,2.22,CLB,1,0.77,0.81,1,1.33,1.41,1,2.37,0.44
8/5/2017,22:00 EDT,COL,2,1.22,1.22,VAN,2,1.21,1.21,0,0,0.01,0,1.34,1.35
8/5/2017,22:00 EDT,RSL,0,1.53,1.54,HOU,0,0.68,0.68,0,0.85,0.87,0,2.05,0.68
8/5/2017,20:30 EDT,CHI,4,0.59,0.59,NER,1,0.47,0.47,3,0.13,0.13,3,1.41,1.14
8/5/2017,20:00 EDT,MIN,0,1.22,1.22,SEA,4,2.83,2.83,-4,-1.61,-1.61,-4,0.43,2.43
8/5/2017,19:30 EDT,MTL,2,1.74,1.74,ORL,1,0.94,0.94,1,0.8,0.8,1,2.04,0.73
8/5/2017,19:00 EDT,DCU,1,0.32,0.32,TOR,0,1.1,1.1,1,-0.78,-0.78,0,0.6,2.08
8/5/2017,19:00 EDT,PHI,3,1.83,1.92,FCD,1,2.64,2.65,2,-0.81,-0.73,2,0.85,1.96
7/30/2017,14:00 EDT,TOR,4,1.51,1.51,NYC,0,1.52,1.52,4,-0.01,-0.01,4,1.32,1.36
7/29/2017,22:00 EDT,LAG,0,0.67,0.67,SEA,0,0.98,0.98,0,-0.31,-0.31,0,1.1,1.58
7/29/2017,20:00 EDT,FCD,0,0.76,0.76,VAN,4,1.62,1.62,-4,-0.86,-0.86,-4,0.65,2.11
7/29/2017,20:00 EDT,SJE,1,1.57,1.57,COL,0,0.34,0.34,1,1.24,1.24,1,2.4,0.39
7/29/2017,20:00 EDT,HOU,2,1.55,1.58,POR,2,1.73,1.73,0,-0.18,-0.15,0,1.24,1.5
7/29/2017,20:00 EDT,MIN,3,0.52,0.52,DCU,0,1.33,1.33,3,-0.81,-0.81,4,0.73,1.98
7/29/2017,20:00 EDT,RSL,2,2.62,2.7,CLB,2,2.27,2.49,0,0.35,0.21,0,1.58,1.21
7/29/2017,20:00 EDT,SKC,3,2.61,2.89,CHI,1,1.13,1.13,2,1.48,1.76,1,2.37,0.47
7/29/2017,19:30 EDT,NER,3,2.41,2.41,PHI,0,0.6,0.6,3,1.81,1.81,3,2.6,0.28
7/29/2017,19:30 EDT,NYRB,4,3.82,4.14,MTL,0,0.33,0.33,4,3.49,3.81,4,2.94,0.03
7/29/2017,16:30 EDT,ATL,1,1.63,1.68,ORL,1,0.52,0.54,0,1.11,1.14,0,2.31,0.48
7/26/2017,19:30 EDT,PHI,3,3.24,3.33,CLB,0,0.89,0.95,3,2.35,2.37,3,2.68,0.23
7/23/2017,22:30 EDT,SEA,3,2.49,2.49,SJE,0,1.03,1.03,3,1.46,1.46,3,2.37,0.46
7/23/2017,18:30 EDT,VAN,1,1.93,2.04,POR,2,1.11,1.11,-1,0.82,0.94,-1,1.97,0.81
7/22/2017,22:00 EDT,RSL,1,1.59,1.61,SKC,1,1.37,1.37,0,0.22,0.23,0,1.4,1.33
7/22/2017,19:30 EDT,CLB,1,0.69,0.69,PHI,0,0.22,0.22,1,0.47,0.47,1,1.8,0.75
7/22/2017,19:30 EDT,MTL,1,0.91,0.91,FCD,2,1.95,2.14,-1,-1.04,-1.22,-1,0.67,2.11
7/22/2017,19:30 EDT,NER,4,1.37,1.37,LAG,3,2.27,2.46,1,-0.9,-1.09,1,0.81,1.99
7/22/2017,19:00 EDT,TOR,1,1.53,1.69,COL,1,0.55,0.55,0,0.98,1.14,0,2.16,0.6
7/22/2017,19:00 EDT,DCU,1,1.28,1.32,HOU,3,1.15,1.15,-2,0.12,0.17,-2,1.36,1.33
7/22/2017,16:00 EDT,MIN,0,0.78,0.78,NYRB,3,1.92,1.92,-3,-1.14,-1.14,-3,0.59,2.21
7/22/2017,14:00 EDT,NYC,2,1.52,1.64,CHI,1,1.63,1.63,1,-0.11,0.01,1,1.23,1.53
7/21/2017,19:00 EDT,ORL,0,1.03,1.03,ATL,1,0.47,0.47,-1,0.56,0.56,-1,1.87,0.79
7/19/2017,22:30 EDT,POR,1,1.2,1.2,RSL,4,2.78,2.78,-3,-1.58,-1.58,-3,0.41,2.43
7/19/2017,22:30 EDT,SEA,4,2.02,2.02,DCU,3,1.77,1.77,1,0.25,0.25,1,1.6,1.13
7/19/2017,22:30 EDT,LAG,0,0.91,0.91,VAN,1,0.86,0.86,-1,0.04,0.04,-1,1.35,1.33
7/19/2017,20:00 EDT,MIN,0,0.51,0.51,HOU,0,2.55,2.55,0,-2.04,-2.04,0,0.23,2.65
7/19/2017,19:30 EDT,NYRB,5,1.23,1.24,SJE,1,1.06,1.13,4,0.17,0.11,4,1.43,1.26
7/19/2017,19:30 EDT,NYC,2,1.43,1.47,TOR,2,2.51,2.53,0,-1.08,-1.06,0,0.67,2.16
7/19/2017,19:30 EDT,MTL,2,0.69,0.69,PHI,1,1.03,1.03,1,-0.33,-0.33,1,1.06,1.61
7/6/2017,20:30 EDT,SKC,1,1.3,1.31,PHI,1,1.3,1.3,0,0,0.01,0,1.3,1.42
7/5/2017,22:30 EDT,POR,2,2.03,2.05,CHI,2,0.3,0.3,0,1.73,1.75,0,2.66,0.2
7/5/2017,22:00 EDT,VAN,3,1.59,1.6,NYC,2,2.91,2.96,1,-1.32,-1.37,1,0.49,2.33
7/5/2017,20:30 EDT,HOU,3,1.74,1.77,MTL,1,0.64,0.64,2,1.1,1.13,2,2.25,0.55
7/5/2017,19:30 EDT,NER,2,3.08,3.25,NYRB,3,1.78,1.78,-1,1.3,1.48,-1,2.15,0.66
7/5/2017,19:30 EDT,ORL,1,0.72,0.73,TOR,3,1.24,1.24,-2,-0.51,-0.51,-2,0.93,1.73
7/4/2017,22:30 EDT,LAG,2,1.9,1.9,RSL,6,3.4,3.41,-4,-1.5,-1.51,-4,0.58,2.26
7/4/2017,21:00 EDT,COL,1,3.03,3.36,SEA,3,1,1,-2,2.03,2.35,-2,2.62,0.28
7/4/2017,20:30 EDT,FCD,4,2.29,2.91,DCU,2,0.71,0.71,2,1.58,2.19,2,2.44,0.4
7/4/2017,19:00 EDT,ATL,4,2.1,2.3,SJE,2,1.28,1.28,2,0.81,1.02,2,1.99,0.8
7/4/2017,19:00 EDT,MIN,0,0.61,0.61,CLB,1,1.48,1.51,-1,-0.87,-0.9,-1,0.64,2.09
7/2/2017,17:00 EDT,PHI,3,1.52,1.52,NER,0,0.79,0.79,3,0.73,0.73,3,1.94,0.78
7/1/2017,22:30 EDT,SJE,2,1.19,1.19,LAG,1,0.44,0.45,1,0.75,0.74,1,2,0.68
7/1/2017,21:00 EDT,COL,3,1.39,1.39,HOU,1,1.78,1.78,2,-0.39,-0.39,2,1.04,1.67
7/1/2017,19:30 EDT,CLB,0,0.88,0.89,ATL,2,1.25,1.28,-2,-0.37,-0.4,-2,1.05,1.63
7/1/2017,19:00 EDT,CHI,4,2.02,2.02,VAN,0,0.33,0.33,4,1.69,1.7,4,2.59,0.27
7/1/2017,19:00 EDT,SKC,1,0.4,0.4,POR,1,1.46,1.46,0,-1.06,-1.06,0,0.39,2.4
7/1/2017,19:00 EDT,MTL,2,1.45,1.45,DCU,0,1.55,1.57,2,-0.09,-0.12,2,1.32,1.41
7/1/2017,19:00 EDT,FCD,3,1.54,1.54,TOR,1,1.5,1.5,2,0.04,0.04,2,1.39,1.31
6/30/2017,21:30 EDT,RSL,0,0.72,0.72,ORL,1,1.01,1.1,-1,-0.3,-0.38,-1,1.03,1.64
6/29/2017,19:30 EDT,NYC,3,1.46,1.46,MIN,1,1.31,1.32,2,0.14,0.14,2,1.46,1.26
6/25/2017,22:30 EDT,POR,2,1.61,1.62,SEA,2,0.62,0.63,0,0.98,0.99,0,2.22,0.55
6/24/2017,22:30 EDT,SJE,2,1.46,1.47,RSL,1,0.85,0.85,1,0.61,0.62,1,1.82,0.9
6/24/2017,22:30 EDT,LAG,1,1.22,1.25,SKC,2,1.04,1.04,-1,0.18,0.22,-1,1.44,1.26
6/24/2017,20:30 EDT,CHI,4,3.72,3.72,ORL,0,0.09,0.09,4,3.63,3.63,4,2.99,0.01
6/24/2017,20:00 EDT,MIN,2,1.51,1.68,VAN,2,1.47,1.47,0,0.04,0.21,0,1.38,1.3
6/24/2017,19:30 EDT,CLB,4,1.12,1.12,MTL,1,0.98,0.99,3,0.13,0.13,3,1.47,1.2
6/24/2017,19:00 EDT,PHI,1,0.62,0.62,DCU,0,1.35,1.37,1,-0.73,-0.75,1,0.64,2.09
6/24/2017,19:00 EDT,ATL,1,2.1,2.19,COL,0,0.7,0.73,1,1.4,1.46,1,2.35,0.47
6/24/2017,13:30 EDT,NYRB,0,0.36,0.36,NYC,2,0.81,0.82,-2,-0.45,-0.45,-2,0.92,1.67
6/23/2017,21:00 EDT,HOU,1,0.76,0.76,FCD,1,0.83,0.87,0,-0.08,-0.12,0,1.21,1.41
6/23/2017,20:00 EDT,TOR,2,1.89,2.02,NER,0,0.65,0.65,2,1.23,1.36,2,2.42,0.42
6/21/2017,22:30 EDT,SEA,1,0.95,1.01,ORL,1,1.04,1.04,0,-0.09,-0.03,0,1.31,1.37
6/21/2017,21:00 EDT,COL,1,1.52,1.53,LAG,3,1.69,1.69,-2,-0.17,-0.16,-2,1.16,1.56
6/21/2017,20:00 EDT,MIN,2,0.96,0.96,POR,1,1.68,1.68,1,-0.72,-0.72,1,0.77,1.95
6/21/2017,19:30 EDT,DCU,2,1.81,1.81,ATL,1,1.51,1.51,1,0.31,0.31,1,1.54,1.2
6/18/2017,17:00 EDT,PHI,0,0.46,0.46,NYRB,2,1.93,1.93,-2,-1.47,-1.47,-2,0.36,2.5
6/17/2017,23:00 EDT,LAG,2,1.99,1.99,HOU,2,1.3,1.32,0,0.69,0.67,0,1.97,0.78
6/17/2017,22:00 EDT,VAN,1,0.41,0.41,FCD,1,1.16,1.16,0,-0.75,-0.75,0,0.71,1.97
6/17/2017,22:00 EDT,RSL,1,2.75,2.84,MIN,0,0.27,0.27,1,2.49,2.57,1,2.81,0.12
6/17/2017,21:30 EDT,COL,2,1.22,1.23,POR,1,0.92,0.94,1,0.3,0.3,1,1.59,1.14
6/17/2017,21:00 EDT,SJE,0,0.21,0.21,SKC,0,1.59,1.59,0,-1.39,-1.39,0,0.33,2.47
6/17/2017,20:00 EDT,TOR,2,1.61,1.62,DCU,0,0.57,0.57,2,1.04,1.05,2,2.11,0.63
6/17/2017,19:30 EDT,ORL,3,1.58,1.61,MTL,3,1.25,1.36,0,0.33,0.25,0,1.57,1.17
6/17/2017,19:30 EDT,NER,1,3.39,3.58,CHI,2,1.4,1.42,-1,1.99,2.16,-1,2.55,0.33
6/17/2017,19:00 EDT,ATL,3,1.01,1.01,CLB,1,1.18,1.18,2,-0.18,-0.17,2,1.17,1.51
6/17/2017,13:00 EDT,NYC,2,2.34,2.43,SEA,1,1.17,1.18,1,1.16,1.26,1,2.2,0.59
6/10/2017,22:30 EDT,POR,2,1.91,1.91,FCD,0,1.02,1.02,2,0.89,0.89,2,2.07,0.69
6/10/2017,20:00 EDT,SKC,1,1.47,1.56,MTL,1,1.09,1.09,0,0.38,0.47,0,1.59,1.13
6/10/2017,16:00 EDT,CHI,2,2.21,2.3,ATL,0,0.92,0.92,2,1.28,1.37,2,2.3,0.52
6/4/2017,22:00 EDT,SEA,1,1.56,1.56,HOU,0,0.54,0.54,1,1.02,1.02,1,2.19,0.56
6/4/2017,19:30 EDT,ORL,0,0.15,0.15,CHI,0,1.38,1.43,0,-1.23,-1.28,0,0.35,2.4
6/3/2017,21:00 EDT,COL,2,1.73,1.75,CLB,1,1.44,1.49,1,0.29,0.27,1,1.69,1.06
6/3/2017,20:00 EDT,FCD,6,2.79,2.89,RSL,2,0.87,0.87,4,1.93,2.03,4,2.53,0.34
6/3/2017,19:30 EDT,NER,3,2.62,3.05,TOR,0,1.25,1.27,3,1.37,1.78,3,2.3,0.53
6/3/2017,19:30 EDT,MTL,1,0.76,0.76,NYRB,0,0.84,0.85,1,-0.08,-0.09,1,1.24,1.41
6/3/2017,19:00 EDT,DCU,0,1.51,1.51,LAG,0,1.25,1.25,0,0.26,0.26,0,1.54,1.18
6/3/2017,17:30 EDT,VAN,3,1.52,1.61,ATL,1,0.77,0.78,2,0.74,0.83,2,1.96,0.77
6/3/2017,17:00 EDT,SKC,3,3.07,3.28,MIN,0,0.37,0.38,3,2.69,2.9,3,2.85,0.09
6/3/2017,13:00 EDT,NYC,2,1.59,1.65,PHI,1,0.52,0.52,1,1.06,1.13,1,2.23,0.54
6/2/2017,23:00 EDT,POR,2,2.3,2.43,SJE,0,0.27,0.27,2,2.03,2.16,2,2.74,0.16
5/31/2017,20:30 EDT,HOU,4,2.61,2.61,RSL,1,1.06,1.06,3,1.55,1.56,4,2.4,0.44
5/31/2017,20:10 EDT,ORL,2,1.72,1.72,DCU,0,0.83,0.83,2,0.89,0.89,2,2.03,0.71
5/31/2017,19:30 EDT,NYC,2,1.88,1.88,NER,2,0.89,0.89,0,0.99,0.99,0,2.08,0.67
5/31/2017,19:30 EDT,CLB,3,1.39,1.49,SEA,0,0.3,0.3,3,1.09,1.19,3,2.29,0.46
5/28/2017,20:00 EDT,FCD,0,0.93,0.93,HOU,0,0.5,0.5,0,0.43,0.43,0,1.75,0.9
5/28/2017,17:00 EDT,ATL,3,0.95,0.95,NYC,1,1.33,1.35,2,-0.38,-0.4,2,1.05,1.63
5/27/2017,22:00 EDT,SJE,2,1.6,1.65,LAG,3,1.32,1.32,-1,0.28,0.33,-2,1.6,1.1
5/27/2017,20:00 EDT,MIN,1,1.11,1.11,ORL,0,1.4,1.41,1,-0.29,-0.3,1,1.26,1.45
5/27/2017,20:00 EDT,COL,1,0.41,0.41,SKC,0,1.12,1.14,1,-0.72,-0.73,1,0.72,1.94
5/27/2017,20:00 EDT,RSL,1,1.54,1.54,PHI,0,1.02,1.05,1,0.52,0.49,1,1.8,0.93
5/27/2017,19:30 EDT,NYRB,2,1.88,1.88,NER,1,1.67,1.67,1,0.21,0.2,1,1.5,1.25
5/27/2017,19:00 EDT,VAN,0,2.33,2.45,DCU,1,0.96,0.96,-1,1.36,1.48,-1,2.4,0.39
5/27/2017,15:00 EDT,SEA,1,0.81,0.84,POR,0,1.01,1.05,1,-0.2,-0.21,1,1.11,1.54
5/26/2017,19:00 EDT,TOR,5,1.84,1.84,CLB,0,0.5,0.5,5,1.34,1.34,5,2.45,0.38
5/25/2017,20:30 EDT,CHI,2,1.28,1.28,FCD,1,0.88,0.88,1,0.4,0.4,1,1.66,0.98
5/21/2017,19:00 EDT,ORL,0,1.06,1.06,NYC,3,2.64,2.68,-3,-1.58,-1.62,-3,0.29,2.56
5/21/2017,17:00 EDT,MIN,1,1.84,1.84,LAG,1,0.38,0.38,0,1.46,1.46,-1,2.43,0.37
5/21/2017,14:30 EDT,NER,2,1.06,1.06,CLB,1,0.97,0.97,1,0.09,0.08,1,1.49,1.21
5/20/2017,20:00 EDT,FCD,0,1.25,1.25,SJE,1,1.14,1.15,-1,0.11,0.1,-1,1.43,1.27
5/20/2017,19:55 EDT,ATL,4,1.65,1.65,HOU,1,1.38,1.4,3,0.27,0.25,3,1.53,1.15
5/20/2017,19:00 EDT,PHI,2,1.34,1.39,COL,1,0.17,0.17,1,1.18,1.23,1,2.56,0.26
5/20/2017,19:00 EDT,VAN,2,1.95,1.95,SKC,0,0.77,0.77,2,1.18,1.18,2,2.36,0.46
5/20/2017,17:00 EDT,SEA,1,2.58,2.58,RSL,0,0.66,0.66,1,1.92,1.92,1,2.69,0.2
5/20/2017,16:00 EDT,DCU,0,0.67,0.67,CHI,1,1.86,1.86,-1,-1.19,-1.19,-1,0.57,2.2
5/20/2017,15:00 EDT,MTL,4,1.46,1.46,POR,1,1.06,1.07,3,0.4,0.39,3,1.69,1
5/19/2017,19:30 EDT,NYRB,1,1.01,1.01,TOR,1,2.03,2.12,0,-1.02,-1.11,0,0.58,2.23
5/17/2017,22:30 EDT,SJE,1,0.87,0.89,ORL,1,1.2,1.21,0,-0.33,-0.31,0,1.08,1.63
5/17/2017,21:00 EDT,RSL,2,1.19,1.21,NYC,1,1.01,1.02,1,0.18,0.19,1,1.5,1.22
5/17/2017,20:30 EDT,SKC,3,1.3,1.33,SEA,0,1.24,1.42,3,0.06,-0.1,3,1.47,1.2
5/17/2017,20:30 EDT,CHI,3,0.85,0.85,COL,0,1.04,1.08,3,-0.19,-0.22,3,1.07,1.54
5/17/2017,19:30 EDT,PHI,2,1.29,1.3,HOU,0,0.94,0.94,2,0.35,0.36,2,1.68,1.03
5/14/2017,20:00 EDT,FCD,1,1.1,1.11,NYC,1,1.38,1.44,0,-0.28,-0.33,0,1.15,1.56
5/14/2017,18:00 EDT,NYRB,1,1.37,1.37,LAG,3,1.44,1.45,-2,-0.07,-0.08,-2,1.28,1.43
5/14/2017,16:00 EDT,POR,1,0.81,0.82,ATL,1,0.56,0.56,0,0.25,0.26,0,1.58,1.04
5/13/2017,21:00 EDT,CHI,4,2.49,2.49,SEA,1,0.93,0.94,3,1.56,1.55,3,2.47,0.39
5/13/2017,19:30 EDT,NER,4,2.19,2.19,RSL,0,0.56,0.56,4,1.63,1.63,4,2.54,0.31
5/13/2017,19:00 EDT,ORL,2,0.8,0.8,SKC,2,1.56,1.66,0,-0.76,-0.86,0,0.7,2.03
5/13/2017,19:00 EDT,DCU,0,0.51,0.51,PHI,4,2.18,2.2,-4,-1.68,-1.69,-4,0.35,2.5
5/13/2017,17:00 EDT,MTL,2,2.81,2.83,CLB,3,1.96,1.96,-1,0.84,0.87,-1,1.92,0.87
5/13/2017,16:00 EDT,COL,3,1.4,1.41,SJE,0,0.74,0.74,3,0.66,0.68,3,1.91,0.84
5/13/2017,15:00 EDT,TOR,2,2.6,2.66,MIN,2,2.24,2.38,0,0.35,0.28,1,1.63,1.14
5/12/2017,21:00 EDT,HOU,2,2.64,2.65,VAN,1,1.04,1.06,1,1.6,1.6,1,2.42,0.44
5/10/2017,19:30 EDT,CLB,1,1.64,1.66,TOR,2,1.74,1.74,-1,-0.1,-0.08,-1,1.32,1.38
5/7/2017,16:00 EDT,NYC,3,3.06,3.21,ATL,1,0.49,0.49,2,2.57,2.71,2,2.76,0.16
5/7/2017,13:30 EDT,MIN,2,0.83,0.83,SKC,0,1.37,1.38,2,-0.54,-0.55,2,0.95,1.76
5/6/2017,22:30 EDT,LAG,2,1.82,1.89,CHI,2,1.48,1.49,0,0.33,0.41,0,1.62,1.11
5/6/2017,22:30 EDT,SJE,3,1.57,1.94,POR,0,0.76,0.76,3,0.81,1.18,3,2.01,0.74
5/6/2017,21:30 EDT,RSL,0,1.14,1.14,FCD,3,2.48,2.54,-3,-1.34,-1.39,-3,0.5,2.32
5/6/2017,20:30 EDT,HOU,4,2.2,2.2,ORL,0,0.56,0.56,4,1.65,1.65,4,2.57,0.29
5/6/2017,19:30 EDT,CLB,2,0.86,0.86,NER,0,2.09,2.14,2,-1.23,-1.28,2,0.52,2.29
5/6/2017,19:00 EDT,PHI,3,2.17,2.17,NYRB,0,2,2.01,3,0.16,0.15,3,1.53,1.18
5/6/2017,18:00 EDT,DCU,0,0.99,1,MTL,1,0.76,0.76,-1,0.23,0.23,-1,1.54,1.11
5/6/2017,15:00 EDT,SEA,0,0.79,0.79,TOR,1,1.67,1.67,-1,-0.88,-0.88,-1,0.57,2.17
5/5/2017,22:00 EDT,COL,0,0.56,0.56,VAN,1,0.66,0.67,-1,-0.1,-0.11,-1,1.19,1.39
5/3/2017,20:30 EDT,SKC,2,1.77,1.81,NYRB,0,0.34,0.34,2,1.43,1.47,2,2.48,0.33
5/3/2017,19:30 EDT,TOR,2,0.59,0.59,ORL,1,1.03,1.04,1,-0.44,-0.45,1,0.87,1.81
4/30/2017,15:00 EDT,ATL,1,2.76,2.83,DCU,2,0.95,0.95,-1,1.81,1.89,-2,2.47,0.38
4/29/2017,22:30 EDT,LAG,0,0.89,0.89,PHI,0,0.65,0.65,0,0.24,0.24,0,1.53,1.1
4/29/2017,22:00 EDT,SEA,3,2.54,2.54,NER,3,1.74,1.74,0,0.8,0.81,0,1.9,0.9
4/29/2017,20:30 EDT,SKC,3,1.52,1.52,RSL,0,0.59,0.59,3,0.93,0.93,3,2.22,0.54
4/29/2017,20:00 EDT,MIN,0,0.55,0.55,SJE,1,1.87,1.9,-1,-1.32,-1.36,-1,0.36,2.46
4/29/2017,20:00 EDT,FCD,2,1.41,1.42,POR,2,0.49,0.49,0,0.92,0.93,0,2.14,0.59
4/29/2017,19:30 EDT,NYRB,2,0.86,0.86,CHI,1,1.7,1.76,1,-0.85,-0.89,1,0.69,2.07
4/29/2017,19:30 EDT,CLB,2,1.02,1.02,NYC,3,2.01,2.01,-1,-1,-1,-1,0.65,2.13
4/29/2017,15:55 EDT,ORL,2,2.02,2.15,COL,0,0.11,0.11,2,1.9,2.04,2,2.83,0.1
4/29/2017,15:00 EDT,MTL,1,0.8,0.8,VAN,2,1.37,1.37,-1,-0.57,-0.57,-1,0.87,1.87
4/28/2017,19:30 EDT,TOR,2,0.98,0.98,HOU,0,1.24,1.25,2,-0.26,-0.27,2,1.16,1.52
4/23/2017,18:00 EDT,MIN,1,0.9,0.91,COL,0,1.05,1.07,1,-0.15,-0.16,1,1.27,1.39
4/23/2017,16:00 EDT,LAG,0,0.9,0.9,SEA,2,1.66,1.67,-2,-0.76,-0.77,-3,0.82,1.9
4/23/2017,13:30 EDT,NYC,1,0.69,0.69,ORL,2,0.75,0.75,-1,-0.06,-0.06,-1,1.21,1.41
4/22/2017,21:30 EDT,RSL,1,0.42,0.42,ATL,3,1.68,1.89,-2,-1.26,-1.47,-2,0.39,2.39
4/22/2017,20:00 EDT,FCD,1,1.51,1.51,SKC,0,0.64,0.65,1,0.87,0.86,1,2.07,0.67
4/22/2017,19:30 EDT,NYRB,2,3.41,3.5,CLB,0,0.89,0.89,2,2.53,2.61,2,2.8,0.13
4/22/2017,19:30 EDT,NER,2,1.67,1.73,DCU,2,1.01,1.01,0,0.66,0.71,0,1.91,0.83
4/22/2017,16:00 EDT,POR,2,1.09,1.12,VAN,1,2.55,2.55,1,-1.46,-1.43,1,0.38,2.45
4/22/2017,15:55 EDT,HOU,2,2.01,2.01,SJE,0,0.61,0.61,2,1.4,1.4,2,2.5,0.35
4/22/2017,13:00 EDT,PHI,3,2.99,3.11,MTL,3,1.63,1.66,0,1.36,1.45,0,2.29,0.55
4/21/2017,19:30 EDT,TOR,3,0.8,0.8,CHI,1,0.69,0.69,2,0.12,0.12,2,1.42,1.22
4/19/2017,19:30 EDT,NER,0,1.33,1.33,SJE,0,1.36,1.36,0,-0.03,-0.03,0,1.36,1.36
4/15/2017,22:30 EDT,POR,0,0.81,0.81,SKC,1,0.92,0.92,-1,-0.11,-0.11,-1,1.23,1.46
4/15/2017,21:00 EDT,COL,1,1,1,RSL,2,1.38,1.76,-1,-0.39,-0.76,-1,0.94,1.76
4/15/2017,20:30 EDT,HOU,2,1.75,1.76,MIN,2,1.38,1.38,0,0.37,0.38,0,1.58,1.18
4/15/2017,20:00 EDT,CLB,2,1.43,1.43,TOR,1,1.33,1.34,1,0.1,0.09,1,1.45,1.27
4/15/2017,19:30 EDT,NYRB,2,1.52,1.52,DCU,0,0.84,0.84,2,0.67,0.67,2,1.91,0.85
4/15/2017,17:00 EDT,CHI,3,1.25,1.34,NER,0,0.26,0.26,3,1,1.08,3,2.21,0.5
4/15/2017,14:30 EDT,ORL,2,1.74,1.74,LAG,1,2.02,2.04,1,-0.28,-0.3,1,1.16,1.58
4/15/2017,13:00 EDT,MTL,2,2.65,2.65,ATL,1,0.35,0.35,1,2.3,2.3,1,2.83,0.1
4/14/2017,23:00 EDT,SJE,1,1.53,1.59,FCD,1,1.28,1.28,0,0.24,0.3,0,1.53,1.22
4/14/2017,22:00 EDT,VAN,2,1.19,1.22,SEA,1,1.34,1.39,1,-0.15,-0.17,1,1.33,1.38
4/14/2017,19:00 EDT,PHI,0,1.08,1.15,NYC,2,1.72,1.82,-2,-0.63,-0.67,-2,0.95,1.79
4/9/2017,19:00 EDT,SKC,3,1.09,1.12,COL,1,1.34,1.34,2,-0.25,-0.22,2,1.16,1.53
4/9/2017,16:00 EDT,ORL,1,1.35,1.35,NYRB,0,1.28,1.34,1,0.07,0.01,1,1.46,1.25
4/8/2017,22:30 EDT,SJE,1,1.76,1.76,SEA,1,1.32,1.34,0,0.43,0.42,0,1.71,1.04
4/8/2017,21:30 EDT,RSL,3,2.52,2.55,VAN,0,0.72,0.72,3,1.8,1.83,3,2.56,0.31
4/8/2017,20:00 EDT,FCD,2,1.65,1.68,MIN,0,0.8,0.8,2,0.86,0.88,2,1.98,0.78
4/8/2017,19:30 EDT,TOR,2,2.37,2.37,ATL,2,1.15,1.17,0,1.22,1.2,0,2.22,0.58
4/8/2017,19:00 EDT,PHI,1,0.77,0.77,POR,3,1.91,1.91,-2,-1.14,-1.14,-2,0.5,2.29
4/8/2017,16:00 EDT,DCU,2,1.01,1.01,NYC,1,1.06,1.07,1,-0.06,-0.06,1,1.27,1.43
4/8/2017,14:00 EDT,CHI,1,0.82,0.82,CLB,0,0.94,0.94,1,-0.12,-0.12,1,1.18,1.48
4/8/2017,14:00 EDT,NER,2,1.02,1.05,HOU,0,0.17,0.17,2,0.85,0.87,2,2.16,0.51
4/7/2017,22:30 EDT,LAG,2,1.18,1.19,MTL,0,0.6,0.6,2,0.58,0.59,2,1.92,0.78
4/2/2017,21:00 EDT,POR,1,1.17,1.18,NER,1,1.21,1.3,0,-0.03,-0.12,0,1.28,1.45
4/1/2017,22:00 EDT,VAN,4,2.69,2.78,LAG,2,0.97,0.97,2,1.73,1.81,2,2.5,0.37
4/1/2017,20:30 EDT,HOU,4,1.61,1.61,NYRB,1,1.25,1.25,3,0.36,0.36,3,1.69,1.04
4/1/2017,20:00 EDT,MIN,4,3.36,3.36,RSL,2,1.43,1.43,2,1.92,1.92,2,2.53,0.34
4/1/2017,19:00 EDT,DCU,2,1.33,1.33,PHI,1,1.67,1.73,1,-0.34,-0.41,1,1.06,1.58
4/1/2017,16:00 EDT,CLB,2,0.52,0.52,ORL,0,0.4,0.4,2,0.13,0.13,2,1.44,1.09
4/1/2017,15:00 EDT,CHI,2,1.45,1.45,MTL,2,0.63,0.63,0,0.82,0.82,0,2.08,0.67
4/1/2017,14:00 EDT,NYC,2,0.94,0.96,SJE,1,0.93,0.93,1,0.01,0.03,1,1.28,1.4
3/31/2017,22:00 EDT,SEA,0,1.3,1.3,ATL,0,0.87,0.88,0,0.43,0.43,0,1.74,0.98
3/31/2017,19:30 EDT,TOR,0,0.86,0.86,SKC,0,1.03,1.04,0,-0.17,-0.18,0,1.18,1.48
3/25/2017,19:30 EDT,CLB,3,1.96,2.2,POR,2,0.77,0.77,1,1.2,1.43,1,2.23,0.57
3/25/2017,16:00 EDT,NYRB,0,2.02,2.03,RSL,0,1.08,1.13,0,0.94,0.89,0,2.07,0.71
3/25/2017,14:00 EDT,NER,5,3.85,3.86,MIN,2,1.01,1.03,3,2.84,2.83,3,2.83,0.11
3/19/2017,19:00 EDT,SEA,3,2.54,2.54,NYRB,1,0.46,0.46,2,2.08,2.08,2,2.74,0.17
3/18/2017,22:30 EDT,POR,4,3.18,3.25,HOU,2,2.04,2.1,2,1.13,1.15,2,2.12,0.7
3/18/2017,21:30 EDT,RSL,1,0.74,0.74,LAG,2,0.99,0.99,-1,-0.25,-0.25,-1,1.07,1.55
3/18/2017,21:00 EDT,COL,2,1.28,1.28,MIN,2,1.38,1.38,0,-0.1,-0.1,0,1.17,1.53
3/18/2017,20:30 EDT,SKC,1,1.17,1.17,SJE,1,0.76,0.76,0,0.41,0.41,1,1.64,1.03
3/18/2017,20:00 EDT,FCD,2,0.93,0.93,NER,1,0.98,0.98,1,-0.05,-0.05,1,1.19,1.42
3/18/2017,19:30 EDT,ORL,2,1.45,1.45,PHI,1,1.32,1.32,1,0.14,0.13,1,1.53,1.17
3/18/2017,19:00 EDT,DCU,0,1.15,1.15,CLB,2,2.17,2.25,-2,-1.02,-1.1,-2,0.59,2.19
3/18/2017,16:00 EDT,VAN,0,0.38,0.38,TOR,2,0.95,0.95,-2,-0.57,-0.57,-2,0.8,1.84
3/18/2017,16:00 EDT,ATL,3,1.67,1.67,CHI,0,0.57,0.57,3,1.1,1.1,4,2.3,0.47
3/18/2017,14:00 EDT,NYC,1,2.43,2.52,MTL,1,0.8,0.8,0,1.64,1.72,0,2.45,0.4
3/12/2017,19:00 EDT,LAG,0,0.91,0.94,POR,1,2.32,2.32,-1,-1.41,-1.38,-1,0.41,2.42
3/12/2017,17:00 EDT,MIN,1,2.5,2.66,ATL,6,2.4,2.4,-5,0.1,0.25,-5,1.5,1.28
3/12/2017,14:00 EDT,NYC,4,1.25,1.28,DCU,0,1.08,1.08,4,0.17,0.2,4,1.48,1.26
3/11/2017,22:00 EST,SJE,3,2.19,2.21,VAN,2,0.43,0.43,1,1.76,1.79,1,2.56,0.29
3/11/2017,21:00 EST,SKC,0,1.28,1.28,FCD,0,0.71,0.71,0,0.57,0.57,0,1.87,0.82
3/11/2017,20:30 EST,HOU,3,0.99,1,CLB,1,1.81,1.81,2,-0.81,-0.81,2,0.75,2.02
3/11/2017,19:00 EST,MTL,2,1.47,1.47,SEA,2,2.2,2.2,0,-0.72,-0.72,0,0.81,1.93
3/11/2017,16:30 EST,PHI,2,1.96,1.96,TOR,2,1.61,1.61,0,0.35,0.35,0,1.64,1.06
3/11/2017,16:00 EST,NYRB,0,1.4,1.41,COL,0,0.22,0.22,0,1.18,1.19,1,2.37,0.38
3/11/2017,14:00 EST,CHI,2,0.78,0.78,RSL,0,1.31,1.31,2,-0.53,-0.53,2,0.88,1.83
3/5/2017,21:30 EST,VAN,0,0.72,0.75,PHI,0,0.51,0.51,0,0.2,0.24,0,1.47,1.13
3/5/2017,19:30 EST,ATL,1,1.13,1.13,NYRB,1,0.99,1.01,0,0.14,0.12,-1,1.34,1.35
3/5/2017,17:00 EST,ORL,1,0.61,0.61,NYC,0,1.25,1.25,1,-0.63,-0.63,1,0.81,1.89
3/4/2017,22:00 EST,SJE,1,1.82,1.82,MTL,0,0.14,0.14,1,1.68,1.68,1,2.64,0.22
3/4/2017,20:30 EST,HOU,2,1.27,1.29,SEA,1,0.8,0.8,1,0.46,0.48,1,1.76,0.94
3/4/2017,19:00 EST,DCU,0,1.56,1.56,SKC,0,0.93,0.93,0,0.62,0.63,0,2.02,0.7
3/4/2017,18:00 EST,COL,1,0.87,0.88,NER,0,0.4,0.4,1,0.47,0.48,1,1.74,0.87
3/4/2017,16:30 EST,RSL,0,1.74,1.74,TOR,0,1.42,1.42,0,0.32,0.33,0,1.55,1.17
3/4/2017,16:00 EST,LAG,1,1.74,1.74,FCD,2,0.54,0.54,-1,1.2,1.2,-1,2.43,0.37
3/4/2017,14:00 EST,CLB,1,1.31,1.31,CHI,1,1.14,1.17,0,0.17,0.14,0,1.54,1.16
3/3/2017,21:30 EST,POR,5,2.75,2.75,MIN,1,0.67,0.67,4,2.08,2.08,4,2.75,0.17
10/23/2016,16:00 EDT,SEA,2,1.81,1.87,RSL,1,0.55,0.55,1,1.27,1.32,1,2.4,0.4
10/23/2016,16:00 EDT,TOR,3,2.37,2.38,CHI,2,0.82,0.82,1,1.55,1.56,1,2.42,0.41
10/23/2016,16:00 EDT,SKC,2,1.34,1.34,SJE,0,1.01,1.03,2,0.33,0.31,2,1.67,0.99
10/23/2016,16:00 EDT,NYC,4,1.43,1.43,CLB,1,1.05,1.06,3,0.37,0.37,3,1.69,1.04
10/23/2016,16:00 EDT,LAG,0,0.71,0.71,FCD,0,1.1,1.13,0,-0.39,-0.42,0,1.03,1.67
10/23/2016,16:00 EDT,NER,3,1.89,2,MTL,0,0.44,0.44,3,1.46,1.56,3,2.45,0.38
10/23/2016,16:00 EDT,PHI,0,0.78,0.79,NYRB,2,1.52,1.52,-2,-0.74,-0.73,-2,0.68,2.09
10/23/2016,16:00 EDT,COL,1,1.58,1.58,HOU,1,1.4,1.42,0,0.18,0.16,0,1.44,1.27
10/23/2016,16:00 EDT,ORL,4,2.24,2.32,DCU,2,0.94,0.94,2,1.3,1.38,2,2.33,0.49
10/23/2016,16:00 EDT,VAN,4,1.83,1.84,POR,1,2.25,2.51,3,-0.42,-0.67,3,1.13,1.65
10/16/2016,17:00 EDT,RSL,0,1.72,1.72,SKC,0,0.87,0.87,0,0.85,0.84,0,2.05,0.72
10/16/2016,17:00 EDT,SJE,0,1.27,1.27,VAN,0,0.89,0.92,0,0.38,0.35,0,1.6,1.12
10/16/2016,17:00 EDT,POR,1,2.85,2.88,COL,0,0.58,0.58,1,2.27,2.3,1,2.82,0.11
10/16/2016,17:00 EDT,HOU,0,0.57,0.57,LAG,1,1.47,1.51,-1,-0.9,-0.95,-1,0.61,2.15
10/16/2016,17:00 EDT,FCD,2,1.95,2.17,SEA,1,0.26,0.26,1,1.69,1.91,1,2.62,0.23
10/16/2016,15:00 EDT,MTL,2,1.57,1.58,TOR,2,2.15,2.16,0,-0.58,-0.58,0,0.91,1.84
10/16/2016,15:00 EDT,DCU,3,1.79,1.8,NYC,1,1.5,1.5,2,0.29,0.29,2,1.51,1.21
10/16/2016,15:00 EDT,PHI,0,1.1,1.1,ORL,2,1.84,1.85,-2,-0.74,-0.75,-2,0.83,1.92
10/16/2016,15:00 EDT,NYRB,3,3.22,3.25,CLB,2,1.02,1.02,1,2.2,2.23,1,2.65,0.26
10/16/2016,15:00 EDT,CHI,2,2.78,2.78,NER,1,1.72,1.89,1,1.06,0.89,1,2.11,0.7
10/13/2016,21:00 EDT,COL,2,1.73,1.75,SJE,1,1.87,2.18,1,-0.14,-0.44,1,1.23,1.51
10/13/2016,20:30 EDT,CHI,1,1.12,1.13,CLB,2,1.38,1.38,-1,-0.26,-0.25,0,1.21,1.51
10/12/2016,22:30 EDT,SEA,0,1.53,1.53,HOU,0,0.45,0.45,0,1.08,1.08,0,2.21,0.58
10/8/2016,20:30 EDT,HOU,2,0.49,0.49,COL,3,0.94,0.94,-1,-0.45,-0.45,-1,0.83,1.82
10/2/2016,20:00 EDT,VAN,1,2.09,2.1,SEA,2,1.57,1.57,-1,0.52,0.53,-1,1.78,0.95
10/2/2016,13:00 EDT,ORL,0,1.53,1.53,MTL,1,0.58,0.58,-1,0.95,0.95,-1,2.14,0.61
10/1/2016,22:30 EDT,SJE,2,1.32,1.32,RSL,1,1.41,1.61,1,-0.09,-0.28,1,1.24,1.46
10/1/2016,21:00 EDT,FCD,1,1.06,1.06,LAG,0,0.74,0.75,1,0.32,0.31,1,1.59,1.06
10/1/2016,21:00 EDT,COL,1,0.59,0.59,POR,0,0.26,0.26,1,0.33,0.33,1,1.59,0.9
10/1/2016,19:30 EDT,NER,2,2.22,2.23,SKC,1,1.45,1.45,1,0.77,0.78,2,1.94,0.84
10/1/2016,19:30 EDT,CLB,3,1.25,1.27,CHI,0,0.51,0.54,3,0.75,0.73,3,2.04,0.66
10/1/2016,19:30 EDT,TOR,1,2.4,2.4,DCU,2,1.23,1.36,-1,1.17,1.04,-1,2.15,0.64
10/1/2016,19:00 EDT,NYRB,3,1.36,1.36,PHI,2,0.75,0.75,1,0.61,0.61,1,1.84,0.87
9/30/2016,20:00 EDT,HOU,0,0.87,0.87,NYC,2,1.06,1.06,-2,-0.2,-0.19,-2,1.18,1.51
9/28/2016,22:30 EDT,SEA,1,1.24,1.24,CHI,0,0.96,0.97,1,0.28,0.27,1,1.55,1.14
9/28/2016,19:30 EDT,DCU,3,1.61,1.61,CLB,0,0.65,0.65,3,0.96,0.97,3,2.08,0.66
9/28/2016,19:30 EDT,TOR,0,1.14,1.17,ORL,0,0.55,0.56,0,0.6,0.61,0,1.84,0.83
9/28/2016,19:30 EDT,MTL,3,1.63,1.64,SJE,1,2.14,2.15,2,-0.51,-0.5,2,1,1.77
9/25/2016,19:00 EDT,CLB,2,2.71,2.91,NER,0,0.48,0.48,2,2.23,2.43,2,2.74,0.17
9/25/2016,16:00 EDT,LAG,2,2.63,2.63,SEA,3,1.55,1.72,-1,1.08,0.91,-2,2.16,0.65
9/24/2016,22:30 EDT,SJE,1,2.07,2.08,SKC,2,1.19,1.19,-1,0.88,0.89,-1,2.12,0.64
9/24/2016,21:30 EDT,RSL,0,0.57,0.57,FCD,0,0.69,0.69,0,-0.12,-0.12,0,1.1,1.5
9/24/2016,21:00 EDT,HOU,3,3.19,3.29,POR,1,0.68,0.69,2,2.51,2.6,2,2.77,0.16
9/24/2016,19:00 EDT,DCU,4,1.7,1.71,ORL,1,1.23,1.23,3,0.47,0.48,3,1.74,0.98
9/24/2016,19:00 EDT,VAN,3,1.72,1.72,COL,3,1.23,1.23,0,0.49,0.49,0,1.73,0.98
9/24/2016,19:00 EDT,NYRB,1,1.17,1.18,MTL,0,0.54,0.54,1,0.63,0.64,1,1.92,0.76
9/24/2016,17:00 EDT,TOR,1,0.98,1.13,PHI,1,0.76,0.76,0,0.21,0.37,0,1.48,1.18
9/23/2016,20:00 EDT,NYC,4,2.54,2.61,CHI,1,1.64,1.64,3,0.9,0.97,3,2.03,0.78
9/18/2016,17:00 EDT,TOR,3,1.16,1.16,NYRB,2,1.86,1.86,1,-0.7,-0.7,0,0.79,1.96
9/18/2016,14:00 EDT,SKC,2,2.7,2.73,LAG,2,0.49,0.49,0,2.22,2.24,0,2.73,0.17
9/17/2016,21:30 EDT,RSL,0,0.85,0.85,HOU,1,0.93,0.94,-1,-0.08,-0.09,-1,1.2,1.46
9/17/2016,21:00 EDT,COL,0,1.41,1.41,SJE,0,0.69,0.69,0,0.72,0.72,0,2.01,0.74
9/17/2016,19:30 EDT,MTL,1,3.46,3.56,NER,3,1.45,1.53,-2,2.02,2.03,-2,2.5,0.39
9/17/2016,19:30 EDT,ORL,1,1.43,1.44,CLB,3,2.45,2.49,-2,-1.03,-1.06,-3,0.77,2.05
9/17/2016,19:00 EDT,NYC,2,1.3,1.3,FCD,2,1.79,1.79,0,-0.5,-0.5,0,0.95,1.79
9/17/2016,18:00 EDT,POR,2,2.9,2.94,PHI,1,1.15,1.17,1,1.74,1.77,1,2.5,0.35
9/17/2016,16:00 EDT,SEA,1,1.34,1.35,VAN,0,0.59,0.59,1,0.75,0.75,1,1.95,0.75
9/16/2016,20:00 EDT,CHI,2,1.96,1.98,DCU,2,2.68,2.83,0,-0.72,-0.85,0,0.93,1.88
9/11/2016,19:00 EDT,LAG,4,3.66,3.78,ORL,2,1.04,1.09,2,2.61,2.68,2,2.81,0.14
9/11/2016,13:00 EDT,NYRB,2,2.18,2.18,DCU,2,2.16,2.27,0,0.02,-0.09,0,1.41,1.32
9/10/2016,22:30 EDT,POR,1,1.9,1.95,RSL,0,0.71,0.74,1,1.19,1.21,1,2.24,0.54
9/10/2016,22:30 EDT,SJE,1,1.15,1.16,SEA,1,0.94,0.94,0,0.21,0.21,0,1.48,1.2
9/10/2016,21:00 EDT,FCD,0,0.99,0.99,COL,1,0.42,0.42,-1,0.57,0.57,-1,1.84,0.81
9/10/2016,20:30 EDT,CHI,1,1.42,1.42,TOR,2,1.06,1.06,-1,0.36,0.36,-1,1.67,1.03
9/10/2016,20:00 EDT,NER,3,3.44,3.46,NYC,1,1.19,1.19,2,2.25,2.27,2,2.64,0.26
9/10/2016,19:30 EDT,CLB,1,1.17,1.17,VAN,2,1.11,1.18,-1,0.06,-0.01,-2,1.42,1.33
9/10/2016,19:00 EDT,PHI,1,0.52,0.52,MTL,1,1.88,1.89,0,-1.35,-1.37,0,0.42,2.4
9/9/2016,20:00 EDT,SKC,3,1.96,2.67,HOU,3,1.58,1.61,0,0.38,1.06,0,1.67,1.09
9/7/2016,21:30 EDT,RSL,3,2.28,2.41,LAG,3,1.64,1.78,0,0.64,0.63,0,1.83,0.94
9/7/2016,19:30 EDT,MTL,1,3.1,3.1,ORL,4,1.66,1.68,-3,1.44,1.42,-3,2.35,0.49
9/3/2016,22:30 EDT,LAG,2,1.04,1.04,CLB,1,2.78,2.79,1,-1.75,-1.75,1,0.31,2.57
9/3/2016,21:00 EDT,FCD,3,2.03,2.03,POR,1,0.66,0.66,2,1.37,1.37,2,2.4,0.42
9/3/2016,20:30 EDT,CHI,2,1.69,1.97,PHI,0,0.54,0.54,2,1.15,1.43,3,2.3,0.5
9/3/2016,19:30 EDT,NER,2,1.69,1.69,COL,0,1.16,1.17,2,0.54,0.53,2,1.81,0.93
9/3/2016,19:00 EDT,VAN,0,1.05,1.05,NYRB,1,1.61,1.61,-1,-0.56,-0.56,-1,0.97,1.77
9/1/2016,19:00 EDT,NYC,3,1.76,1.77,DCU,2,1.16,1.16,1,0.6,0.61,1,1.79,0.97
8/28/2016,19:00 EDT,ORL,2,2.34,2.49,NYC,1,0.71,0.72,1,1.63,1.77,1,2.62,0.26
8/28/2016,17:00 EDT,POR,4,2.9,3.19,SEA,2,1.01,1.02,2,1.9,2.17,2,2.52,0.36
8/28/2016,14:30 EDT,NYRB,1,1.73,1.81,NER,0,0.96,0.96,1,0.78,0.85,1,1.87,0.88
8/27/2016,22:30 EDT,LAG,0,0.6,0.6,VAN,0,0.55,0.55,0,0.05,0.05,0,1.35,1.22
8/27/2016,21:00 EDT,HOU,1,1.65,1.66,FCD,3,2.13,2.26,-2,-0.49,-0.6,-2,1.01,1.78
8/27/2016,19:30 EDT,TOR,0,0.93,0.94,MTL,1,0.48,0.48,-1,0.45,0.46,-1,1.67,0.97
8/27/2016,19:30 EDT,CLB,2,2.08,2.08,SJE,0,0.55,0.55,2,1.54,1.54,2,2.57,0.28
8/27/2016,19:00 EDT,DCU,6,3.37,3.39,CHI,2,1.18,1.22,4,2.19,2.17,4,2.61,0.28
8/27/2016,19:00 EDT,PHI,2,0.91,0.91,SKC,0,0.5,0.5,2,0.42,0.42,2,1.73,0.93
8/26/2016,20:00 EDT,RSL,2,3.05,3.05,COL,1,0.39,0.4,1,2.65,2.65,1,2.88,0.07
8/24/2016,22:30 EDT,SJE,0,0.42,0.42,NER,0,0.89,0.89,0,-0.47,-0.47,0,0.85,1.78
8/24/2016,21:00 EDT,HOU,1,1.26,1.26,SEA,1,0.87,0.88,0,0.39,0.38,0,1.54,1.13
8/24/2016,20:30 EDT,CHI,2,2.61,2.64,LAG,2,0.84,0.86,0,1.76,1.78,0,2.54,0.33
8/24/2016,19:30 EDT,MTL,1,1.64,1.66,DCU,1,1.56,1.56,0,0.08,0.1,0,1.39,1.33
8/24/2016,19:30 EDT,CLB,1,1.26,1.31,PHI,2,0.69,0.7,-1,0.57,0.62,-1,1.83,0.87
8/24/2016,19:30 EDT,ORL,1,0.78,0.78,TOR,2,2.04,2.06,-1,-1.26,-1.28,-1,0.51,2.28
8/21/2016,21:30 EDT,SEA,3,2.46,2.46,POR,1,1.76,1.76,2,0.7,0.7,2,1.82,0.95
8/21/2016,15:00 EDT,DCU,2,2.72,2.72,NYRB,2,1.18,1.18,0,1.54,1.54,0,2.47,0.38
8/20/2016,22:00 EDT,SKC,2,2.38,2.41,VAN,0,0.48,0.48,2,1.9,1.92,2,2.74,0.17
8/20/2016,22:00 EDT,RSL,1,0.56,0.56,FCD,0,0.62,0.62,1,-0.06,-0.06,1,1.24,1.33
8/20/2016,21:00 EDT,COL,0,0.86,0.86,ORL,0,0.25,0.25,0,0.61,0.61,0,1.86,0.74
8/20/2016,19:30 EDT,MTL,0,0.83,0.83,CHI,3,1.68,1.8,-3,-0.85,-0.98,-3,0.75,2.02
8/20/2016,19:30 EDT,NER,0,2.44,3.02,CLB,2,2.04,2.64,-2,0.4,0.39,-2,1.58,1.19
8/20/2016,19:00 EDT,PHI,1,1.32,1.32,TOR,3,0.95,0.95,-2,0.37,0.37,-2,1.7,0.99
8/20/2016,15:30 EDT,NYC,1,1.91,2.1,LAG,0,1.11,1.11,1,0.8,1,1,1.95,0.77
8/19/2016,23:00 EDT,SJE,1,1.98,2.05,HOU,2,0.78,0.78,-1,1.2,1.27,-1,2.2,0.58
8/14/2016,21:15 EDT,HOU,1,0.99,0.99,TOR,1,1.01,1.01,0,-0.01,-0.02,0,1.37,1.34
8/14/2016,19:00 EDT,SEA,2,2.99,2.99,RSL,1,0.88,0.88,1,2.11,2.11,1,2.58,0.3
8/14/2016,16:00 EDT,CHI,2,1.26,1.26,ORL,2,2.44,2.63,0,-1.18,-1.37,0,0.67,2.16
8/13/2016,22:30 EDT,LAG,1,2.86,2.97,COL,1,0.55,0.55,0,2.31,2.43,0,2.78,0.15
8/13/2016,21:00 EDT,FCD,2,2.07,2.1,SKC,2,0.82,0.84,0,1.25,1.26,0,2.24,0.56
8/13/2016,20:15 EDT,CLB,3,2.1,2.23,NYC,3,2.31,2.38,0,-0.21,-0.14,0,1.14,1.59
8/13/2016,20:00 EDT,DCU,2,2.02,2.03,POR,0,0.73,0.73,2,1.28,1.3,2,2.31,0.52
8/13/2016,19:30 EDT,NER,0,0.99,0.99,PHI,4,1.58,1.59,-4,-0.59,-0.6,-4,0.76,1.99
8/13/2016,19:00 EDT,NYRB,3,1.59,1.59,MTL,1,1.01,1.01,2,0.58,0.58,2,1.8,0.94
8/12/2016,23:00 EDT,VAN,1,1.26,1.27,SJE,2,0.96,0.96,-1,0.3,0.31,-1,1.61,1.13
8/7/2016,21:30 EDT,LAG,2,1.79,1.79,NYRB,2,1.12,1.12,0,0.67,0.66,0,1.89,0.86
8/7/2016,19:00 EDT,ORL,1,1.18,1.24,SEA,3,2.37,2.37,-2,-1.19,-1.13,-2,0.64,2.17
8/7/2016,16:00 EDT,POR,3,0.67,0.68,SKC,0,0.77,0.78,3,-0.1,-0.11,3,1.22,1.43
8/6/2016,22:00 EDT,RSL,3,1.85,1.86,CHI,1,0.93,0.97,2,0.92,0.89,2,2.04,0.72
8/6/2016,21:00 EDT,COL,2,2.09,2.09,VAN,0,0.3,0.3,2,1.78,1.79,2,2.62,0.25
8/6/2016,19:30 EDT,TOR,4,1.49,1.49,NER,1,0.73,0.73,3,0.76,0.76,3,2.06,0.67
8/6/2016,19:30 EDT,MTL,1,1.65,1.67,HOU,0,0.9,0.9,1,0.75,0.77,1,1.95,0.8
8/6/2016,19:00 EDT,DCU,2,1.95,1.96,PHI,2,1.38,1.38,0,0.57,0.58,0,1.73,1.03
8/5/2016,23:00 EDT,SJE,0,1.42,1.42,NYC,0,0.71,0.71,0,0.71,0.71,0,1.9,0.83
8/3/2016,19:00 EDT,TOR,1,1.32,1.36,RSL,0,1.42,1.43,1,-0.1,-0.07,1,1.31,1.4
7/31/2016,21:00 EDT,HOU,1,1,1,SJE,1,1.55,1.56,0,-0.55,-0.55,0,0.97,1.79
7/31/2016,19:30 EDT,TOR,3,1.6,2,CLB,0,1.02,1.02,3,0.58,0.98,3,1.78,0.95
7/31/2016,19:30 EDT,ORL,3,1.61,1.62,NER,1,0.74,0.74,2,0.87,0.88,2,2.01,0.73
7/31/2016,19:00 EDT,CHI,2,0.54,0.54,NYRB,1,0.69,0.7,1,-0.15,-0.16,0,1.18,1.43
7/31/2016,19:00 EDT,PHI,1,1.45,1.47,RSL,2,0.89,0.89,-1,0.56,0.58,-1,1.85,0.86
7/31/2016,18:30 EDT,DCU,1,1.52,1.52,MTL,1,0.45,0.45,0,1.08,1.08,0,2.26,0.5
7/31/2016,18:00 EDT,FCD,2,1.55,1.57,VAN,0,0.14,0.14,2,1.42,1.44,2,2.57,0.24
7/31/2016,16:00 EDT,SEA,1,2.97,3.03,LAG,1,1.34,1.34,0,1.63,1.69,0,2.43,0.4
7/31/2016,14:00 EDT,SKC,1,1.18,1.2,POR,0,0.88,0.88,1,0.29,0.32,1,1.6,1.08
7/30/2016,15:00 EDT,NYC,5,2.55,2.64,COL,1,0.41,0.41,4,2.14,2.22,4,2.77,0.14
7/24/2016,15:00 EDT,SKC,3,1.9,1.9,SEA,0,0.03,0.03,3,1.87,1.87,3,2.77,0.12
7/24/2016,13:00 EDT,NYRB,4,2.4,2.4,NYC,1,0.43,0.43,3,1.97,1.97,3,2.75,0.16
7/23/2016,21:30 EDT,HOU,0,1.02,1.02,VAN,0,0.32,0.32,0,0.69,0.7,0,1.92,0.74
7/23/2016,21:00 EDT,COL,1,1.51,1.54,FCD,1,0.49,0.49,0,1.02,1.05,0,2.25,0.53
7/23/2016,19:30 EDT,MTL,5,2.11,2.18,PHI,1,0.88,0.88,4,1.23,1.3,4,2.25,0.54
7/23/2016,19:30 EDT,CLB,2,2.55,2.55,ORL,2,2.14,2.15,0,0.41,0.4,0,1.62,1.18
7/23/2016,19:30 EDT,TOR,4,3.13,3.34,DCU,1,1.12,1.13,3,2.01,2.21,3,2.55,0.31
7/23/2016,19:30 EDT,NER,1,1.06,1.06,CHI,0,0.67,0.67,1,0.39,0.4,1,1.67,1
7/23/2016,15:30 EDT,POR,1,1.11,1.12,LAG,2,1.76,1.76,-1,-0.65,-0.64,-1,0.86,1.92
7/22/2016,23:00 EDT,RSL,1,1.41,1.41,SJE,1,0.65,0.65,0,0.76,0.76,0,1.95,0.77
7/17/2016,19:00 EDT,PHI,2,2.64,2.64,NYRB,2,0.86,0.86,0,1.78,1.78,0,2.58,0.29
7/17/2016,17:00 EDT,MTL,1,0.83,0.84,NYC,3,0.66,0.67,-2,0.17,0.18,-2,1.42,1.2
7/17/2016,15:00 EDT,POR,3,1.55,1.55,SEA,1,1.07,1.07,2,0.48,0.48,2,1.78,0.96
7/16/2016,22:30 EDT,SJE,2,0.67,0.67,TOR,1,1.55,1.55,1,-0.89,-0.89,1,0.67,2.09
7/16/2016,22:00 EDT,VAN,2,1.52,1.58,ORL,2,1.79,1.79,0,-0.27,-0.21,0,1.08,1.66
7/16/2016,22:00 EDT,RSL,0,1.11,1.12,NER,0,0.93,0.96,0,0.18,0.15,0,1.54,1.14
7/16/2016,21:00 EDT,COL,1,0.74,0.74,SKC,0,0.49,0.49,1,0.25,0.25,1,1.55,1.04
7/16/2016,21:00 EDT,FCD,3,1.53,1.53,CHI,1,0.24,0.24,2,1.29,1.29,2,2.43,0.35
7/16/2016,19:30 EDT,CLB,1,0.64,0.64,DCU,1,1.82,1.82,0,-1.18,-1.18,0,0.53,2.25
7/15/2016,23:00 EDT,LAG,1,1.68,1.75,HOU,0,0.64,0.64,1,1.03,1.1,1,2.21,0.56
7/13/2016,22:30 EDT,VAN,1,0.27,0.27,RSL,0,1.1,1.1,1,-0.83,-0.83,2,0.57,2.12
7/13/2016,22:30 EDT,POR,1,1.61,1.64,MTL,1,0.68,0.68,0,0.92,0.95,0,2.1,0.66
7/13/2016,22:30 EDT,SEA,5,1.99,2.35,FCD,0,0.17,0.17,5,1.82,2.18,5,2.71,0.18
7/13/2016,22:15 EDT,CHI,1,0.83,0.83,SKC,0,1.15,1.15,1,-0.32,-0.33,1,1.15,1.49
7/13/2016,19:30 EDT,NYRB,2,1.37,1.37,ORL,0,0.77,0.77,2,0.59,0.59,2,1.82,0.92
7/13/2016,19:00 EDT,CLB,1,0.6,0.6,TOR,1,1.01,1.01,0,-0.41,-0.41,0,0.91,1.77
7/10/2016,20:00 EDT,SKC,3,2.03,2.13,NYC,1,0.54,0.54,2,1.49,1.59,2,2.5,0.34
7/10/2016,18:00 EDT,NYRB,0,1.33,1.34,POR,0,0.64,0.64,0,0.69,0.69,0,1.95,0.78
7/9/2016,22:00 EDT,VAN,2,1.63,1.63,COL,2,1.36,1.36,0,0.27,0.27,0,1.59,1.14
7/9/2016,22:00 EDT,RSL,1,1.24,1.24,MTL,1,1.26,1.28,0,-0.02,-0.03,0,1.33,1.34
7/9/2016,19:30 EDT,TOR,1,1.51,1.51,CHI,0,0.63,0.63,1,0.89,0.89,1,2.02,0.73
7/9/2016,19:30 EDT,NER,2,1.68,1.92,CLB,1,1.88,1.88,1,-0.2,0.04,2,1.25,1.5
7/9/2016,19:00 EDT,PHI,3,2.93,2.93,DCU,0,0.49,0.49,3,2.44,2.44,3,2.83,0.11
7/9/2016,15:00 EDT,SEA,0,2.23,2.25,LAG,1,1.42,1.42,-1,0.81,0.84,-1,1.91,0.85
7/8/2016,22:30 EDT,SJE,0,1.2,1.21,FCD,1,1.27,1.28,-1,-0.07,-0.07,-1,1.26,1.48
7/8/2016,20:00 EDT,ORL,0,0.72,0.72,HOU,0,1.08,1.08,0,-0.36,-0.36,0,1.05,1.61
7/6/2016,19:30 EDT,NER,0,1.01,1.01,NYC,1,1.48,1.49,-1,-0.47,-0.48,-1,0.98,1.74
7/4/2016,22:30 EDT,LAG,2,0.42,0.42,VAN,0,1.03,1.03,2,-0.61,-0.61,2,0.81,1.84
7/4/2016,21:00 EDT,COL,0,1.13,1.13,POR,0,1.15,1.15,0,-0.01,-0.01,0,1.29,1.4
7/4/2016,21:00 EDT,FCD,4,2.47,2.47,ORL,0,0.07,0.07,4,2.4,2.4,4,2.84,0.09
7/3/2016,19:00 EDT,SKC,3,2.84,2.87,CLB,2,1.78,1.78,1,1.06,1.09,1,2.05,0.72
7/3/2016,12:30 EDT,NYC,2,1.3,1.3,NYRB,0,1,1.01,2,0.3,0.28,2,1.52,1.19
7/2/2016,21:00 EDT,HOU,1,1.26,1.27,PHI,0,0.96,0.96,1,0.3,0.31,1,1.58,1.1
7/2/2016,19:30 EDT,TOR,1,1.49,1.57,SEA,1,1.44,1.47,0,0.05,0.1,0,1.46,1.29
7/2/2016,17:30 EDT,MTL,3,1.66,1.66,NER,2,1.15,1.15,1,0.51,0.51,1,1.81,0.94
7/1/2016,22:30 EDT,RSL,1,2.69,2.9,DCU,1,0.8,0.8,0,1.89,2.1,0,2.59,0.29
7/1/2016,20:00 EDT,CHI,1,1.02,1.03,SJE,0,0.93,0.93,1,0.09,0.1,1,1.38,1.31
6/26/2016,18:00 EDT,POR,3,2.96,2.96,HOU,2,1.29,1.29,1,1.67,1.67,1,2.5,0.38
6/25/2016,22:00 EDT,SJE,1,2,2,LAG,1,0.66,0.66,0,1.34,1.35,0,2.34,0.47
6/25/2016,20:00 EDT,FCD,2,1.47,1.47,RSL,0,0.13,0.13,2,1.34,1.34,2,2.55,0.26
6/25/2016,19:30 EDT,CLB,1,1.27,1.27,NYRB,1,0.84,0.84,0,0.43,0.43,0,1.8,0.9
6/25/2016,19:30 EDT,ORL,3,1.85,1.85,TOR,2,1.58,1.58,1,0.27,0.27,1,1.59,1.16
6/25/2016,19:30 EDT,MTL,2,1.77,1.77,SKC,2,1.1,1.1,0,0.67,0.68,0,1.95,0.82
6/25/2016,19:00 EDT,DCU,2,1.72,1.72,NER,0,0.77,0.8,2,0.95,0.92,2,2.12,0.65
6/25/2016,19:00 EDT,PHI,2,2.92,3.03,VAN,3,0.94,0.94,-1,1.98,2.09,-1,2.64,0.24
6/25/2016,17:00 EDT,SEA,0,1.25,1.25,NYC,2,1.49,1.49,-2,-0.24,-0.24,-2,1.19,1.53
6/22/2016,22:30 EDT,LAG,0,1.18,1.19,COL,0,0.96,0.96,0,0.22,0.23,0,1.53,1.17
6/22/2016,22:00 EDT,RSL,2,0.53,0.53,NYRB,1,0.64,0.64,1,-0.11,-0.11,1,1.11,1.45
6/22/2016,19:00 EDT,PHI,3,1.89,1.99,CHI,3,1.08,1.08,0,0.81,0.9,1,2,0.78
6/19/2016,19:30 EDT,NYRB,2,1.35,1.35,SEA,0,1.06,1.06,2,0.29,0.3,2,1.66,1.05
6/19/2016,17:00 EDT,SKC,2,1.7,1.72,FCD,0,1.17,1.18,2,0.53,0.54,2,1.86,0.89
6/18/2016,22:00 EDT,RSL,2,1.88,1.88,POR,2,1.74,1.79,0,0.14,0.09,0,1.49,1.25
6/18/2016,21:44 EDT,HOU,0,1.28,1.3,DCU,0,0.53,0.53,0,0.75,0.77,0,1.98,0.74
6/18/2016,21:00 EDT,COL,2,0.92,0.92,CHI,1,0.63,0.63,1,0.29,0.29,1,1.6,1.05
6/18/2016,19:30 EDT,CLB,0,0.85,0.86,MTL,0,0.84,0.84,0,0.01,0.02,0,1.28,1.38
6/18/2016,19:30 EDT,TOR,1,0.74,0.74,LAG,0,0.52,0.52,1,0.22,0.22,1,1.5,1.13
6/18/2016,19:30 EDT,ORL,2,1.25,1.25,SJE,2,1.57,1.57,0,-0.32,-0.32,0,1.13,1.59
6/18/2016,19:00 EDT,VAN,1,1.07,1.07,NER,2,0.69,0.69,-1,0.38,0.38,-1,1.65,1
6/18/2016,13:00 EDT,NYC,3,1.75,1.8,PHI,1,1.24,1.24,2,0.5,0.56,1,1.7,1.01
6/2/2016,22:30 EDT,LAG,0,0.14,0.14,SKC,0,0.85,0.87,0,-0.71,-0.73,0,0.61,1.99
6/2/2016,21:00 EDT,FCD,1,1.12,1.13,HOU,1,0.92,1.02,0,0.2,0.11,0,1.59,1.09
6/2/2016,19:00 EDT,NYC,2,2.8,2.8,RSL,2,0.61,0.61,0,2.19,2.19,-1,2.73,0.19
6/1/2016,22:30 EDT,POR,1,0.11,0.11,SJE,0,1.14,1.15,1,-1.03,-1.04,1,0.37,2.36
6/1/2016,20:00 EDT,DCU,0,1.31,1.31,SEA,2,1.11,1.13,-2,0.2,0.18,-2,1.48,1.22
6/1/2016,19:00 EDT,PHI,3,0.84,0.84,CLB,2,1.33,1.36,1,-0.5,-0.52,1,0.87,1.86
5/29/2016,16:30 EDT,NYC,2,2.57,2.57,ORL,2,1.36,1.36,0,1.22,1.22,0,2.16,0.65
5/28/2016,22:30 EDT,SJE,0,0.41,0.41,FCD,0,0.41,0.41,0,0,0,0,1.24,1.27
5/28/2016,21:00 EDT,COL,1,0.8,0.82,PHI,1,0.47,0.47,0,0.33,0.35,0,1.62,1.01
5/28/2016,20:30 EDT,CHI,1,1.19,1.21,POR,1,0.62,0.62,0,0.57,0.58,0,1.91,0.79
5/28/2016,20:00 EDT,MTL,3,1.85,1.87,LAG,2,1.13,1.15,1,0.72,0.72,1,1.92,0.83
5/28/2016,19:30 EDT,CLB,3,4.73,4.88,RSL,3,2.24,2.24,0,2.49,2.63,1,2.63,0.28
5/28/2016,19:30 EDT,NER,2,1.83,1.83,SEA,1,1.01,1.01,1,0.82,0.82,1,2.05,0.72
5/28/2016,19:00 EDT,NYRB,3,0.6,0.6,TOR,0,2.2,2.2,3,-1.6,-1.6,3,0.33,2.52
5/28/2016,18:00 EDT,VAN,1,1.6,1.6,HOU,1,1.03,1.03,0,0.57,0.57,0,1.76,0.98
5/27/2016,21:30 EDT,SKC,0,0.84,0.84,DCU,1,0.32,0.33,-1,0.52,0.52,-1,1.8,0.79
5/25/2016,19:30 EDT,ORL,2,2.15,2.15,PHI,2,1.77,1.77,0,0.39,0.39,0,1.69,1.06
5/22/2016,19:00 EDT,LAG,0,0.89,0.9,SJE,1,0.98,0.98,-1,-0.09,-0.08,0,1.19,1.45
5/22/2016,16:30 EDT,POR,4,3.13,3.13,VAN,2,1.9,1.92,2,1.23,1.21,2,2.26,0.58
5/21/2016,22:00 EDT,SEA,0,0.95,0.95,COL,1,0.66,0.66,-1,0.29,0.29,-1,1.54,1.11
5/21/2016,20:30 EDT,SKC,1,0.96,0.96,RSL,2,1.48,1.48,-1,-0.52,-0.52,-2,0.82,1.9
5/21/2016,19:30 EDT,ORL,2,1.62,1.62,MTL,1,1.06,1.06,1,0.56,0.56,1,1.92,0.81
5/21/2016,19:30 EDT,NER,2,2.34,2.37,FCD,4,1.8,1.8,-2,0.54,0.58,-2,1.74,1
5/21/2016,17:00 EDT,TOR,0,0.71,0.71,CLB,0,0.72,0.73,0,-0.01,-0.02,0,1.32,1.33
5/21/2016,17:00 EDT,CHI,1,1.85,1.88,HOU,0,0.8,0.8,1,1.05,1.08,1,2.15,0.63
5/21/2016,15:00 EDT,NYC,0,0.76,0.78,NYRB,7,3.38,3.42,-7,-2.62,-2.64,-7,0.15,2.77
5/20/2016,19:00 EDT,PHI,1,0.8,0.8,DCU,0,1.08,1.12,1,-0.28,-0.32,1,1.08,1.58
5/18/2016,19:30 EDT,NYRB,1,0.39,0.39,CHI,0,0.77,0.77,1,-0.38,-0.38,1,0.91,1.7
5/18/2016,19:00 EDT,TOR,1,1.37,1.37,NYC,1,0.94,0.94,0,0.43,0.44,0,1.71,0.95
5/15/2016,19:30 EDT,POR,1,2.4,2.49,NYC,2,0.78,0.78,-1,1.63,1.71,-1,2.42,0.42
5/15/2016,15:30 EDT,SKC,2,3.3,3.36,ORL,0,0.39,0.39,2,2.91,2.96,1,2.86,0.09
5/15/2016,14:00 EDT,HOU,1,2.03,2.04,RSL,0,0.88,0.88,1,1.15,1.16,1,2.17,0.63
5/14/2016,21:00 EDT,FCD,2,1.44,1.5,SEA,0,0.95,0.95,2,0.49,0.55,2,1.81,0.89
5/14/2016,19:30 EDT,NER,2,1.39,1.4,CHI,0,0.09,0.09,2,1.3,1.31,2,2.54,0.26
5/14/2016,19:30 EDT,TOR,3,2.6,2.6,VAN,4,0.96,0.97,-1,1.64,1.64,-1,2.5,0.35
5/14/2016,19:30 EDT,CLB,1,1.23,1.23,COL,1,0.96,0.96,0,0.27,0.27,0,1.61,1.11
5/14/2016,17:00 EDT,MTL,1,1.49,1.5,PHI,1,1.36,1.39,0,0.14,0.11,0,1.51,1.24
5/13/2016,19:00 EDT,DCU,2,1.85,1.85,NYRB,0,1.16,1.16,2,0.69,0.69,2,1.96,0.84
5/11/2016,22:30 EDT,SJE,3,1.59,1.59,HOU,1,0.51,0.52,2,1.07,1.07,2,2.33,0.47
5/11/2016,22:00 EDT,VAN,2,2.02,2.02,CHI,1,1.92,1.92,1,0.1,0.1,1,1.45,1.29
5/11/2016,21:00 EDT,COL,1,0.98,1.06,SKC,0,0.37,0.37,1,0.61,0.69,1,1.93,0.72
5/11/2016,21:00 EDT,FCD,2,1.43,1.43,POR,1,0.6,0.6,1,0.83,0.83,1,2,0.73
5/11/2016,19:00 EDT,PHI,2,3.06,3.77,LAG,2,0.19,0.19,0,2.87,3.58,0,2.92,0.04
5/8/2016,19:30 EDT,DCU,0,0.87,0.87,NYC,2,1.36,1.38,-2,-0.49,-0.52,-2,0.98,1.74
5/8/2016,15:30 EDT,LAG,4,2.57,2.57,NER,2,1.8,1.92,2,0.77,0.65,2,1.85,0.93
5/7/2016,22:00 EDT,SEA,2,1.33,1.37,SJE,0,1.56,1.61,2,-0.22,-0.24,2,1.13,1.59
5/7/2016,21:00 EDT,COL,1,1.25,1.27,RSL,0,1.11,1.12,1,0.14,0.15,1,1.37,1.33
5/7/2016,20:30 EDT,HOU,2,0.86,0.9,SKC,0,0.81,0.81,2,0.05,0.1,2,1.37,1.29
5/7/2016,19:30 EDT,CLB,4,2.99,3.08,MTL,4,2.85,2.87,0,0.13,0.22,0,1.5,1.27
5/7/2016,19:30 EDT,TOR,1,1.8,1.8,FCD,0,0.98,0.98,1,0.82,0.82,1,1.95,0.78
5/7/2016,17:00 EDT,VAN,2,2.01,2.04,POR,1,1.54,1.54,1,0.48,0.51,1,1.68,1.07
5/6/2016,19:00 EDT,ORL,1,2.19,2.21,NYRB,1,0.73,0.73,0,1.46,1.47,0,2.42,0.4
5/1/2016,20:00 EDT,SKC,1,1.22,1.23,LAG,1,1.01,1.01,0,0.21,0.22,0,1.46,1.25
5/1/2016,15:30 EDT,POR,2,1.18,1.18,TOR,1,1.13,1.13,1,0.05,0.05,1,1.4,1.3
4/30/2016,21:30 EDT,RSL,2,2.21,2.23,HOU,1,0.95,0.98,1,1.26,1.25,1,2.26,0.55
4/30/2016,19:30 EDT,NER,2,1.9,1.9,ORL,2,1.39,1.39,0,0.51,0.51,0,1.65,1.1
4/30/2016,17:00 EDT,CHI,1,0.66,0.66,DCU,1,0.7,0.7,0,-0.05,-0.04,0,1.26,1.33
4/30/2016,16:00 EDT,SEA,1,1.96,2.03,CLB,0,1.25,1.25,1,0.71,0.78,1,1.83,0.93
4/30/2016,16:00 EDT,PHI,1,0.9,0.9,SJE,1,0.62,0.62,0,0.28,0.28,0,1.63,1.02
4/30/2016,16:00 EDT,NYC,3,1.25,1.28,VAN,2,3.04,3.07,1,-1.79,-1.79,1,0.38,2.49
4/30/2016,16:00 EDT,MTL,2,0.72,0.74,COL,2,1.07,1.07,0,-0.35,-0.33,0,0.97,1.69
4/29/2016,19:00 EDT,NYRB,4,1.78,1.78,FCD,0,1.33,1.41,4,0.45,0.37,4,1.65,1.08
4/27/2016,22:30 EDT,VAN,1,0.44,0.44,SKC,1,0.78,0.79,0,-0.34,-0.35,0,0.86,1.75
4/27/2016,19:30 EDT,NER,0,0.89,0.89,POR,1,0.69,0.69,-1,0.2,0.2,0,1.45,1.16
4/27/2016,19:00 EDT,NYC,1,1.04,1.05,MTL,1,0.47,0.47,0,0.57,0.58,0,1.85,0.81
4/24/2016,19:30 EDT,NYRB,3,3.83,3.88,ORL,1,1.4,1.4,2,2.43,2.48,1,2.72,0.19
4/24/2016,15:30 EDT,SJE,1,1.5,1.54,SKC,0,1.04,1.04,1,0.46,0.5,1,1.79,0.94
4/23/2016,22:30 EDT,LAG,5,3.68,3.8,RSL,2,1.74,1.74,3,1.93,2.05,3,2.5,0.39
4/23/2016,22:30 EDT,VAN,2,0.7,0.7,FCD,0,1.8,1.81,2,-1.1,-1.11,3,0.57,2.22
4/23/2016,21:00 EDT,COL,3,2.87,2.87,SEA,1,0.69,0.7,2,2.18,2.17,2,2.77,0.14
4/23/2016,19:30 EDT,CLB,1,1.38,1.38,HOU,0,0.4,0.4,1,0.98,0.98,1,2.29,0.47
4/23/2016,17:30 EDT,DCU,3,2.46,2.46,NER,0,0.89,0.92,3,1.56,1.54,3,2.51,0.34
4/23/2016,16:00 EDT,PHI,2,1.13,1.13,NYC,0,1.21,1.21,2,-0.08,-0.07,2,1.33,1.4
4/23/2016,16:00 EDT,MTL,0,0.69,0.69,TOR,2,1.65,1.65,-2,-0.96,-0.96,-2,0.55,2.21
4/17/2016,19:00 EDT,FCD,2,0.89,0.89,SKC,1,2.21,2.21,1,-1.31,-1.31,1,0.45,2.37
4/17/2016,15:30 EDT,ORL,2,1.98,1.99,NER,2,2.53,2.53,0,-0.54,-0.54,0,0.99,1.79
4/16/2016,22:30 EDT,POR,3,2.3,2.36,SJE,1,1.7,1.7,2,0.6,0.66,2,1.82,0.96
4/16/2016,22:00 EDT,SEA,2,2.28,2.29,PHI,1,1.16,1.16,1,1.12,1.13,1,2.11,0.67
4/16/2016,22:00 EDT,RSL,1,1.46,1.46,VAN,0,1.26,1.36,1,0.21,0.11,1,1.57,1.16
4/16/2016,21:00 EDT,COL,2,1.3,1.3,NYRB,1,1.02,1.02,1,0.29,0.29,1,1.63,1.08
4/16/2016,19:30 EDT,CLB,3,1.63,1.65,NYC,2,2.13,2.13,1,-0.5,-0.48,1,0.98,1.77
4/16/2016,17:00 EDT,CHI,1,0.47,0.47,MTL,2,1.05,1.05,-1,-0.58,-0.58,-1,0.76,1.9
4/16/2016,17:00 EDT,DCU,0,1.84,1.84,TOR,1,1.38,1.38,-1,0.46,0.46,-1,1.62,1.11
4/15/2016,19:00 EDT,HOU,1,0.64,0.64,LAG,4,2.3,2.3,-3,-1.66,-1.66,-3,0.31,2.54
4/13/2016,22:30 EDT,SJE,2,1.54,1.58,NYRB,0,1.06,1.06,2,0.48,0.52,2,1.75,0.99
4/13/2016,22:30 EDT,POR,1,1.58,1.65,FCD,3,1.76,1.76,-2,-0.18,-0.11,-2,1.22,1.54
4/13/2016,20:30 EDT,SKC,1,1.73,1.74,COL,2,0.76,0.77,-1,0.97,0.98,-1,2.2,0.58
4/10/2016,21:30 EDT,LAG,0,0.62,0.62,POR,1,0.19,0.19,-1,0.44,0.44,0,1.73,0.76
4/10/2016,19:00 EDT,NYC,0,1.31,1.33,CHI,0,0.38,0.38,0,0.93,0.95,0,2.18,0.54
4/10/2016,16:00 EDT,HOU,1,0.78,0.78,SEA,1,1.4,1.4,0,-0.63,-0.63,0,0.8,1.94
4/9/2016,21:30 EDT,RSL,1,1.03,1.04,COL,0,0.8,0.81,1,0.23,0.23,1,1.52,1.17
4/9/2016,21:00 EDT,FCD,1,1.5,1.51,SJE,2,0.74,0.74,-1,0.76,0.78,0,2.04,0.68
4/9/2016,19:00 EDT,NYRB,0,3.16,3.2,SKC,2,0.9,0.9,-2,2.26,2.3,-2,2.71,0.2
4/9/2016,17:30 EDT,DCU,4,3.84,4.08,VAN,0,0.61,0.61,4,3.22,3.46,4,2.88,0.07
4/9/2016,16:00 EDT,MTL,2,1.58,1.6,CLB,0,1.16,1.16,2,0.42,0.44,2,1.67,1.06
4/9/2016,16:00 EDT,NER,1,1.37,1.39,TOR,1,1.07,1.07,0,0.31,0.32,0,1.59,1.13
4/8/2016,19:00 EDT,PHI,2,2.31,2.38,ORL,1,1.2,1.21,1,1.11,1.17,1,2.24,0.58
4/3/2016,20:00 EDT,ORL,4,1.79,1.79,POR,1,1.98,2.04,3,-0.2,-0.25,3,1.15,1.56
4/2/2016,22:30 EDT,SJE,1,1.44,1.45,DCU,1,1.15,1.17,0,0.29,0.28,0,1.56,1.18
4/2/2016,22:00 EDT,VAN,0,0.14,0.14,LAG,0,1.25,1.25,0,-1.11,-1.11,0,0.36,2.38
4/2/2016,22:00 EDT,SEA,1,1.02,1.02,MTL,0,0.76,0.76,1,0.26,0.26,1,1.53,1.12
4/2/2016,21:00 EDT,FCD,1,1.57,1.6,CLB,1,0.98,0.98,0,0.59,0.61,0,1.9,0.83
4/2/2016,20:30 EDT,SKC,1,1.9,2.11,RSL,2,1.37,1.37,-1,0.53,0.74,-1,1.8,0.94
4/2/2016,20:00 EDT,COL,1,1.65,1.65,TOR,0,0.54,0.54,1,1.11,1.12,1,2.27,0.52
4/2/2016,17:00 EDT,CHI,1,0.58,0.58,PHI,0,1.39,1.47,1,-0.82,-0.89,1,0.75,1.98
4/1/2016,19:00 EDT,NER,1,0.56,0.56,NYRB,0,2.12,2.14,1,-1.56,-1.58,1,0.41,2.42
3/26/2016,22:00 EDT,VAN,1,2.01,2.03,HOU,0,1.44,1.48,1,0.57,0.54,1,1.81,0.93
3/26/2016,17:30 EDT,DCU,0,1.95,1.95,FCD,3,1.28,1.28,-3,0.67,0.67,-3,1.89,0.85
3/26/2016,15:00 EDT,NYC,1,1.38,1.42,NER,1,0.92,0.92,0,0.47,0.5,0,1.74,0.97
3/20/2016,19:00 EDT,SKC,1,0.41,0.41,TOR,0,1.56,1.56,1,-1.15,-1.15,1,0.44,2.34
3/20/2016,17:00 EDT,DCU,1,1.96,2.17,COL,1,0.96,0.96,0,1,1.21,0,2.06,0.72
3/20/2016,14:30 EDT,PHI,3,3.54,3.57,NER,0,0.72,0.72,3,2.83,2.85,3,2.87,0.08
3/19/2016,22:30 EDT,POR,2,2.61,2.64,RSL,2,0.88,0.89,0,1.73,1.75,0,2.53,0.34
3/19/2016,22:30 EDT,LAG,3,2.42,2.43,SJE,1,0.9,0.9,2,1.53,1.53,2,2.51,0.33
3/19/2016,22:00 EDT,SEA,1,1.14,1.15,VAN,2,1.98,1.98,-1,-0.83,-0.83,-1,0.72,2.05
3/19/2016,21:00 EDT,FCD,2,0.51,0.51,MTL,0,0.46,0.46,2,0.06,0.06,2,1.36,1.16
3/19/2016,19:00 EDT,NYRB,4,2.73,2.77,HOU,3,1.84,1.85,1,0.89,0.92,1,1.96,0.85
3/19/2016,17:00 EDT,CHI,0,0.18,0.18,CLB,0,0.5,0.5,0,-0.32,-0.32,0,0.86,1.58
3/18/2016,19:00 EDT,NYC,0,0.9,0.9,ORL,1,1.49,1.49,-1,-0.6,-0.6,-1,0.89,1.83
3/13/2016,19:00 EDT,SJE,2,0.69,0.69,POR,1,2.04,2.05,1,-1.34,-1.36,1,0.45,2.37
3/13/2016,17:00 EDT,NYC,2,2.74,2.75,TOR,2,0.94,0.94,0,1.81,1.81,0,2.57,0.3
3/12/2016,20:30 EST,SKC,2,0.91,0.91,VAN,1,1.34,1.34,1,-0.43,-0.43,1,0.97,1.73
3/12/2016,20:30 EST,HOU,4,1.43,1.43,FCD,0,0.89,0.91,4,0.54,0.51,5,1.87,0.85
3/12/2016,19:30 EST,CLB,1,1.74,1.76,PHI,2,1,1,-1,0.74,0.76,-1,1.91,0.86
3/12/2016,19:00 EST,COL,1,0.74,0.74,LAG,0,0.67,0.67,1,0.07,0.07,1,1.4,1.2
3/12/2016,16:00 EST,RSL,2,1.05,1.05,SEA,1,0.9,0.94,1,0.15,0.11,1,1.53,1.15
3/12/2016,16:00 EST,MTL,3,2.01,2.02,NYRB,0,0.84,0.84,3,1.17,1.18,3,2.21,0.58
3/12/2016,15:00 EST,NER,0,0.99,0.99,DCU,0,0.42,0.42,0,0.57,0.58,0,1.88,0.77
3/11/2016,19:00 EST,ORL,1,0.88,0.89,CHI,1,1.32,1.32,0,-0.44,-0.43,0,0.96,1.77
3/6/2016,22:00 EST,LAG,4,2.06,2.12,DCU,1,1.01,1.02,3,1.05,1.11,3,2.12,0.67
3/6/2016,19:00 EST,SEA,0,0.45,0.45,SKC,1,1.06,1.06,-1,-0.62,-0.62,-1,0.78,1.88
3/6/2016,17:30 EST,VAN,2,1.88,1.88,MTL,3,1.09,1.1,-1,0.78,0.77,-1,1.91,0.86
3/6/2016,16:30 EST,POR,2,2.64,2.66,CLB,1,1.89,1.89,1,0.75,0.77,1,1.9,0.88
3/6/2016,15:00 EST,FCD,2,2.55,2.55,PHI,0,0.97,0.99,2,1.58,1.56,2,2.42,0.42
3/6/2016,15:00 EST,SJE,1,0.46,0.46,COL,0,1.02,1.03,1,-0.56,-0.57,1,0.87,1.76
3/6/2016,15:00 EST,HOU,3,2.15,2.15,NER,3,1.56,1.67,0,0.58,0.48,0,1.82,0.95
3/6/2016,14:00 EST,CHI,3,3.84,3.86,NYC,4,2.32,2.36,-1,1.52,1.5,-1,2.19,0.65
3/6/2016,14:00 EST,ORL,2,1.56,1.56,RSL,2,1.74,1.74,0,-0.18,-0.18,0,1.13,1.57
3/6/2016,13:30 EST,NYRB,0,0.78,0.78,TOR,2,1.55,1.55,-2,-0.77,-0.78,-2,0.69,2.07
10/25/2015,19:00 EDT,SKC,2,2.15,2.54,LAG,1,1.26,1.26,1,0.88,1.27,1,1.97,0.8
10/25/2015,19:00 EDT,SEA,3,1.82,1.88,RSL,1,0.65,0.65,2,1.17,1.23,2,2.39,0.41
10/25/2015,19:00 EDT,VAN,3,0.8,0.8,HOU,0,0.37,0.38,3,0.43,0.43,3,1.77,0.83
10/25/2015,19:00 EDT,POR,4,1.32,1.32,COL,1,0.26,0.26,3,1.05,1.05,3,2.51,0.3
10/25/2015,19:00 EDT,CHI,1,1.11,1.12,NYRB,2,2.13,2.15,-1,-1.02,-1.03,-1,0.57,2.22
10/25/2015,19:00 EDT,FCD,2,1.88,1.88,SJE,1,1.87,1.87,1,0.01,0.01,1,1.41,1.34
10/25/2015,17:00 EDT,CLB,5,2.17,2.17,DCU,0,0.68,0.69,5,1.49,1.47,5,2.46,0.38
10/25/2015,17:00 EDT,MTL,2,1.51,1.51,TOR,1,1.61,1.61,1,-0.1,-0.1,1,1.3,1.46
10/25/2015,17:00 EDT,NYC,1,2.71,2.76,NER,3,1.63,1.63,-2,1.08,1.13,-2,2.17,0.65
10/25/2015,17:00 EDT,PHI,1,1.77,1.79,ORL,0,0.78,0.81,1,0.99,0.97,1,2.18,0.58
10/21/2015,20:30 EDT,SKC,0,1.79,1.79,COL,2,1.42,1.42,-2,0.37,0.37,-2,1.61,1.15
10/18/2015,20:00 EDT,LAG,2,0.77,0.77,POR,5,2.4,2.4,-3,-1.63,-1.63,-3,0.29,2.56
10/18/2015,17:00 EDT,HOU,1,0.79,0.79,SEA,1,1.75,1.75,0,-0.97,-0.97,0,0.62,2.13
10/18/2015,15:00 EDT,NYRB,4,2.92,2.92,PHI,1,0.79,0.79,3,2.13,2.13,3,2.68,0.22
10/18/2015,14:00 EDT,DCU,4,2.11,2.18,CHI,0,0.57,0.57,4,1.54,1.61,4,2.52,0.32
10/17/2015,21:30 EDT,RSL,0,1.25,1.25,FCD,1,1.16,1.16,-1,0.09,0.09,-1,1.41,1.3
10/17/2015,19:30 EDT,NER,0,0.34,0.34,MTL,1,0.66,0.66,-1,-0.32,-0.33,-1,0.92,1.6
10/17/2015,14:00 EDT,TOR,0,0.72,0.72,CLB,2,0.69,0.69,-2,0.03,0.03,-2,1.35,1.27
10/16/2015,23:00 EDT,SJE,1,1.51,1.53,SKC,0,0.79,0.79,1,0.72,0.74,1,1.98,0.75
10/16/2015,19:00 EDT,ORL,2,2.28,2.46,NYC,1,0.46,0.46,1,1.82,2,1,2.69,0.19
10/14/2015,21:30 EDT,RSL,0,0.41,0.41,POR,1,1.67,1.67,-1,-1.26,-1.26,-1,0.3,2.52
10/14/2015,21:00 EDT,FCD,2,2.65,2.65,VAN,0,0.69,0.69,2,1.95,1.95,2,2.68,0.22
10/14/2015,19:00 EDT,TOR,2,0.65,0.65,NYRB,1,0.61,0.61,1,0.04,0.04,1,1.38,1.2
10/10/2015,18:00 EDT,COL,0,0.48,0.48,MTL,1,0.28,0.28,-1,0.2,0.2,-1,1.52,0.97
10/7/2015,22:00 EDT,VAN,0,0.57,0.57,FCD,0,0.96,0.96,0,-0.39,-0.39,0,1,1.66
10/7/2015,20:30 EDT,NYRB,2,2.92,3.09,MTL,1,1.33,1.33,1,1.59,1.76,1,2.45,0.39
10/4/2015,21:30 EDT,SEA,1,1.12,1.13,LAG,1,0.67,0.67,0,0.45,0.46,0,1.75,0.94
10/4/2015,20:00 EDT,COL,1,0.47,0.47,RSL,2,0.75,0.75,-1,-0.29,-0.28,-1,0.99,1.61
10/4/2015,18:00 EDT,FCD,4,2.15,2.15,HOU,1,0.19,0.19,3,1.96,1.96,3,2.8,0.12
10/3/2015,22:30 EDT,POR,0,1.17,1.17,SKC,1,0.55,0.55,-1,0.62,0.62,-1,1.8,0.87
10/3/2015,22:30 EDT,SJE,1,0.78,0.8,VAN,1,1.12,1.12,0,-0.34,-0.32,0,1.05,1.6
10/3/2015,21:30 EDT,CHI,3,1.34,1.34,NER,1,1.03,1.04,2,0.31,0.3,2,1.55,1.18
10/3/2015,19:30 EDT,ORL,2,0.62,0.62,MTL,1,0.68,0.68,1,-0.05,-0.05,1,1.22,1.39
10/3/2015,19:00 EDT,NYRB,2,1.58,1.61,CLB,1,0.57,0.57,1,1.01,1.04,1,2.14,0.61
10/3/2015,18:00 EDT,TOR,2,1.3,1.3,PHI,1,0.26,0.26,1,1.04,1.04,2,2.21,0.49
10/2/2015,19:00 EDT,DCU,2,2.45,2.47,NYC,1,0.97,1.02,1,1.48,1.45,1,2.43,0.42
9/27/2015,21:30 EDT,LAG,3,2.04,2.05,FCD,2,1.25,1.26,1,0.8,0.79,1,1.89,0.88
9/27/2015,20:00 EDT,SJE,1,2.06,2.23,RSL,0,0.96,0.96,1,1.1,1.27,1,2.16,0.63
9/27/2015,17:00 EDT,SKC,1,1.46,1.46,SEA,1,1.65,1.65,0,-0.19,-0.19,0,1.18,1.54
9/26/2015,22:00 EDT,VAN,1,2.2,2.23,NYC,2,1.65,1.65,-1,0.55,0.58,-1,1.73,1.04
9/26/2015,20:30 EDT,HOU,3,2.62,2.74,COL,2,0.65,0.65,1,1.97,2.09,1,2.64,0.25
9/26/2015,19:30 EDT,CLB,1,0.68,0.69,POR,2,1.04,1.04,-1,-0.36,-0.35,-1,0.97,1.7
9/26/2015,19:30 EDT,NER,1,1.59,1.62,PHI,1,0.32,0.32,0,1.27,1.3,0,2.48,0.33
9/26/2015,17:00 EDT,MTL,2,1.24,1.24,DCU,0,0.73,0.73,2,0.51,0.51,2,1.74,0.96
9/26/2015,14:00 EDT,TOR,3,1.94,1.94,CHI,2,0.77,0.78,1,1.16,1.16,1,2.18,0.6
9/25/2015,19:00 EDT,NYRB,2,1.68,1.7,ORL,4,2.4,2.4,-2,-0.71,-0.7,-3,0.92,1.85
9/23/2015,21:30 EDT,HOU,1,1.36,1.4,SKC,0,0.79,0.79,1,0.57,0.61,1,1.92,0.79
9/23/2015,20:00 EDT,MTL,2,1.33,1.35,CHI,1,1.91,2.3,1,-0.58,-0.95,1,1,1.75
9/20/2015,19:00 EDT,PHI,2,1.9,1.9,HOU,0,0.95,0.95,2,0.95,0.95,2,2.1,0.69
9/20/2015,17:00 EDT,POR,0,0.99,0.99,NYRB,2,2.15,2.17,-2,-1.16,-1.18,-2,0.56,2.24
9/19/2015,21:30 EDT,CHI,0,0.54,0.54,ORL,1,0.94,0.94,-1,-0.4,-0.4,-1,0.87,1.77
9/19/2015,21:30 EDT,RSL,3,1.97,1.97,LAG,0,1.04,1.08,3,0.93,0.9,3,2.15,0.65
9/19/2015,20:00 EDT,MTL,3,0.53,0.53,NER,0,0.71,0.72,3,-0.18,-0.19,3,1.11,1.47
9/19/2015,19:00 EDT,NYC,3,1.16,1.17,SJE,2,2.42,2.51,1,-1.26,-1.34,1,0.5,2.32
9/19/2015,19:00 EDT,VAN,0,1.27,1.28,SEA,3,0.95,0.95,-3,0.32,0.33,-3,1.63,1.05
9/19/2015,19:00 EDT,DCU,1,1.71,1.71,CLB,2,1.48,1.48,-1,0.23,0.23,-1,1.55,1.18
9/19/2015,14:00 EDT,TOR,3,0.8,0.8,COL,1,0.94,0.95,2,-0.15,-0.15,2,1.22,1.46
9/18/2015,19:00 EDT,SKC,3,2.38,2.4,FCD,1,0.5,0.5,2,1.88,1.9,2,2.67,0.21
9/16/2015,23:30 EDT,SJE,1,1.57,1.57,MTL,1,0.47,0.47,0,1.1,1.1,0,2.26,0.51
9/16/2015,19:30 EDT,NYC,2,0.96,0.96,TOR,0,1.29,1.29,2,-0.33,-0.33,2,1.08,1.63
9/16/2015,19:30 EDT,NER,2,0.88,0.88,NYRB,1,0.33,0.33,1,0.55,0.55,1,1.86,0.77
9/13/2015,19:00 EDT,ORL,3,1.61,1.61,SKC,1,1.12,1.12,2,0.49,0.49,2,1.74,0.95
9/13/2015,17:00 EDT,TOR,1,1.91,1.92,NER,2,0.85,0.85,-1,1.06,1.07,-2,2.11,0.67
9/12/2015,22:30 EDT,LAG,0,0.95,0.95,MTL,0,1.2,1.2,0,-0.25,-0.25,0,1.13,1.55
9/12/2015,22:30 EDT,SJE,1,0.93,0.93,SEA,1,1,1.07,0,-0.08,-0.14,0,1.27,1.41
9/12/2015,22:00 EDT,COL,1,0.53,0.53,DCU,1,0.39,0.39,0,0.15,0.15,0,1.42,1.1
9/12/2015,20:30 EDT,FCD,2,2,2.07,NYC,1,1.27,1.27,1,0.73,0.79,1,1.87,0.83
9/12/2015,20:30 EDT,HOU,1,1.8,1.8,RSL,3,2.63,3.84,-2,-0.83,-2.04,-2,0.91,1.89
9/12/2015,20:00 EDT,PHI,1,1.39,1.39,CLB,2,1.04,1.04,-1,0.35,0.35,-1,1.68,1.03
9/11/2015,19:00 EDT,NYRB,3,2,2,CHI,2,2.01,2.01,1,0,0,1,1.3,1.43
9/9/2015,23:00 EDT,VAN,2,1.12,1.12,COL,0,0.58,0.58,2,0.54,0.55,2,1.9,0.77
9/9/2015,22:30 EDT,POR,0,1.34,1.34,SKC,0,0.33,0.33,0,1.01,1.01,0,2.17,0.53
9/6/2015,19:00 EDT,CLB,0,2.01,2.03,FCD,3,0.89,0.91,-3,1.12,1.12,-3,2.25,0.56
9/5/2015,22:30 EDT,SJE,1,1.93,1.93,PHI,2,0.66,0.66,-1,1.27,1.28,-1,2.38,0.45
9/5/2015,22:00 EDT,SEA,2,1.61,1.61,TOR,1,1.08,1.11,1,0.53,0.5,1,1.77,0.97
9/5/2015,20:00 EDT,MTL,4,3.13,3.43,CHI,3,1.71,1.71,1,1.42,1.71,1,2.28,0.54
9/5/2015,19:30 EDT,NER,3,2.41,2.53,ORL,0,0.57,0.57,3,1.84,1.96,3,2.52,0.33
8/30/2015,20:00 EDT,NYRB,3,3.24,3.28,DCU,0,0.34,0.34,3,2.91,2.95,3,2.83,0.1
8/30/2015,17:00 EDT,SEA,2,1.41,1.41,POR,1,1.46,1.46,1,-0.05,-0.05,1,1.47,1.24
8/29/2015,21:00 EDT,HOU,2,1.18,1.18,VAN,0,0.77,0.79,2,0.41,0.4,2,1.68,1.02
8/29/2015,21:00 EDT,COL,2,1.04,1.04,SKC,1,1.52,1.6,1,-0.48,-0.56,1,0.94,1.79
8/29/2015,21:00 EDT,FCD,2,2.81,2.83,RSL,0,1.48,1.48,2,1.32,1.34,2,2.24,0.59
8/29/2015,19:30 EDT,ORL,0,0.87,0.87,CHI,1,0.85,0.85,-1,0.01,0.01,0,1.44,1.24
8/29/2015,19:00 EDT,PHI,0,0.94,0.94,NER,1,1.37,1.37,-1,-0.42,-0.42,-1,1.04,1.66
8/29/2015,16:00 EDT,TOR,2,1.17,1.18,MTL,1,1.54,1.54,1,-0.37,-0.35,1,1.05,1.68
8/29/2015,16:00 EDT,NYC,1,1.38,1.38,CLB,2,1.77,1.82,-1,-0.39,-0.43,-1,1.06,1.68
8/29/2015,00:00 EDT,SJE,1,1.62,1.68,LAG,0,0.75,0.75,1,0.87,0.93,1,2.04,0.72
8/26/2015,22:00 EDT,COL,2,1.81,1.81,HOU,1,0.88,0.88,1,0.93,0.93,1,2.25,0.49
8/26/2015,21:30 EDT,CHI,3,1.27,1.27,NYRB,2,1.55,1.55,1,-0.28,-0.28,1,1.09,1.63
8/23/2015,15:00 EDT,LAG,5,3.89,3.92,NYC,1,1.63,1.63,4,2.25,2.29,4,2.56,0.34
8/22/2015,22:00 EDT,RSL,2,2.02,2.16,SEA,0,0.63,0.63,2,1.39,1.53,2,2.56,0.29
8/22/2015,22:00 EDT,VAN,1,0.78,0.78,FCD,0,0.36,0.36,1,0.42,0.42,1,1.77,0.81
8/22/2015,20:30 EDT,CHI,0,1.53,1.53,COL,1,0.88,0.88,-1,0.65,0.65,-1,1.84,0.87
8/22/2015,20:00 EDT,MTL,0,1.28,1.28,PHI,1,0.97,1,-1,0.31,0.28,-1,1.56,1.15
8/22/2015,19:30 EDT,CLB,3,2.12,2.23,SKC,2,0.8,0.8,1,1.32,1.43,1,2.39,0.42
8/22/2015,19:00 EDT,DCU,0,2.14,2.22,SJE,2,0.61,0.63,-2,1.53,1.6,-2,2.42,0.41
8/22/2015,17:00 EDT,TOR,5,3.11,3.12,ORL,0,0.33,0.33,5,2.78,2.79,5,2.91,0.05
8/21/2015,23:00 EDT,POR,2,1.8,1.8,HOU,2,1.14,1.14,0,0.66,0.66,0,1.87,0.87
8/19/2015,20:30 EDT,SKC,0,0.64,0.64,SJE,5,2.96,2.96,-5,-2.32,-2.32,-5,0.18,2.73
8/19/2015,19:30 EDT,CLB,2,1.88,1.91,NYC,2,1.47,1.47,0,0.42,0.44,0,1.69,1.04
8/16/2015,19:00 EDT,PHI,3,2.15,2.19,CHI,3,1.63,1.63,0,0.53,0.56,0,1.7,1.06
8/16/2015,18:00 EDT,SEA,4,3.59,3.59,ORL,0,0.42,0.43,4,3.17,3.16,4,2.93,0.04
8/15/2015,22:00 EDT,RSL,0,1.41,1.41,POR,1,1.06,1.06,-1,0.35,0.35,-1,1.59,1.13
8/15/2015,21:00 EDT,SKC,4,2.12,2.13,VAN,3,1.79,1.79,1,0.33,0.34,1,1.65,1.1
8/15/2015,21:00 EDT,FCD,1,2.15,2.15,LAG,2,1.48,1.7,-1,0.67,0.45,-1,1.9,0.86
8/15/2015,19:30 EDT,NER,2,1.21,1.22,HOU,0,0.36,0.36,2,0.85,0.86,2,2.22,0.52
8/15/2015,19:00 EDT,NYRB,3,1.8,1.92,TOR,0,0.49,0.5,3,1.31,1.42,3,2.42,0.4
8/14/2015,23:00 EDT,SJE,1,1.57,1.59,COL,0,0.32,0.32,1,1.25,1.27,1,2.38,0.41
8/13/2015,19:00 EDT,NYC,3,2.24,2.24,DCU,1,0.67,0.67,2,1.57,1.57,2,2.51,0.34
8/9/2015,19:00 EDT,NYRB,2,1.4,1.4,NYC,0,0.94,0.94,2,0.47,0.47,2,1.78,0.97
8/9/2015,16:00 EDT,LAG,3,2.62,2.68,SEA,1,0.67,0.67,2,1.95,2.01,2,2.58,0.3
8/8/2015,22:00 EDT,VAN,4,2.24,2.24,RSL,0,0.24,0.24,4,2.01,2.01,4,2.79,0.14
8/8/2015,22:00 EDT,HOU,2,1.63,1.63,SJE,1,1.45,1.45,1,0.18,0.18,1,1.47,1.23
8/8/2015,21:00 EDT,COL,1,1.52,1.53,CLB,2,2.21,2.36,-1,-0.69,-0.83,-1,0.84,1.93
8/8/2015,20:00 EDT,MTL,0,1.96,1.97,DCU,1,0.42,0.42,-1,1.54,1.55,-1,2.44,0.35
8/8/2015,19:30 EDT,ORL,0,0.66,0.66,PHI,0,1.37,1.45,0,-0.72,-0.79,0,0.79,1.93
8/8/2015,17:00 EDT,TOR,1,0.98,1.02,SKC,3,1.73,1.84,-2,-0.75,-0.81,-2,0.74,2.03
8/7/2015,23:00 EDT,POR,1,1.7,1.7,CHI,0,0.79,0.79,1,0.91,0.91,1,2.12,0.66
8/5/2015,21:00 EDT,MTL,1,0.43,0.43,NYRB,1,1.27,1.27,0,-0.84,-0.84,0,0.66,2.04
8/5/2015,20:00 EDT,TOR,4,2.79,2.82,ORL,1,0.45,0.46,3,2.33,2.36,3,2.8,0.13
8/2/2015,19:00 EDT,CHI,2,1.88,1.88,FCD,0,1.11,1.11,2,0.77,0.77,2,2,0.78
8/2/2015,17:00 EDT,SJE,0,0.62,0.62,POR,0,1.71,1.71,0,-1.09,-1.09,0,0.52,2.26
8/1/2015,22:00 EDT,SEA,0,0.95,0.95,VAN,3,0.88,0.88,-3,0.07,0.07,-3,1.34,1.3
8/1/2015,21:00 EDT,COL,1,0.79,0.79,LAG,3,2.09,2.12,-2,-1.31,-1.34,-2,0.42,2.39
8/1/2015,20:30 EDT,NER,3,2.33,2.33,TOR,1,0.79,0.79,2,1.53,1.53,2,2.52,0.34
8/1/2015,20:30 EDT,SKC,1,1.02,1.02,HOU,1,0.53,0.53,0,0.49,0.49,0,1.85,0.83
8/1/2015,19:30 EDT,ORL,5,1.89,1.9,CLB,1,0.89,0.89,4,1,1.01,3,2.11,0.66
8/1/2015,19:00 EDT,PHI,1,1.15,1.16,NYRB,3,1.82,1.82,-2,-0.67,-0.67,-2,0.84,1.9
8/1/2015,19:00 EDT,DCU,6,3.18,3.31,RSL,4,1.94,1.94,2,1.24,1.38,2,2.24,0.59
8/1/2015,14:00 EDT,NYC,2,1.69,1.69,MTL,3,2.77,2.77,-1,-1.07,-1.07,-1,0.61,2.2
7/26/2015,20:00 EDT,VAN,3,2.17,2.18,SJE,1,0.74,0.74,2,1.43,1.44,2,2.47,0.36
7/26/2015,17:00 EDT,DCU,3,2.38,2.42,PHI,2,0.91,0.91,1,1.47,1.5,1,2.39,0.47
7/26/2015,14:30 EDT,NYC,5,1.85,1.85,ORL,3,1.12,1.12,2,0.73,0.73,2,1.92,0.83
7/25/2015,21:00 EDT,HOU,3,1.15,1.15,LAG,0,0.5,0.5,3,0.65,0.65,3,1.94,0.74
7/25/2015,21:00 EDT,FCD,4,2.17,2.17,POR,1,1.82,1.82,3,0.35,0.35,3,1.55,1.19
7/25/2015,20:30 EDT,CHI,2,1.63,1.71,NER,2,0.6,0.6,0,1.03,1.1,0,2.27,0.5
7/25/2015,20:00 EDT,MTL,1,0.92,0.92,SEA,0,0.2,0.2,1,0.72,0.72,1,1.96,0.64
7/25/2015,19:30 EDT,CLB,3,1.18,1.2,TOR,3,1.98,1.98,0,-0.8,-0.78,0,0.8,1.98
7/24/2015,23:00 EDT,RSL,2,2.44,2.44,SKC,1,1.45,1.45,1,0.98,0.99,1,2.08,0.7
7/19/2015,18:00 EDT,CLB,3,2.22,2.22,CHI,1,1.33,1.34,2,0.89,0.88,2,2.07,0.72
7/18/2015,22:30 EDT,POR,1,1.32,1.35,VAN,1,1,1.01,0,0.32,0.34,0,1.69,1.01
7/18/2015,22:00 EDT,SEA,0,1.07,1.08,COL,1,0.69,0.69,-1,0.38,0.39,-1,1.75,0.91
7/18/2015,22:00 EDT,RSL,2,1.44,1.44,HOU,0,0.35,0.35,2,1.09,1.09,2,2.25,0.5
7/18/2015,21:30 EDT,SKC,2,1.15,1.17,MTL,1,0.69,0.69,1,0.46,0.48,1,1.81,0.9
7/18/2015,21:00 EDT,FCD,2,2.29,2.32,DCU,0,0.86,0.86,2,1.43,1.46,1,2.38,0.46
7/18/2015,19:30 EDT,NER,1,1.58,1.64,NYC,0,1.1,1.1,1,0.48,0.54,1,1.68,1.03
7/18/2015,19:30 EDT,ORL,0,0.84,0.84,NYRB,2,0.63,0.63,-2,0.21,0.21,-2,1.58,1.08
7/18/2015,16:00 EDT,TOR,2,1.66,1.67,PHI,1,0.46,0.46,1,1.21,1.22,1,2.31,0.48
7/17/2015,23:00 EDT,LAG,5,2.73,2.75,SJE,2,0.68,0.71,3,2.04,2.04,3,2.68,0.2
7/15/2015,20:30 EDT,CHI,0,0.53,0.53,CLB,1,1.22,1.22,-1,-0.69,-0.69,-1,0.77,1.91
7/12/2015,21:00 EDT,VAN,0,0.99,0.99,SKC,1,0.85,0.85,-1,0.14,0.14,-1,1.46,1.19
7/12/2015,15:00 EDT,NYC,3,2.89,2.89,TOR,4,3.45,3.45,-1,-0.56,-0.56,0,1.03,1.72
7/11/2015,21:00 EDT,COL,3,2.27,2.36,RSL,1,0.85,0.85,2,1.41,1.51,2,2.38,0.43
7/11/2015,20:30 EDT,CHI,1,1.47,1.47,SEA,0,0.74,0.74,1,0.74,0.73,1,1.99,0.75
7/11/2015,20:00 EDT,MTL,3,2,2.03,CLB,0,0.86,0.86,3,1.14,1.17,3,2.36,0.46
7/11/2015,19:30 EDT,ORL,0,0.98,0.98,FCD,2,1.61,1.62,-2,-0.64,-0.64,-2,0.78,1.86
7/11/2015,19:00 EDT,NYRB,4,3.72,4.05,NER,1,1.41,1.41,3,2.31,2.64,3,2.65,0.26
7/11/2015,19:00 EDT,PHI,3,1.84,1.88,POR,0,0.53,0.53,3,1.31,1.35,3,2.28,0.51
7/10/2015,23:00 EDT,SJE,0,0.72,0.72,HOU,2,1.11,1.12,-2,-0.39,-0.4,-2,1,1.67
7/5/2015,23:00 EDT,POR,1,1.15,1.16,SJE,0,0.8,0.9,1,0.34,0.25,1,1.59,1.06
7/4/2015,22:30 EDT,LAG,4,2.01,2.01,TOR,0,1.22,1.25,4,0.79,0.76,4,1.97,0.81
7/4/2015,22:00 EDT,RSL,1,1.29,1.35,ORL,1,1.15,1.15,0,0.14,0.21,0,1.44,1.27
7/4/2015,21:00 EDT,COL,2,0.81,0.82,VAN,1,1.18,1.18,1,-0.37,-0.36,1,0.96,1.72
7/4/2015,21:00 EDT,FCD,3,1.14,1.16,NER,0,0.44,0.44,3,0.71,0.72,3,2.02,0.66
7/4/2015,20:00 EDT,MTL,1,2.51,2.53,NYC,2,0.29,0.29,-1,2.22,2.23,-1,2.74,0.17
7/4/2015,19:30 EDT,CLB,2,2.35,2.35,NYRB,1,0.71,0.71,1,1.65,1.65,1,2.5,0.36
7/3/2015,23:00 EDT,SEA,1,1.08,1.08,DCU,0,0.6,0.61,1,0.48,0.48,1,1.8,0.88
7/3/2015,21:00 EDT,HOU,1,1.73,1.73,CHI,1,0.65,0.65,0,1.08,1.08,0,2.29,0.47
6/28/2015,19:00 EDT,POR,4,2.16,2.18,SEA,1,0.6,0.6,3,1.56,1.58,3,2.43,0.38
6/28/2015,17:00 EDT,NYC,1,0.84,0.85,NYRB,3,2.42,2.42,-2,-1.58,-1.57,-2,0.47,2.35
6/27/2015,22:30 EDT,SJE,3,1.05,1.05,LAG,1,0.69,0.69,2,0.36,0.36,2,1.73,0.96
6/27/2015,22:00 EDT,RSL,2,2.35,2.35,CLB,2,1.4,1.4,0,0.95,0.95,0,2.11,0.66
6/27/2015,21:30 EDT,SKC,1,0.54,0.54,COL,0,0.3,0.3,1,0.24,0.24,2,1.58,0.92
6/27/2015,19:30 EDT,NER,1,1.38,1.38,VAN,2,1.84,1.85,-1,-0.46,-0.47,-1,1.07,1.67
6/27/2015,19:00 EDT,PHI,2,0.99,1,MTL,2,0.43,0.43,0,0.56,0.57,0,1.96,0.71
6/27/2015,17:00 EDT,TOR,0,1.37,1.38,DCU,0,0.43,0.43,0,0.94,0.95,0,2.08,0.64
6/26/2015,22:00 EDT,FCD,1,1.09,1.09,HOU,0,0.99,1.06,1,0.1,0.03,2,1.4,1.29
6/24/2015,23:00 EDT,LAG,5,2.1,2.16,POR,0,0.89,0.89,5,1.21,1.26,5,2.28,0.52
6/24/2015,20:30 EDT,NYRB,1,2.95,3.05,RSL,0,0.37,0.37,1,2.58,2.68,1,2.79,0.14
6/24/2015,20:30 EDT,CHI,0,0.43,0.43,DCU,1,0.84,0.85,-1,-0.41,-0.42,-1,0.9,1.69
6/24/2015,20:00 EDT,TOR,3,1.82,1.82,MTL,1,1.03,1.03,2,0.79,0.79,2,2.04,0.72
6/24/2015,19:30 EDT,ORL,2,2.53,2.54,COL,0,0.69,0.69,2,1.84,1.85,2,2.51,0.35
6/24/2015,19:30 EDT,CLB,2,1.43,1.45,NER,1,0.78,0.78,1,0.66,0.67,1,1.97,0.76
6/24/2015,19:00 EDT,PHI,1,1.95,1.95,SEA,0,0.47,0.47,1,1.47,1.47,1,2.59,0.27
6/21/2015,22:00 EDT,RSL,2,1.74,1.76,SKC,1,0.74,0.74,1,1,1.02,1,2.15,0.6
6/21/2015,17:00 EDT,DCU,2,1.98,1.98,NER,1,1.27,1.27,1,0.71,0.71,1,1.99,0.79
6/20/2015,22:30 EDT,POR,2,0.92,0.92,HOU,0,0.71,0.71,2,0.21,0.21,2,1.63,0.99
6/20/2015,22:30 EDT,LAG,5,2.29,2.34,PHI,1,1.17,1.17,4,1.12,1.16,4,2.13,0.69
6/20/2015,20:00 EDT,MTL,2,1.51,1.52,ORL,0,1.14,1.14,2,0.37,0.38,2,1.69,1.03
6/20/2015,19:00 EDT,TOR,0,1.17,1.17,NYC,2,1.78,1.78,-2,-0.61,-0.61,-2,0.83,1.92
6/20/2015,19:00 EDT,NYRB,1,1.77,1.77,VAN,2,0.95,0.95,-1,0.82,0.82,-1,2.16,0.57
6/20/2015,16:00 EDT,SEA,0,0.61,0.61,SJE,2,0.83,0.84,-2,-0.23,-0.23,-2,1.07,1.56
6/19/2015,21:00 EDT,COL,1,1.36,1.36,FCD,1,0.41,0.41,0,0.95,0.95,0,2.18,0.55
6/14/2015,19:00 EDT,ORL,1,1.66,1.73,DCU,0,0.32,0.32,1,1.34,1.42,1,2.52,0.3
6/13/2015,22:00 EDT,SEA,3,0.84,0.84,FCD,0,1,1,3,-0.16,-0.16,3,1.16,1.52
6/13/2015,19:30 EDT,NER,2,1.11,1.12,CHI,0,1.12,1.13,2,-0.01,-0.01,2,1.38,1.31
6/13/2015,19:30 EDT,CLB,1,1.07,1.07,LAG,1,1.07,1.07,0,0.01,0.01,0,1.3,1.39
6/13/2015,19:00 EDT,NYC,3,1.45,1.46,MTL,1,0.65,0.65,2,0.8,0.82,2,2.01,0.7
6/7/2015,19:00 EDT,SJE,0,1.33,1.33,FCD,0,0.84,0.84,0,0.49,0.49,0,1.68,1.01
6/7/2015,17:00 EDT,RSL,0,1.3,1.3,COL,0,1.33,1.34,0,-0.03,-0.03,0,1.32,1.35
6/6/2015,22:30 EDT,POR,2,1.46,1.46,NER,0,0.34,0.34,2,1.12,1.12,2,2.27,0.48
6/6/2015,22:30 EDT,LAG,0,0.22,0.22,VAN,1,0.54,0.54,-1,-0.32,-0.32,-1,0.87,1.6
6/6/2015,20:30 EDT,SKC,1,1.39,1.39,SEA,0,0.69,0.69,1,0.7,0.7,1,2.05,0.67
6/6/2015,20:30 EDT,CHI,2,2.66,2.7,ORL,1,1,1.01,1,1.66,1.7,-1,2.5,0.36
6/6/2015,19:30 EDT,CLB,1,1.98,1.99,MTL,2,1.79,1.88,-1,0.19,0.1,-1,1.57,1.21
6/6/2015,19:00 EDT,DCU,1,0.72,0.73,TOR,2,1.24,1.27,-1,-0.52,-0.55,-1,0.91,1.79
6/6/2015,19:00 EDT,PHI,1,1.24,1.24,NYC,2,0.97,0.97,-1,0.26,0.26,-1,1.6,1.12
6/5/2015,21:00 EDT,HOU,4,0.8,0.8,NYRB,2,1.24,1.24,2,-0.44,-0.44,2,1,1.73
6/3/2015,20:00 EDT,MTL,2,1.32,1.32,VAN,1,1.59,1.59,1,-0.28,-0.27,1,1.07,1.65
6/3/2015,19:00 EDT,PHI,3,1.99,1.99,CLB,0,1.02,1.02,3,0.97,0.97,3,2.25,0.56
6/3/2015,19:00 EDT,DCU,3,2.38,2.38,CHI,1,2.14,2.14,2,0.24,0.24,2,1.52,1.21
5/31/2015,19:00 EDT,NER,2,1.14,1.14,LAG,2,1.5,1.5,0,-0.36,-0.36,0,1,1.69
5/31/2015,17:00 EDT,SEA,2,1.54,1.76,NYRB,1,1.05,1.08,1,0.48,0.67,1,1.88,0.84
5/30/2015,21:00 EDT,COL,1,1.22,1.23,POR,2,1.55,1.56,-1,-0.33,-0.33,-1,1.09,1.64
5/30/2015,20:30 EDT,CHI,3,2.25,2.26,MTL,0,0.17,0.17,3,2.09,2.1,3,2.83,0.09
5/30/2015,19:30 EDT,ORL,2,3.89,4.26,CLB,2,0.63,0.63,0,3.26,3.63,0,2.9,0.06
5/30/2015,19:00 EDT,DCU,2,1.39,1.42,PHI,1,1.29,1.3,1,0.1,0.12,1,1.41,1.31
5/30/2015,19:00 EDT,NYC,1,1.43,1.49,HOU,1,1.42,1.42,0,0.01,0.07,0,1.5,1.24
5/30/2015,18:00 EDT,VAN,2,2.44,2.62,RSL,1,1.78,1.84,1,0.67,0.78,1,1.85,0.94
5/30/2015,17:00 EDT,TOR,3,1.92,1.92,SJE,1,1.65,1.68,2,0.27,0.24,2,1.56,1.19
5/29/2015,21:00 EDT,SKC,4,1.82,1.82,FCD,0,0.33,0.33,4,1.48,1.48,4,2.64,0.21
5/27/2015,22:30 EDT,LAG,1,1.7,1.72,RSL,0,0.41,0.41,1,1.29,1.31,1,2.52,0.32
5/27/2015,22:30 EDT,POR,1,1.55,1.55,DCU,0,0.44,0.44,1,1.11,1.11,1,2.31,0.47
5/27/2015,22:00 EDT,SEA,1,1.11,1.12,COL,0,0.82,0.82,1,0.29,0.3,1,1.65,1.05
5/24/2015,19:00 EDT,SJE,1,1.21,1.22,ORL,1,1.15,1.15,0,0.07,0.07,0,1.39,1.19
5/24/2015,17:00 EDT,NYRB,0,1.32,1.37,PHI,2,1.46,1.47,-2,-0.14,-0.1,-2,1.2,1.52
5/23/2015,22:00 EDT,RSL,2,1.71,1.71,NYC,0,0.62,0.62,2,1.09,1.09,2,2.21,0.57
5/23/2015,22:00 EDT,SEA,0,1.19,1.21,SKC,0,0.56,0.56,0,0.63,0.65,0,1.88,0.8
5/23/2015,21:00 EDT,COL,1,1.12,1.12,VAN,0,0.9,0.9,1,0.23,0.23,1,1.46,1.21
5/23/2015,20:00 EDT,MTL,2,1.68,1.68,FCD,1,2.39,2.55,1,-0.72,-0.87,1,1.01,1.77
5/23/2015,19:30 EDT,NER,1,1.02,1.09,DCU,1,0.96,0.97,0,0.06,0.12,0,1.36,1.29
5/23/2015,17:00 EDT,TOR,1,1.74,1.74,POR,0,0.62,0.62,1,1.12,1.12,1,2.28,0.51
5/22/2015,22:30 EDT,LAG,1,1.02,1.04,HOU,0,0.58,0.58,1,0.44,0.46,1,1.76,0.89
5/22/2015,20:00 EDT,CLB,2,1.05,1.06,CHI,2,1.08,1.09,0,-0.03,-0.03,0,1.32,1.35
5/20/2015,20:00 EDT,SKC,4,2.48,2.48,NER,2,1.75,1.75,2,0.72,0.73,2,1.88,0.9
5/17/2015,19:00 EDT,PHI,1,1.39,1.39,DCU,0,0.37,0.37,1,1.02,1.02,1,2.29,0.48
5/17/2015,17:00 EDT,ORL,4,1.89,1.89,LAG,0,0.54,0.54,4,1.35,1.35,4,2.55,0.31
5/16/2015,22:30 EDT,SJE,2,1.75,1.75,CLB,0,0.46,0.46,2,1.29,1.29,2,2.33,0.46
5/16/2015,20:30 EDT,HOU,3,1.08,1.08,POR,1,0.53,0.53,2,0.55,0.55,2,1.83,0.86
5/16/2015,19:30 EDT,NER,1,2.04,2.04,TOR,1,0.81,0.81,0,1.23,1.23,0,2.21,0.57
5/16/2015,19:00 EDT,VAN,0,0.7,0.7,SEA,2,0.92,0.92,-2,-0.22,-0.22,-2,1.09,1.56
5/16/2015,16:00 EDT,MTL,4,3.09,3.21,RSL,1,0.51,0.51,3,2.59,2.7,3,2.84,0.1
5/15/2015,21:00 EDT,FCD,0,1.2,1.2,NYRB,0,1.2,1.2,0,0,0,0,1.35,1.35
5/15/2015,19:00 EDT,NYC,2,1.43,1.47,CHI,2,3.17,3.17,0,-1.74,-1.7,0,0.42,2.44
5/13/2015,20:00 EDT,DCU,2,0.81,0.81,ORL,1,0.3,0.31,1,0.51,0.51,1,1.85,0.76
5/10/2015,19:00 EDT,NYRB,2,2.7,2.7,NYC,1,0.89,0.89,1,1.81,1.81,1,2.59,0.29
5/10/2015,17:00 EDT,TOR,1,1.62,1.62,HOU,2,2.23,2.24,-1,-0.61,-0.61,-1,0.91,1.84
5/9/2015,20:30 EDT,FCD,2,1.74,1.74,LAG,1,0.12,0.12,1,1.62,1.62,1,2.76,0.13
5/9/2015,19:30 EDT,CLB,3,2.38,2.4,SEA,2,1.6,1.86,1,0.78,0.54,1,1.88,0.9
5/9/2015,19:00 EDT,VAN,3,2.6,2.6,PHI,0,0.58,0.6,3,2.02,2,3,2.62,0.26
5/9/2015,19:00 EDT,DCU,1,1.46,1.46,SKC,1,0.97,0.97,0,0.49,0.49,0,1.79,0.95
5/9/2015,16:00 EDT,MTL,1,1.57,1.61,POR,2,1.71,1.9,-1,-0.13,-0.29,-1,1.31,1.44
5/9/2015,15:00 EDT,CHI,1,1.63,1.65,RSL,2,0.44,0.44,-1,1.19,1.22,-1,2.44,0.37
5/8/2015,22:00 EDT,COL,1,1.39,1.39,SJE,1,1.08,1.08,0,0.31,0.31,0,1.56,1.15
5/8/2015,20:00 EDT,ORL,2,1.7,1.7,NER,2,1.6,1.62,0,0.1,0.08,0,1.39,1.32
5/6/2015,21:30 EDT,RSL,0,0.82,0.83,LAG,0,1.2,1.2,0,-0.37,-0.37,0,1.02,1.68
5/5/2015,20:30 EDT,HOU,0,1.47,1.47,SJE,1,0.83,0.84,-1,0.64,0.63,-1,2.01,0.73
5/3/2015,19:00 EDT,NYC,1,0.99,0.99,SEA,3,1.78,1.78,-2,-0.8,-0.79,-2,0.84,1.93
5/3/2015,17:00 EDT,SKC,1,1.57,1.57,CHI,0,0.85,0.85,1,0.72,0.72,1,1.92,0.81
5/2/2015,22:30 EDT,POR,0,1.54,1.54,VAN,0,0.18,0.18,0,1.36,1.37,0,2.65,0.2
5/2/2015,22:30 EDT,LAG,1,0.75,0.75,COL,1,0.92,0.92,0,-0.17,-0.17,0,1.17,1.49
5/2/2015,19:30 EDT,NER,2,0.91,0.91,NYRB,1,1.62,1.62,1,-0.71,-0.71,1,0.78,1.96
5/2/2015,19:00 EDT,DCU,2,1.78,1.78,CLB,0,0.83,0.83,2,0.94,0.94,2,2.08,0.69
5/2/2015,16:00 EDT,PHI,0,0.44,0.44,TOR,1,1.56,1.56,-1,-1.12,-1.12,-1,0.47,2.32
5/1/2015,22:00 EDT,RSL,0,0.44,0.44,SJE,1,0.63,0.64,-1,-0.19,-0.2,0,1.04,1.51
5/1/2015,20:00 EDT,HOU,1,0.6,0.6,FCD,4,0.52,0.52,-3,0.08,0.08,-3,1.35,1.21
4/29/2015,19:30 EDT,NYRB,1,1.87,1.88,COL,1,1.06,1.06,0,0.8,0.81,0,2.03,0.74
4/26/2015,21:30 EDT,SEA,1,1.21,1.42,POR,0,0.69,0.69,1,0.52,0.73,1,1.82,0.87
4/26/2015,19:00 EDT,ORL,0,0.75,0.75,TOR,2,1.14,1.14,-2,-0.4,-0.39,-2,0.94,1.75
4/26/2015,17:00 EDT,NYRB,1,1.82,1.99,LAG,1,1.01,1.01,0,0.82,0.98,0,1.96,0.78
4/25/2015,22:30 EDT,VAN,1,1.38,1.43,DCU,2,0.78,0.78,-1,0.6,0.65,-1,1.9,0.83
4/25/2015,20:30 EDT,HOU,4,0.8,0.8,SKC,4,2.64,3.01,0,-1.84,-2.21,0,0.34,2.53
4/25/2015,19:30 EDT,NER,4,3.61,3.88,RSL,0,0.34,0.34,4,3.27,3.54,4,2.92,0.05
4/25/2015,19:30 EDT,CLB,4,1.07,1.08,PHI,1,0.46,0.46,3,0.61,0.61,3,1.89,0.77
4/24/2015,22:00 EDT,COL,1,1.22,1.22,FCD,1,0.59,0.59,0,0.63,0.63,0,1.88,0.83
4/24/2015,20:00 EDT,CHI,1,1.9,1.91,NYC,0,0.51,0.52,1,1.39,1.4,1,2.32,0.48
4/19/2015,19:00 EDT,NYC,0,1.39,1.43,POR,1,1.46,1.46,-1,-0.08,-0.03,-1,1.25,1.48
4/19/2015,17:00 EDT,PHI,1,0.78,0.79,NER,2,1.73,1.73,-1,-0.94,-0.94,-1,0.66,2.09
4/18/2015,22:30 EDT,LAG,2,1.09,1.09,SKC,1,1.12,1.12,1,-0.03,-0.03,1,1.29,1.4
4/18/2015,21:30 EDT,RSL,0,0.64,0.64,VAN,1,0.96,0.96,-1,-0.32,-0.32,-1,1.02,1.65
4/18/2015,21:00 EDT,COL,1,1.75,1.75,SEA,3,1.85,2.14,-2,-0.1,-0.39,-2,1.24,1.52
4/18/2015,20:30 EDT,FCD,3,1.47,1.47,TOR,2,1.45,1.46,1,0.01,0.01,1,1.4,1.36
4/18/2015,19:30 EDT,CLB,3,2.5,2.54,ORL,0,0.71,0.71,3,1.8,1.83,3,2.53,0.32
4/18/2015,19:00 EDT,DCU,1,1.19,1.19,HOU,1,2.08,2.33,0,-0.9,-1.13,0,0.77,2
4/17/2015,19:00 EDT,NYRB,2,1.84,1.84,SJE,0,0.93,1.01,2,0.9,0.83,2,2.05,0.72
4/16/2015,19:00 EDT,NYC,1,1.19,1.2,PHI,1,1.37,1.42,0,-0.18,-0.22,0,1.17,1.55
4/12/2015,19:00 EDT,LAG,1,1.1,1.11,SEA,0,1.65,1.66,1,-0.55,-0.55,1,0.94,1.78
4/12/2015,17:00 EDT,POR,0,1.71,1.77,ORL,2,2.12,2.12,-2,-0.41,-0.35,-2,1.03,1.73
4/11/2015,22:30 EDT,SJE,1,1.24,1.39,VAN,0,0.14,0.14,1,1.1,1.25,1,2.38,0.37
4/11/2015,20:30 EDT,SKC,0,0.81,0.84,RSL,0,0.16,0.16,0,0.66,0.68,0,1.93,0.62
4/11/2015,20:30 EDT,HOU,3,0.95,0.95,MTL,0,1.36,1.36,3,-0.41,-0.42,3,1.03,1.7
4/11/2015,19:00 EDT,DCU,2,1.13,1.13,NYRB,2,2.04,2.07,0,-0.91,-0.94,0,0.72,2.06
4/11/2015,16:00 EDT,PHI,2,1.81,2.45,NYC,1,1.28,1.28,1,0.53,1.17,1,1.79,0.93
4/11/2015,15:00 EDT,NER,0,0.53,0.53,CLB,0,0.36,0.36,0,0.17,0.17,0,1.46,1.08
4/10/2015,19:00 EDT,FCD,0,0.52,0.53,COL,4,1,1,-4,-0.47,-0.47,-4,0.88,1.77
4/8/2015,22:00 EDT,VAN,2,1.42,1.44,CLB,2,1.72,1.72,0,-0.29,-0.28,0,1.19,1.57
4/5/2015,19:00 EDT,SKC,3,1.83,1.83,PHI,1,1.08,1.21,2,0.75,0.61,1,1.91,0.84
4/5/2015,17:00 EDT,SJE,0,1.39,1.4,RSL,1,0.5,0.51,-1,0.88,0.89,-1,2.14,0.6
4/4/2015,23:00 EDT,SEA,1,0.86,0.86,HOU,0,0.95,0.96,1,-0.09,-0.1,1,1.23,1.43
4/4/2015,22:30 EDT,POR,3,1.5,1.5,FCD,1,0.91,0.91,2,0.59,0.59,2,1.9,0.8
4/4/2015,22:00 EDT,VAN,2,1.93,1.93,LAG,0,0.63,0.63,2,1.3,1.3,2,2.34,0.47
4/4/2015,19:00 EDT,COL,0,1.63,1.63,NER,2,1.27,1.27,-2,0.35,0.35,-2,1.6,1.12
4/4/2015,15:00 EDT,CHI,3,1.13,1.13,TOR,2,0.86,0.86,1,0.27,0.27,1,1.48,1.17
4/3/2015,20:00 EDT,ORL,0,2.22,2.22,DCU,1,0.87,0.99,-1,1.35,1.23,-1,2.32,0.52
3/29/2015,19:00 EDT,RSL,2,1.08,1.08,TOR,1,1.51,1.51,1,-0.43,-0.43,1,0.97,1.74
3/29/2015,17:00 EDT,CHI,1,1.98,2.26,PHI,0,0.6,0.6,1,1.38,1.66,1,2.39,0.41
3/28/2015,20:30 EDT,FCD,0,0.22,0.22,SEA,0,0.96,0.96,0,-0.74,-0.74,0,0.56,2.08
3/28/2015,20:30 EDT,HOU,0,0.44,0.44,COL,0,0.49,0.49,0,-0.05,-0.05,0,1.2,1.29
3/28/2015,20:00 EDT,VAN,2,1.22,1.23,POR,1,1.63,1.63,1,-0.41,-0.4,1,1.02,1.72
3/28/2015,19:30 EDT,CLB,1,1.13,1.13,NYRB,2,1.65,1.66,-1,-0.51,-0.52,-1,0.92,1.81
3/28/2015,19:00 EDT,NYC,0,0.86,0.86,SKC,1,1.18,1.23,-1,-0.32,-0.37,-1,1.15,1.56
3/28/2015,19:00 EDT,DCU,1,0.65,0.65,LAG,0,1.49,1.52,1,-0.84,-0.87,1,0.71,2
3/28/2015,16:00 EDT,MTL,2,1.15,1.15,ORL,2,0.87,0.89,0,0.28,0.26,0,1.7,0.99
3/28/2015,15:00 EDT,NER,2,2.63,2.83,SJE,1,1.61,1.63,1,1.02,1.2,1,1.99,0.79
3/22/2015,19:00 EDT,SJE,2,2.09,2.36,CHI,1,0.82,0.82,1,1.26,1.54,1,2.32,0.48
3/22/2015,17:00 EDT,NYRB,2,1.72,1.72,DCU,0,1.91,1.92,2,-0.2,-0.2,2,1.25,1.48
3/21/2015,22:30 EDT,LAG,1,1.08,1.08,HOU,1,1.12,1.12,0,-0.03,-0.03,0,1.35,1.3
3/21/2015,20:30 EDT,SKC,0,0.75,0.75,POR,0,0.42,0.42,0,0.33,0.33,0,1.71,0.88
3/21/2015,19:30 EDT,ORL,0,0.66,0.66,VAN,1,1.21,1.21,-1,-0.55,-0.55,-1,0.84,1.85
3/21/2015,16:00 EDT,PHI,0,0.77,0.77,FCD,2,1.19,1.19,-2,-0.42,-0.42,-2,1.05,1.64
3/21/2015,16:00 EDT,COL,0,1.11,1.11,NYC,0,0.45,0.45,0,0.67,0.67,0,1.93,0.75
3/21/2015,15:00 EDT,NER,0,0.62,0.62,MTL,0,0.39,0.39,0,0.23,0.23,0,1.49,1.06
3/15/2015,19:00 EDT,POR,2,0.94,0.94,LAG,2,1.63,1.64,0,-0.69,-0.7,0,0.85,1.88
3/15/2015,17:00 EDT,NYC,2,2.95,3,NER,0,1.75,1.77,2,1.2,1.23,2,2.17,0.63
3/14/2015,23:00 EDT,SEA,2,1.67,1.67,SJE,3,1.06,1.06,-1,0.61,0.61,-1,1.9,0.86
3/14/2015,21:30 EDT,RSL,3,2.23,2.23,PHI,2,1.4,1.41,1,0.83,0.83,0,1.96,0.82
3/14/2015,20:30 EDT,FCD,3,1.64,1.66,SKC,1,1.72,1.74,2,-0.08,-0.08,2,1.23,1.52
3/14/2015,19:30 EDT,CLB,2,2.15,2.15,TOR,0,0.69,0.7,2,1.46,1.45,2,2.48,0.35
3/14/2015,18:00 EDT,CHI,0,0.94,0.94,VAN,1,2.27,2.28,-1,-1.33,-1.34,-1,0.56,2.24
3/13/2015,19:00 EDT,HOU,0,0.41,0.41,ORL,0,0.61,0.61,0,-0.2,-0.2,-1,1.04,1.5
3/8/2015,21:30 EDT,SEA,3,2.22,2.22,NER,0,0.53,0.53,3,1.69,1.68,3,2.75,0.16
3/8/2015,19:00 EDT,SKC,1,2.21,2.26,NYRB,1,0.98,0.99,0,1.22,1.28,0,2.17,0.65
3/8/2015,17:00 EDT,ORL,1,0.6,0.6,NYC,1,0.53,0.53,0,0.07,0.07,0,1.38,1.2
3/7/2015,22:30 EST,POR,0,1.52,1.56,RSL,0,0.59,0.59,0,0.94,0.98,0,2.07,0.67
3/7/2015,20:30 EST,HOU,1,0.74,0.74,CLB,0,1.29,1.29,1,-0.55,-0.55,1,0.94,1.76
3/7/2015,20:30 EST,FCD,1,1.33,1.35,SJE,0,0.48,0.48,1,0.85,0.87,1,2.02,0.68
3/7/2015,18:00 EST,VAN,1,1.24,1.24,TOR,3,2.46,2.46,-2,-1.22,-1.23,-2,0.48,2.33
3/7/2015,16:00 EST,PHI,0,1.23,1.23,COL,0,0.1,0.1,0,1.12,1.12,0,2.39,0.34
3/7/2015,15:00 EST,DCU,1,1.31,1.32,MTL,0,1.12,1.14,1,0.19,0.17,1,1.57,1.16
3/6/2015,22:00 EST,LAG,2,1.18,1.18,CHI,0,0.51,0.51,2,0.67,0.67,2,1.89,0.77
10/26/2014,20:30 EDT,SKC,0,0.42,0.42,NYRB,2,2.08,2.08,-2,-1.66,-1.66,-2,0.32,2.54
10/26/2014,16:30 EDT,CHV,1,1.29,1.4,SJE,0,0.51,0.51,1,0.77,0.89,1,1.97,0.73
10/26/2014,16:00 EDT,CLB,2,2.35,2.48,PHI,1,0.96,0.96,1,1.39,1.52,1,2.36,0.45
10/25/2014,22:00 EDT,VAN,1,1.43,1.43,COL,0,0.61,0.63,1,0.82,0.8,1,1.99,0.75
10/25/2014,21:30 EDT,FCD,0,0.34,0.34,POR,2,0.93,0.93,-2,-0.59,-0.59,-2,0.72,1.91
10/25/2014,19:30 EDT,NER,1,1.47,1.48,TOR,0,0.5,0.5,1,0.97,0.97,1,2.15,0.6
10/25/2014,16:00 EDT,MTL,1,0.63,0.63,DCU,1,0.86,0.86,0,-0.24,-0.24,0,1.05,1.6
10/25/2014,14:30 EDT,SEA,2,0.6,0.6,LAG,0,1.08,1.08,2,-0.48,-0.48,2,0.93,1.74
10/24/2014,20:00 EDT,CHI,2,1.41,1.41,HOU,1,1.15,1.16,1,0.27,0.25,1,1.67,1.04
10/22/2014,21:30 EDT,RSL,2,2.33,2.34,CHV,0,0.11,0.11,2,2.23,2.23,2,2.84,0.09
10/19/2014,20:30 EDT,LAG,2,0.5,0.51,SEA,2,1.6,1.6,0,-1.1,-1.1,0,0.5,2.28
10/19/2014,15:00 EDT,NYRB,1,0.45,0.45,CLB,3,1.61,1.61,-2,-1.16,-1.16,-2,0.48,2.29
10/18/2014,22:30 EDT,SJE,0,0.55,0.56,VAN,0,0.62,0.62,0,-0.07,-0.06,0,1.18,1.37
10/18/2014,20:00 EDT,PHI,2,2.29,2.29,SKC,1,1.55,1.55,1,0.74,0.74,1,1.97,0.8
10/18/2014,19:00 EDT,DCU,2,1.37,1.37,CHI,1,1.27,1.28,1,0.1,0.09,1,1.46,1.24
10/18/2014,15:00 EDT,COL,0,0.2,0.2,FCD,1,1.61,1.61,-1,-1.41,-1.41,-1,0.2,2.66
10/18/2014,14:00 EDT,TOR,1,1.13,1.14,MTL,1,1.84,1.85,0,-0.71,-0.72,0,0.9,1.85
10/17/2014,22:00 EDT,POR,0,2.68,3.23,RSL,0,0.61,0.61,0,2.06,2.62,0,2.69,0.19
10/16/2014,20:00 EDT,HOU,1,1.01,1.09,NER,2,1.86,1.93,-1,-0.85,-0.84,-1,0.77,2
10/12/2014,19:00 EDT,FCD,2,0.77,0.77,LAG,1,0.53,0.53,1,0.23,0.23,1,1.53,1.08
10/12/2014,16:00 EDT,HOU,1,1.97,1.98,DCU,3,2.32,2.34,-2,-0.35,-0.36,-2,1.18,1.58
10/11/2014,22:30 EDT,CHV,2,1.3,1.3,COL,1,0.91,0.91,1,0.39,0.39,1,1.8,0.92
10/11/2014,21:30 EDT,RSL,2,1.36,1.36,SJE,0,0.32,0.32,2,1.03,1.03,2,2.21,0.52
10/11/2014,19:00 EDT,PHI,2,2.42,2.51,CLB,3,1.74,1.74,-1,0.68,0.77,-1,1.89,0.9
10/11/2014,19:00 EDT,NYRB,3,2.49,2.53,TOR,1,1.64,1.64,2,0.84,0.88,2,2.02,0.75
10/11/2014,16:00 EDT,MTL,2,1.58,1.58,NER,2,1,1,0,0.57,0.57,0,1.86,0.88
10/10/2014,22:00 EDT,SEA,0,0.61,0.61,VAN,1,0.92,0.92,-1,-0.31,-0.31,-1,0.91,1.75
10/10/2014,20:30 EDT,SKC,2,1.6,1.6,CHI,0,1,1,2,0.59,0.59,2,1.9,0.83
10/8/2014,22:30 EDT,POR,3,3.11,3.16,SJE,0,0.6,0.61,3,2.52,2.55,3,2.8,0.13
10/8/2014,19:30 EDT,TOR,0,3.05,3.09,HOU,1,1.31,1.31,-1,1.73,1.77,-1,2.44,0.41
10/5/2014,19:00 EDT,CHV,1,1.92,1.97,RSL,0,0.73,0.73,1,1.19,1.24,1,2.37,0.47
10/5/2014,17:00 EDT,CHI,0,1.19,1.19,MTL,0,0.4,0.4,0,0.78,0.78,0,2.02,0.67
10/5/2014,15:00 EDT,COL,1,0.82,0.83,SEA,4,3.21,3.26,-3,-2.39,-2.43,-3,0.15,2.78
10/4/2014,23:00 EDT,SJE,1,1.21,1.41,POR,2,1.21,1.22,-1,0,0.2,-1,1.35,1.34
10/4/2014,22:30 EDT,LAG,3,0.87,0.87,TOR,0,1,1.01,3,-0.13,-0.13,3,1.22,1.43
10/4/2014,19:30 EDT,NER,2,0.7,0.7,CLB,1,2.3,2.31,1,-1.6,-1.62,1,0.41,2.44
10/4/2014,19:00 EDT,VAN,2,0.6,0.6,FCD,0,0.73,0.73,2,-0.13,-0.13,2,1.19,1.41
10/4/2014,18:00 EDT,NYRB,1,1.87,1.96,HOU,0,0.73,0.73,1,1.14,1.23,1,2.26,0.54
10/3/2014,20:00 EDT,DCU,0,0.66,0.66,SKC,0,0.41,0.41,0,0.26,0.26,0,1.69,0.9
10/2/2014,20:00 EDT,PHI,1,1.2,1.2,CHI,1,0.4,0.4,0,0.8,0.8,0,2.08,0.64
9/28/2014,20:30 EDT,LAG,4,2.33,2.58,NYRB,0,1.25,1.25,4,1.08,1.33,4,2.06,0.73
9/28/2014,15:00 EDT,HOU,2,1.32,1.32,CHI,0,0.61,0.61,2,0.71,0.71,2,1.93,0.78
9/27/2014,21:00 EDT,COL,1,0.88,0.88,SJE,1,0.65,0.65,0,0.23,0.23,0,1.57,1.09
9/27/2014,19:30 EDT,CLB,2,2.28,2.29,MTL,0,1.07,1.07,2,1.2,1.22,2,2.26,0.52
9/27/2014,19:00 EDT,VAN,2,3.62,3.67,RSL,1,1.08,1.08,1,2.54,2.58,1,2.8,0.14
9/27/2014,16:00 EDT,SEA,4,1.53,1.53,CHV,1,0.97,1.19,3,0.56,0.34,2,1.78,0.95
9/27/2014,15:00 EDT,DCU,1,1.26,1.31,PHI,0,0.62,0.62,1,0.64,0.69,1,1.93,0.79
9/27/2014,13:00 EDT,TOR,3,1.27,1.27,POR,1,1.32,1.32,2,-0.05,-0.05,1,1.35,1.36
9/26/2014,20:00 EDT,SKC,2,1.72,1.72,NER,3,0.82,0.82,-1,0.9,0.9,-1,2.17,0.6
9/24/2014,21:00 EDT,FCD,3,1.14,1.14,SEA,1,0.69,0.7,2,0.44,0.44,2,1.74,0.95
9/21/2014,15:00 EDT,TOR,3,2.35,2.37,CHV,0,0.61,0.61,3,1.75,1.76,3,2.59,0.29
9/20/2014,22:30 EDT,LAG,2,2.56,2.7,FCD,1,0.5,0.5,1,2.05,2.2,1,2.62,0.27
9/20/2014,20:30 EDT,CHI,3,2.01,2.01,DCU,3,1.48,1.84,0,0.52,0.17,0,1.78,0.99
9/20/2014,19:30 EDT,NYRB,4,2.25,2.31,SEA,1,1.19,1.2,3,1.06,1.11,3,2.18,0.63
9/20/2014,19:30 EDT,CLB,1,1.44,1.46,NER,0,0.52,0.52,1,0.93,0.94,1,2.27,0.51
9/20/2014,19:30 EDT,MTL,2,1.78,1.79,SJE,0,0.77,0.77,2,1.01,1.02,2,2.11,0.68
9/20/2014,19:00 EDT,PHI,0,2.61,2.64,HOU,0,1.1,1.14,0,1.51,1.5,0,2.39,0.45
9/20/2014,17:00 EDT,POR,3,1.5,1.5,VAN,0,0.86,0.86,3,0.64,0.64,3,1.93,0.81
9/19/2014,22:00 EDT,RSL,4,3.34,3.34,COL,1,0.81,0.81,3,2.53,2.53,4,2.84,0.1
9/14/2014,15:00 EDT,SJE,1,0.43,0.44,LAG,1,2.26,2.58,0,-1.83,-2.15,0,0.25,2.62
9/13/2014,21:00 EDT,COL,2,2.71,2.78,POR,2,1.35,1.35,0,1.36,1.43,0,2.29,0.55
9/13/2014,20:30 EDT,FCD,2,1.15,1.15,VAN,1,0.6,0.6,1,0.54,0.54,1,1.77,0.9
9/13/2014,20:30 EDT,CHI,1,2.28,2.31,TOR,1,1.55,1.55,0,0.73,0.76,0,1.97,0.8
9/13/2014,20:30 EDT,HOU,1,1.8,1.95,CLB,2,1.19,1.19,-1,0.61,0.76,0,1.83,0.94
9/13/2014,19:30 EDT,NER,2,1.5,1.51,MTL,1,0.67,0.67,1,0.83,0.83,1,2.04,0.69
9/13/2014,15:00 EDT,PHI,2,1.79,1.84,NYRB,2,1.19,1.19,0,0.61,0.65,0,1.8,0.89
9/12/2014,22:30 EDT,CHV,0,0.22,0.22,SKC,4,2.1,2.18,-4,-1.88,-1.96,-4,0.13,2.77
9/12/2014,22:30 EDT,SEA,3,2.2,2.21,RSL,2,0.4,0.4,1,1.8,1.81,1,2.63,0.25
9/10/2014,22:00 EDT,VAN,2,2.34,2.34,SJE,0,0.14,0.14,2,2.2,2.2,2,2.87,0.08
9/10/2014,20:00 EDT,NYRB,1,1.74,1.74,DCU,0,0.28,0.28,1,1.46,1.46,1,2.52,0.29
9/10/2014,19:30 EDT,MTL,2,1.71,1.71,LAG,2,2.1,2.11,0,-0.39,-0.4,0,1.08,1.64
9/7/2014,19:00 EDT,NER,2,1.69,1.69,CHI,1,1.16,1.16,1,0.54,0.54,1,1.81,0.93
9/7/2014,17:00 EDT,POR,3,4.12,4.12,SJE,3,1.34,1.4,0,2.78,2.72,0,2.69,0.24
9/7/2014,15:00 EDT,CLB,3,1.69,1.69,CHV,0,0.19,0.19,3,1.5,1.5,3,2.67,0.19
9/6/2014,22:00 EDT,VAN,0,1.16,1.16,DCU,0,0.6,0.6,0,0.55,0.55,0,1.8,0.9
9/6/2014,22:00 EDT,RSL,2,1.46,1.47,FCD,1,0.55,0.55,1,0.91,0.92,1,2.16,0.61
9/6/2014,20:30 EDT,HOU,3,1.54,1.54,MTL,2,1.54,1.54,1,0,0,1,1.29,1.44
9/6/2014,19:30 EDT,NYRB,2,1.04,1.04,SKC,1,1.44,1.44,1,-0.4,-0.41,1,1.01,1.68
9/6/2014,14:00 EDT,TOR,0,0.72,0.73,PHI,2,0.94,0.94,-2,-0.22,-0.21,-2,1.14,1.52
9/5/2014,22:30 EDT,LAG,6,3.8,3.82,COL,0,0.38,0.38,6,3.42,3.44,6,2.96,0.03
9/3/2014,22:30 EDT,CHV,2,1.45,1.45,SEA,4,1.74,1.74,-2,-0.29,-0.29,-2,1.16,1.57
9/3/2014,19:30 EDT,NER,3,0.81,0.81,SKC,1,0.62,0.62,2,0.19,0.19,2,1.49,1.13
9/3/2014,19:00 EDT,PHI,1,1.2,1.2,TOR,0,0.79,0.8,1,0.41,0.4,1,1.74,0.97
8/31/2014,20:00 EDT,CHV,0,0.42,0.42,LAG,3,1.54,1.54,-3,-1.13,-1.12,-3,0.47,2.31
8/31/2014,14:30 EDT,DCU,2,1.6,1.6,NYRB,0,1.41,1.41,2,0.19,0.19,2,1.53,1.19
8/30/2014,22:30 EDT,VAN,0,0.78,0.78,POR,3,1.21,1.21,-3,-0.43,-0.43,-3,1.01,1.69
8/30/2014,22:30 EDT,SJE,1,0.7,0.7,RSL,1,1.48,1.48,0,-0.78,-0.78,0,0.66,2.07
8/30/2014,20:30 EDT,CHI,1,1.29,1.29,FCD,0,1.14,1.15,1,0.15,0.15,1,1.5,1.22
8/30/2014,19:30 EDT,MTL,2,0.98,0.98,CLB,0,0.75,0.75,2,0.22,0.22,2,1.54,1.13
8/30/2014,17:00 EDT,TOR,0,1.07,1.08,NER,3,0.56,0.56,-3,0.51,0.52,-3,1.81,0.86
8/30/2014,16:00 EDT,SEA,1,1.03,1.04,COL,0,0.55,0.55,1,0.48,0.49,1,1.83,0.86
8/29/2014,21:00 EDT,SKC,1,0.99,0.99,HOU,3,1.08,1.08,-2,-0.09,-0.09,-2,1.32,1.36
8/27/2014,22:30 EDT,LAG,4,2.68,2.68,DCU,0,0.14,0.14,4,2.53,2.53,3,2.93,0.04
8/24/2014,21:00 EDT,PHI,4,2.15,2.15,SJE,2,0.81,0.87,2,1.34,1.28,2,2.37,0.45
8/24/2014,17:00 EDT,POR,2,1.72,1.73,SEA,4,2.5,2.51,-2,-0.78,-0.78,-2,0.82,1.95
8/23/2014,22:30 EDT,LAG,2,1.44,1.46,VAN,0,0.33,0.33,2,1.11,1.12,2,2.24,0.5
8/23/2014,20:30 EDT,SKC,0,0.44,0.44,DCU,3,1.7,1.7,-3,-1.26,-1.26,-3,0.42,2.38
8/23/2014,19:30 EDT,NER,1,0.75,0.75,CHV,0,0.67,0.67,1,0.08,0.08,1,1.37,1.24
8/23/2014,19:30 EDT,CLB,3,1.8,1.8,HOU,0,1.1,1.1,3,0.7,0.7,3,2.01,0.74
8/23/2014,19:00 EDT,NYRB,4,2.03,2.03,MTL,2,1.22,1.22,2,0.81,0.81,2,1.89,0.88
8/23/2014,19:00 EDT,TOR,1,1.97,1.97,CHI,2,1.19,1.19,-1,0.78,0.78,0,2.02,0.76
8/22/2014,21:00 EDT,FCD,2,1.23,1.23,RSL,1,0.88,0.88,1,0.35,0.35,1,1.69,0.99
8/20/2014,22:00 EDT,SEA,1,1.22,1.23,SJE,1,1.23,1.23,0,-0.01,0,0,1.26,1.42
8/20/2014,21:00 EDT,COL,3,1.26,1.28,LAG,4,2.84,2.85,-1,-1.58,-1.57,-1,0.48,2.35
8/17/2014,20:00 EDT,DCU,4,1.32,1.32,COL,2,1.36,1.36,2,-0.04,-0.04,2,1.27,1.44
8/16/2014,22:30 EDT,SJE,0,2.45,2.5,FCD,5,2.28,2.36,-5,0.17,0.14,-5,1.49,1.29
8/16/2014,22:30 EDT,CHV,0,0.93,0.93,VAN,0,0.5,0.5,0,0.43,0.43,0,1.76,0.87
8/16/2014,20:30 EDT,SKC,4,2.35,2.35,TOR,1,1.19,1.19,3,1.17,1.16,3,2.25,0.53
8/16/2014,19:30 EDT,CLB,4,1.33,1.33,LAG,1,2.2,2.21,3,-0.87,-0.87,3,0.8,2
8/16/2014,19:30 EDT,NER,1,0.82,0.82,POR,1,1.12,1.12,0,-0.31,-0.31,0,1.08,1.59
8/16/2014,18:30 EDT,MTL,1,0.75,0.75,CHI,0,0.78,0.78,1,-0.02,-0.02,1,1.2,1.42
8/16/2014,14:30 EDT,RSL,2,0.91,0.91,SEA,1,1.33,1.87,1,-0.42,-0.97,1,0.91,1.81
8/15/2014,21:00 EDT,HOU,1,2.66,2.68,PHI,0,1.41,1.45,1,1.25,1.23,2,2.2,0.6
8/10/2014,22:30 EDT,SEA,2,1.59,1.59,HOU,0,1.72,1.86,2,-0.13,-0.28,2,1.18,1.54
8/10/2014,20:00 EDT,CHI,1,1.78,1.78,NYRB,0,0.97,0.97,1,0.81,0.81,1,2.07,0.68
8/10/2014,20:00 EDT,VAN,1,2.47,2.47,SKC,0,0.82,0.82,1,1.65,1.65,2,2.52,0.32
8/9/2014,22:30 EDT,POR,2,1.18,1.18,CHV,0,0.44,0.44,2,0.74,0.74,2,1.96,0.77
8/9/2014,22:00 EDT,RSL,3,1.76,1.76,DCU,0,0.43,0.43,3,1.33,1.33,3,2.42,0.38
8/9/2014,22:00 EDT,FCD,3,1.7,1.81,COL,1,2.61,2.62,2,-0.91,-0.81,2,0.75,2.02
8/9/2014,19:30 EDT,CLB,2,1.68,1.74,TOR,3,1.92,2.05,-1,-0.24,-0.32,-1,1.23,1.53
8/9/2014,19:00 EDT,PHI,2,1.32,1.32,MTL,1,1.21,1.21,1,0.12,0.12,1,1.48,1.22
8/8/2014,22:30 EDT,LAG,2,1.82,1.85,SJE,2,0.45,0.45,0,1.37,1.4,0,2.42,0.39
8/3/2014,23:00 EDT,CHV,0,0.52,0.52,FCD,1,1.9,2,-1,-1.38,-1.47,-1,0.42,2.39
8/3/2014,20:00 EDT,HOU,1,2.45,2.45,DCU,0,0.41,0.41,1,2.04,2.04,1,2.71,0.19
8/2/2014,22:30 EDT,SJE,1,1.19,1.19,SEA,0,1.32,1.34,1,-0.12,-0.14,1,1.28,1.44
8/2/2014,21:30 EDT,CHI,1,1.39,1.39,CLB,1,2.08,2.08,0,-0.68,-0.69,0,0.82,1.93
8/2/2014,21:00 EDT,COL,0,1.9,1.91,RSL,1,0.33,0.33,-1,1.56,1.58,-1,2.53,0.32
8/2/2014,19:00 EDT,NYRB,2,1.11,1.11,NER,1,1.39,1.42,1,-0.29,-0.31,1,1.16,1.58
8/2/2014,17:00 EDT,MTL,0,0.92,0.95,TOR,2,1.92,1.93,-2,-1,-0.99,-2,0.59,2.2
8/2/2014,15:30 EDT,LAG,3,3.38,3.38,POR,1,0.35,0.35,2,3.03,3.03,2,2.91,0.05
8/1/2014,20:00 EDT,SKC,1,1.81,1.81,PHI,1,0.97,0.98,0,0.84,0.83,0,1.98,0.78
7/30/2014,22:00 EDT,RSL,1,1.03,1.06,NYRB,1,0.33,0.33,0,0.7,0.73,0,1.97,0.67
7/30/2014,20:30 EDT,NER,3,1.24,1.24,COL,0,0.5,0.5,3,0.74,0.74,3,1.98,0.73
7/30/2014,20:30 EDT,CHI,0,0.42,0.42,VAN,0,0.86,0.87,0,-0.45,-0.45,0,0.85,1.75
7/30/2014,19:00 EDT,DCU,2,0.99,0.99,TOR,0,1.24,1.24,2,-0.25,-0.25,3,1.14,1.56
7/28/2014,22:00 EDT,SEA,0,0.68,0.68,LAG,3,1.66,1.74,-3,-0.98,-1.05,-3,0.64,2.11
7/27/2014,20:00 EDT,MTL,2,0.84,0.84,POR,3,1.96,1.96,-1,-1.11,-1.11,-1,0.52,2.27
7/27/2014,18:00 EDT,VAN,2,3.26,3.27,FCD,2,1.69,1.71,0,1.57,1.56,0,2.31,0.53
7/26/2014,19:30 EDT,NER,1,0.9,0.9,CLB,2,1.63,1.63,-1,-0.73,-0.73,-1,0.84,1.91
7/26/2014,19:00 EDT,TOR,1,2.16,2.17,SKC,2,1.64,1.72,-1,0.52,0.45,-1,1.67,1.1
7/25/2014,21:30 EDT,COL,3,1.61,1.77,CHV,0,0.35,0.35,3,1.27,1.43,3,2.36,0.42
7/24/2014,22:00 EDT,RSL,3,2.53,2.59,MTL,1,0.68,0.68,2,1.84,1.91,2,2.58,0.28
7/23/2014,22:30 EDT,SJE,5,1.83,1.9,CHI,1,0.33,0.33,4,1.5,1.56,4,2.45,0.36
7/20/2014,20:00 EDT,DCU,3,1.44,1.44,CHV,1,1.37,1.37,2,0.07,0.07,2,1.4,1.24
7/19/2014,22:00 EDT,RSL,1,1.6,1.62,VAN,1,1.45,1.45,0,0.15,0.17,0,1.42,1.29
7/19/2014,21:30 EDT,CHI,1,0.39,0.4,PHI,1,1.07,1.13,0,-0.68,-0.73,0,0.56,2.15
7/19/2014,21:00 EDT,FCD,2,1.92,1.94,NER,0,0.43,0.43,2,1.49,1.51,2,2.4,0.4
7/19/2014,21:00 EDT,HOU,2,1.58,1.59,TOR,2,3.02,3.02,0,-1.45,-1.44,0,0.43,2.4
7/19/2014,20:30 EDT,CLB,2,1.02,1.03,MTL,1,1.26,1.27,1,-0.24,-0.24,1,1.18,1.53
7/19/2014,19:00 EDT,NYRB,1,2.32,2.37,SJE,1,0.97,0.98,0,1.34,1.39,0,2.32,0.5
7/19/2014,18:00 EDT,SKC,2,1.53,1.55,LAG,1,0.74,0.74,1,0.79,0.81,1,2.01,0.72
7/18/2014,23:00 EDT,POR,2,0.93,0.93,COL,1,1.76,2.49,1,-0.83,-1.56,1,0.79,1.97
7/16/2014,22:30 EDT,LAG,5,1.75,1.75,NER,1,1.53,1.54,4,0.22,0.21,4,1.57,1.14
7/16/2014,20:00 EDT,TOR,1,1.7,1.7,VAN,1,0.54,0.54,0,1.16,1.16,0,2.37,0.44
7/16/2014,19:30 EDT,CLB,0,0.74,0.79,SKC,2,0.82,0.82,-2,-0.08,-0.03,-1,1.17,1.46
7/16/2014,19:00 EDT,PHI,3,2.18,2.18,NYRB,1,1.21,1.25,2,0.98,0.93,2,2.1,0.7
7/13/2014,23:00 EDT,SEA,2,2.74,3.06,POR,0,0.41,0.41,2,2.33,2.65,2,2.79,0.13
7/12/2014,22:30 EDT,LAG,1,2.01,2.01,RSL,0,1.19,1.19,1,0.81,0.81,1,2.03,0.75
7/12/2014,22:00 EDT,VAN,1,0.78,0.78,CHV,3,0.89,0.91,-2,-0.11,-0.13,-2,1.24,1.39
7/12/2014,19:30 EDT,MTL,1,0.62,0.62,SKC,2,0.99,0.99,-1,-0.37,-0.37,-1,0.99,1.64
7/12/2014,19:30 EDT,NER,0,2.12,2.13,CHI,1,0.87,0.87,-1,1.24,1.26,-1,2.23,0.57
7/12/2014,19:00 EDT,NYRB,4,2.14,2.35,CLB,1,1.04,1.07,3,1.1,1.27,3,2.14,0.67
7/12/2014,19:00 EDT,TOR,4,3.44,3.78,HOU,2,1.52,1.52,2,1.92,2.26,2,2.5,0.37
7/12/2014,19:00 EDT,PHI,3,1.97,1.97,COL,3,1.81,1.81,0,0.15,0.15,0,1.45,1.26
7/11/2014,23:00 EDT,SJE,1,1.44,1.94,DCU,2,1.67,1.7,-1,-0.23,0.25,-1,1.16,1.57
7/6/2014,15:00 EDT,SKC,1,1.92,1.97,CHI,1,0.68,0.68,0,1.25,1.29,0,2.28,0.53
7/5/2014,22:30 EDT,CHV,1,0.59,0.59,MTL,0,0.69,0.69,1,-0.1,-0.1,1,1.23,1.37
7/5/2014,22:00 EDT,VAN,1,1.22,1.22,SEA,0,0.56,0.57,1,0.66,0.65,1,1.9,0.79
7/5/2014,19:00 EDT,TOR,1,1.96,2.04,DCU,2,0.6,0.6,-1,1.36,1.44,-1,2.41,0.41
7/4/2014,23:00 EDT,LAG,1,0.9,0.9,POR,2,0.8,0.81,-1,0.1,0.09,0,1.43,1.21
7/4/2014,22:00 EDT,RSL,2,2.11,2.14,NER,1,0.98,0.98,1,1.13,1.16,1,2.35,0.44
7/4/2014,21:30 EDT,COL,0,1.07,1.14,CLB,1,2.09,2.09,-1,-1.02,-0.95,0,0.68,2.1
7/4/2014,21:00 EDT,FCD,1,0.95,0.95,PHI,1,0.55,0.55,0,0.4,0.4,1,1.75,0.9
7/4/2014,20:30 EDT,HOU,2,2.19,2.19,NYRB,2,0.99,0.99,0,1.2,1.2,0,2.23,0.57
7/2/2014,22:30 EDT,SJE,0,1.14,1.14,CHV,1,0.82,0.82,-1,0.32,0.32,-1,1.64,1.05
7/2/2014,20:30 EDT,CHI,1,1.37,1.46,TOR,1,0.52,0.52,0,0.85,0.94,0,2.08,0.63
6/29/2014,19:30 EDT,MTL,3,1.9,2.04,HOU,0,0.87,0.87,3,1.04,1.17,3,2.11,0.64
6/29/2014,14:00 EDT,CLB,0,0.8,0.86,FCD,0,1.55,1.55,0,-0.75,-0.69,0,0.76,1.97
6/28/2014,22:30 EDT,SJE,0,0.85,0.85,LAG,1,1.69,1.7,-1,-0.84,-0.85,-1,0.73,2.03
6/28/2014,22:30 EDT,CHV,1,1.58,1.58,RSL,0,0.76,0.76,1,0.82,0.82,1,2.02,0.72
6/28/2014,21:00 EDT,COL,2,1.64,1.64,VAN,0,0.3,0.3,2,1.34,1.34,2,2.54,0.28
6/28/2014,20:00 EDT,DCU,0,0.89,0.89,SEA,1,0.36,0.36,-1,0.53,0.53,-1,1.81,0.8
6/28/2014,19:30 EDT,NER,1,2.54,2.59,PHI,3,1.36,1.36,-2,1.18,1.23,-2,2.18,0.61
6/27/2014,23:00 EDT,POR,0,0.95,0.96,SKC,1,0.76,0.76,-1,0.19,0.2,-1,1.52,1.16
6/27/2014,20:00 EDT,NYRB,2,1.87,1.87,TOR,2,1.48,1.52,0,0.39,0.35,0,1.71,1.05
6/25/2014,22:00 EDT,VAN,0,0.7,0.71,MTL,0,0.92,0.93,0,-0.23,-0.22,0,1.18,1.49
6/11/2014,22:00 EDT,POR,2,3.95,4.11,FCD,2,1.59,1.71,0,2.36,2.41,0,2.57,0.32
6/11/2014,19:30 EDT,MTL,2,1.63,1.63,DCU,4,2.13,2.13,-2,-0.51,-0.51,-2,0.91,1.82
6/8/2014,20:00 EDT,LAG,1,2.03,2.08,CHV,1,0.68,0.68,0,1.35,1.4,0,2.32,0.48
6/8/2014,17:00 EDT,NER,0,1.09,1.09,NYRB,2,0.92,0.92,-2,0.16,0.16,-2,1.49,1.22
6/7/2014,22:00 EDT,RSL,1,0.67,0.67,POR,3,1.92,2.05,-2,-1.26,-1.38,-2,0.41,2.39
6/7/2014,20:30 EDT,FCD,3,1.27,1.28,COL,2,0.83,0.83,1,0.45,0.45,1,1.78,0.95
6/7/2014,20:30 EDT,CHI,2,0.84,0.86,SEA,3,1.77,1.77,-1,-0.94,-0.91,-1,0.64,2.13
6/7/2014,19:00 EDT,PHI,3,3.39,3.44,VAN,3,1.71,1.71,0,1.68,1.73,0,2.36,0.48
6/7/2014,18:30 EDT,DCU,0,1.85,1.85,CLB,0,0.93,0.93,0,0.92,0.91,0,2.08,0.68
6/7/2014,16:00 EDT,TOR,1,1.37,1.37,SJE,0,0.97,1.01,1,0.4,0.36,1,1.75,0.96
6/6/2014,20:30 EDT,HOU,0,1.81,1.86,SKC,2,1.41,1.43,-2,0.41,0.42,-2,1.7,1.03
6/4/2014,21:00 EDT,COL,0,0.55,0.55,CHI,0,0.13,0.13,0,0.42,0.42,0,1.7,0.8
6/4/2014,19:30 EDT,CLB,1,2.42,2.43,RSL,1,0.52,0.52,0,1.9,1.91,0,2.69,0.19
6/1/2014,21:00 EDT,POR,3,1.67,1.67,VAN,4,3.23,3.44,-1,-1.57,-1.77,-1,0.44,2.43
6/1/2014,20:00 EDT,COL,3,1.46,1.46,HOU,0,0.37,0.37,3,1.09,1.09,3,2.19,0.54
6/1/2014,16:00 EDT,CHI,1,1.35,1.35,LAG,1,0.67,0.67,0,0.68,0.68,0,2.01,0.7
5/31/2014,22:30 EDT,CHV,0,0.4,0.4,PHI,3,1.78,1.81,-3,-1.38,-1.41,-3,0.29,2.55
5/31/2014,20:30 EDT,FCD,1,1.52,1.52,SJE,2,1.02,1.06,-1,0.5,0.46,-1,1.8,0.95
5/31/2014,19:00 EDT,DCU,1,0.62,0.62,SKC,0,1.37,1.37,1,-0.74,-0.75,1,0.73,1.97
5/31/2014,19:00 EDT,MTL,2,1.98,2.03,NER,0,0.81,0.81,2,1.18,1.22,2,2.24,0.57
5/31/2014,17:00 EDT,TOR,3,1.41,1.41,CLB,2,0.67,0.67,1,0.74,0.74,1,2.1,0.62
5/31/2014,16:00 EDT,SEA,4,3.12,3.14,RSL,0,0.68,0.68,4,2.44,2.46,4,2.77,0.15
5/28/2014,22:30 EDT,CHV,0,0.54,0.54,POR,2,1.25,1.25,-2,-0.71,-0.71,-2,0.59,2.1
5/27/2014,20:00 EDT,SKC,1,0.86,0.88,NYRB,1,1.06,1.06,0,-0.21,-0.18,0,1.05,1.63
5/25/2014,22:30 EDT,SJE,3,1.95,2,HOU,0,0.79,0.82,3,1.16,1.19,3,2.39,0.42
5/25/2014,20:00 EDT,LAG,4,2.75,2.75,PHI,1,1.29,1.29,3,1.46,1.46,3,2.38,0.46
5/24/2014,21:30 EDT,RSL,0,0.72,0.72,FCD,0,0.72,0.72,0,0,0,0,1.26,1.34
5/24/2014,21:00 EDT,COL,4,2.56,2.57,MTL,1,0.52,0.52,3,2.04,2.05,3,2.73,0.17
5/24/2014,19:30 EDT,NER,2,1.73,1.81,DCU,1,0.83,0.83,1,0.91,0.98,1,2.14,0.61
5/24/2014,19:30 EDT,CLB,2,1.65,1.65,CHI,0,0.63,0.63,2,1.02,1.02,2,2.22,0.54
5/24/2014,19:00 EDT,VAN,2,1.93,1.94,SEA,2,1.17,1.17,0,0.76,0.76,0,1.96,0.8
5/24/2014,19:00 EDT,NYRB,1,2.39,2.47,POR,2,0.79,0.79,-1,1.6,1.68,-1,2.57,0.31
5/23/2014,20:30 EDT,SKC,2,1.66,1.66,TOR,2,1.04,1.04,0,0.61,0.61,0,1.87,0.84
5/21/2014,22:30 EDT,LAG,2,1.36,1.36,FCD,1,1.46,1.46,1,-0.1,-0.1,1,1.27,1.44
5/21/2014,19:00 EDT,DCU,2,1.19,1.19,HOU,0,0.23,0.23,2,0.95,0.95,2,2.18,0.52
5/18/2014,15:00 EDT,CHI,2,2.65,2.65,SKC,1,1.05,1.05,1,1.6,1.6,1,2.49,0.35
5/17/2014,22:30 EDT,POR,3,1.92,1.92,CLB,3,1.95,1.95,0,-0.03,-0.03,0,1.36,1.4
5/17/2014,22:00 EDT,SEA,1,2.37,2.37,SJE,0,0.21,0.21,1,2.16,2.16,1,2.81,0.12
5/17/2014,21:30 EDT,RSL,2,1.36,1.36,COL,1,1.24,1.24,1,0.13,0.12,1,1.51,1.19
5/17/2014,20:30 EDT,FCD,1,1.37,1.37,CHV,1,0.48,0.48,0,0.89,0.89,0,2.12,0.6
5/17/2014,20:30 EDT,HOU,1,0.86,0.86,LAG,0,1.15,1.15,1,-0.29,-0.29,1,0.96,1.73
5/17/2014,19:00 EDT,PHI,3,2.42,2.42,NER,5,2.11,2.12,-2,0.31,0.3,-2,1.59,1.2
5/17/2014,19:00 EDT,DCU,1,1.47,1.47,MTL,1,2.07,2.1,0,-0.6,-0.63,0,0.99,1.79
5/17/2014,16:30 EDT,TOR,2,1.51,1.51,NYRB,0,0.75,0.75,2,0.76,0.76,2,2.01,0.72
5/14/2014,20:30 EDT,SKC,1,0.95,0.95,PHI,2,1.91,1.99,-1,-0.97,-1.04,-1,0.69,2.06
5/11/2014,19:00 EDT,HOU,2,2.23,2.23,RSL,5,3.51,3.51,-3,-1.28,-1.28,-3,0.66,2.17
5/11/2014,18:00 EDT,NER,4,1.67,2.1,SEA,0,1.52,1.54,4,0.14,0.56,5,1.44,1.29
5/11/2014,15:00 EDT,COL,1,0.93,0.93,CHV,3,0.81,0.81,-2,0.13,0.13,-2,1.39,1.24
5/11/2014,14:30 EDT,POR,0,0.42,0.42,LAG,0,1.01,1.01,0,-0.59,-0.59,0,0.77,1.91
5/10/2014,22:30 EDT,SJE,1,1.58,1.76,FCD,1,2.07,2.13,0,-0.49,-0.38,1,1.12,1.63
5/10/2014,19:30 EDT,CLB,0,0.56,0.56,VAN,1,1.93,1.93,-1,-1.37,-1.37,-1,0.42,2.38
5/10/2014,19:00 EDT,NYRB,4,2.47,2.49,CHI,5,1.48,1.48,-1,0.99,1.01,-1,2.02,0.75
5/10/2014,16:00 EDT,PHI,0,1.06,1.48,DCU,1,0.91,0.91,-1,0.15,0.57,-1,1.47,1.22
5/10/2014,16:00 EDT,MTL,0,0.31,0.31,SKC,3,2.12,2.5,-3,-1.81,-2.18,-3,0.21,2.66
5/7/2014,22:30 EDT,SJE,0,1.51,1.52,COL,0,0.64,0.64,0,0.87,0.88,0,2.02,0.68
5/7/2014,22:00 EDT,SEA,2,2.03,2.04,FCD,1,1.47,1.47,1,0.57,0.58,1,1.81,0.93
5/7/2014,20:00 EDT,HOU,1,0.94,0.94,CLB,0,1.11,1.12,1,-0.17,-0.18,1,1.25,1.46
5/4/2014,16:00 EDT,SKC,2,1.73,1.75,CLB,0,0.63,0.63,2,1.1,1.12,2,2.26,0.53
5/4/2014,15:00 EDT,FCD,0,1.39,1.39,NYRB,1,1.49,1.49,-1,-0.1,-0.1,-1,1.25,1.41
5/3/2014,23:30 EDT,POR,3,3.16,3.19,DCU,1,1.08,1.12,2,2.07,2.07,1,2.52,0.37
5/3/2014,23:00 EDT,SEA,2,1.89,1.89,PHI,0,1.32,1.32,2,0.57,0.57,1,1.78,0.96
5/3/2014,22:30 EDT,CHV,1,1.14,1.14,HOU,4,2.45,2.48,-3,-1.31,-1.33,-3,0.52,2.29
5/3/2014,21:00 EDT,COL,1,1.03,1.03,LAG,0,1.77,1.8,1,-0.75,-0.77,1,0.79,1.98
5/3/2014,20:30 EDT,CHI,2,1.11,1.11,RSL,3,2.47,2.47,-1,-1.37,-1.36,-1,0.49,2.36
5/3/2014,19:00 EDT,VAN,3,2.06,2.08,SJE,2,1.04,1.06,1,1.02,1.03,1,2.17,0.57
5/3/2014,13:00 EDT,TOR,1,1.4,1.4,NER,2,1.91,2,-1,-0.5,-0.59,-1,1.03,1.73
4/27/2014,15:00 EDT,HOU,1,1.78,1.78,POR,1,0.63,0.63,0,1.15,1.15,0,2.35,0.47
4/26/2014,22:30 EDT,SJE,1,0.76,0.76,CHV,0,1.17,1.17,1,-0.41,-0.41,1,1,1.68
4/26/2014,21:30 EDT,RSL,2,1.02,1.03,VAN,2,1.13,1.16,0,-0.11,-0.13,0,1.24,1.45
4/26/2014,19:30 EDT,NER,2,2.12,2.42,SKC,0,1.08,1.09,2,1.03,1.33,2,2.17,0.62
4/26/2014,19:30 EDT,CLB,1,1.38,1.4,NYRB,1,0.76,0.76,0,0.62,0.64,0,1.92,0.78
4/26/2014,19:00 EDT,DCU,4,1.85,1.87,FCD,1,0.72,0.72,3,1.14,1.15,3,2.28,0.5
4/26/2014,16:00 EDT,MTL,1,1.19,1.2,PHI,0,1.38,1.38,1,-0.19,-0.17,1,1.21,1.5
4/26/2014,16:00 EDT,SEA,4,3.64,3.78,COL,1,0.97,0.97,3,2.67,2.81,3,2.79,0.15
4/23/2014,20:30 EDT,NYRB,4,2.89,2.9,HOU,0,1.77,1.8,4,1.12,1.1,4,2.07,0.75
4/19/2014,22:30 EDT,CHV,1,1.5,1.52,SEA,2,1.48,1.5,-1,0.02,0.02,-1,1.39,1.32
4/19/2014,21:30 EDT,RSL,1,0.76,0.76,POR,0,0.94,0.94,1,-0.18,-0.18,1,1.13,1.5
4/19/2014,20:30 EDT,FCD,2,1.71,1.71,TOR,1,0.85,0.85,1,0.86,0.85,1,2.05,0.69
4/19/2014,20:30 EDT,SKC,3,1.3,1.31,MTL,0,0.69,0.74,3,0.61,0.57,4,1.9,0.8
4/19/2014,19:30 EDT,CLB,1,0.99,0.99,DCU,1,0.4,0.4,0,0.59,0.59,0,1.9,0.77
4/19/2014,19:00 EDT,VAN,2,1.34,1.4,LAG,2,1.13,1.13,0,0.21,0.27,0,1.59,1.14
4/19/2014,18:00 EDT,COL,0,0.38,0.38,SJE,0,0.58,0.58,0,-0.2,-0.2,0,1.06,1.48
4/19/2014,16:00 EDT,PHI,0,1.27,1.27,HOU,0,0.59,0.6,0,0.67,0.67,0,1.94,0.75
4/19/2014,16:00 EDT,CHI,1,2.66,3.29,NER,1,1.08,1.08,0,1.57,2.2,0,2.42,0.41
4/16/2014,19:30 EDT,NYRB,2,1.13,1.13,PHI,1,1.35,1.8,1,-0.22,-0.68,1,1.11,1.59
4/13/2014,15:00 EDT,SJE,1,1.37,1.37,CLB,1,1.26,1.26,0,0.1,0.1,0,1.49,1.25
4/12/2014,22:30 EDT,LAG,1,2.36,2.36,VAN,0,0.86,0.87,1,1.49,1.49,1,2.5,0.36
4/12/2014,22:30 EDT,POR,1,0.38,0.38,CHV,1,1.8,1.82,0,-1.43,-1.44,0,0.31,2.5
4/12/2014,21:30 EDT,FCD,2,2.02,2.04,SEA,2,1.06,1.06,0,0.95,0.98,-1,2.09,0.67
4/12/2014,19:00 EDT,DCU,1,1.02,1.02,NYRB,0,1.69,1.7,1,-0.68,-0.68,1,0.92,1.83
4/12/2014,18:00 EDT,NER,2,1.18,1.18,HOU,0,0.61,0.61,2,0.57,0.57,2,1.86,0.82
4/12/2014,17:00 EDT,TOR,0,1.01,1.01,COL,1,1.02,1.03,-1,-0.01,-0.01,-1,1.28,1.35
4/12/2014,16:00 EDT,MTL,1,0.96,0.96,CHI,1,1.65,1.66,0,-0.69,-0.7,0,0.89,1.85
4/12/2014,16:00 EDT,PHI,2,1.05,1.05,RSL,2,1.84,1.84,0,-0.79,-0.79,0,0.74,2.03
4/6/2014,15:00 EDT,CHV,0,0.23,0.23,LAG,3,2.45,2.45,-3,-2.22,-2.22,-3,0.13,2.8
4/5/2014,20:30 EDT,SKC,0,1.82,1.87,RSL,0,0.14,0.14,0,1.68,1.73,0,2.62,0.23
4/5/2014,20:00 EDT,HOU,1,1.62,1.62,FCD,3,1.99,2.07,-2,-0.38,-0.45,-3,1.01,1.74
4/5/2014,19:00 EDT,DCU,1,0.59,0.59,NER,0,0.94,0.95,1,-0.34,-0.35,2,0.96,1.67
4/5/2014,18:30 EDT,VAN,1,1.37,1.37,COL,2,0.62,0.62,-1,0.75,0.75,-1,1.98,0.75
4/5/2014,18:00 EDT,CLB,0,1.41,1.41,TOR,2,1.03,1.03,-2,0.38,0.38,-2,1.61,1.13
4/5/2014,17:00 EDT,CHI,2,2.94,3.01,PHI,2,1.09,1.1,0,1.85,1.91,0,2.59,0.28
4/5/2014,16:00 EDT,MTL,2,3.46,3.52,NYRB,2,2.15,2.15,0,1.3,1.37,0,2.13,0.72
4/5/2014,15:00 EDT,POR,4,0.89,0.89,SEA,4,3.37,3.4,0,-2.49,-2.52,0,0.18,2.77
3/30/2014,15:00 EDT,NYRB,1,1.69,1.69,CHV,1,0.9,0.92,0,0.79,0.77,0,1.99,0.72
3/29/2014,22:30 EDT,SJE,1,1.36,1.36,NER,1,1.12,1.12,0,0.24,0.24,-1,1.52,1.21
3/29/2014,22:00 EDT,SEA,1,1.16,1.17,CLB,2,2.35,2.47,-1,-1.18,-1.3,-1,0.61,2.2
3/29/2014,21:30 EDT,RSL,3,1.98,1.99,TOR,0,1.16,1.16,3,0.82,0.83,3,2.02,0.75
3/29/2014,20:30 EDT,FCD,1,1.11,1.11,POR,0,0.26,0.26,1,0.85,0.85,1,2.32,0.42
3/29/2014,19:00 EDT,VAN,2,1.81,1.81,HOU,1,0.72,0.72,1,1.09,1.09,1,2.22,0.55
3/29/2014,18:00 EDT,COL,2,2.69,2.69,SKC,3,2.09,2.1,-1,0.59,0.59,-1,1.89,0.85
3/29/2014,16:00 EDT,DCU,2,1.43,1.49,CHI,2,0.89,0.89,0,0.54,0.6,0,1.82,0.92
3/29/2014,16:00 EDT,PHI,1,1.41,1.41,MTL,1,1.25,1.25,0,0.15,0.16,0,1.48,1.23
3/23/2014,16:00 EDT,MTL,0,1.64,1.64,SEA,2,0.95,0.95,-2,0.69,0.69,-2,1.85,0.9
3/23/2014,15:00 EDT,CHI,1,1.04,1.04,NYRB,1,1.09,1.09,0,-0.04,-0.04,0,1.23,1.49
3/22/2014,20:30 EDT,SKC,1,2.22,2.35,SJE,0,0.34,0.34,1,1.88,2,1,2.67,0.22
3/22/2014,20:30 EDT,FCD,3,1.77,1.77,CHV,1,1.09,1.09,2,0.68,0.68,2,1.86,0.9
3/22/2014,18:00 EDT,CLB,2,1.29,1.29,PHI,1,1.8,1.82,1,-0.51,-0.53,1,0.98,1.75
3/22/2014,18:00 EDT,COL,2,2.92,2.92,POR,0,0.51,0.51,2,2.41,2.41,2,2.94,0.04
3/22/2014,16:30 EDT,TOR,1,2,2.05,DCU,0,0.29,0.29,1,1.7,1.76,1,2.59,0.26
3/22/2014,16:00 EDT,RSL,1,0.78,0.78,LAG,1,0.69,0.69,0,0.09,0.09,0,1.36,1.27
3/22/2014,14:00 EDT,NER,0,0.99,0.99,VAN,0,0.41,0.41,0,0.58,0.58,0,1.93,0.75
3/16/2014,19:00 EDT,CHV,1,1.41,1.43,VAN,1,0.78,0.78,0,0.63,0.65,0,1.92,0.8
3/16/2014,15:00 EDT,POR,1,1.86,1.97,CHI,1,1.54,1.54,0,0.32,0.43,0,1.59,1.12
3/15/2014,22:30 EDT,SJE,3,3.44,3.55,RSL,3,1.41,1.44,0,2.04,2.11,0,2.49,0.39
3/15/2014,20:30 EDT,SKC,1,1.39,1.41,FCD,1,0.57,0.57,0,0.81,0.84,0,2.04,0.71
3/15/2014,20:30 EDT,HOU,1,0.88,0.88,MTL,0,1.21,1.21,1,-0.34,-0.33,1,1.11,1.58
3/15/2014,16:30 EDT,SEA,1,1.45,1.45,TOR,2,0.54,0.54,-1,0.91,0.91,-1,2.15,0.58
3/15/2014,16:00 EDT,PHI,1,1.77,1.78,NER,0,0.64,0.73,1,1.13,1.05,1,2.34,0.46
3/15/2014,16:00 EDT,NYRB,1,2.23,2.23,COL,1,2.08,2.13,0,0.14,0.09,0,1.46,1.31
3/9/2014,15:00 EDT,CHV,3,2.62,2.62,CHI,2,1.46,1.54,1,1.15,1.08,1,2.18,0.62
3/8/2014,22:30 EST,POR,1,1.41,1.41,PHI,1,1.26,1.27,0,0.14,0.14,0,1.39,1.28
3/8/2014,22:30 EST,LAG,0,2.66,2.67,RSL,1,1.38,1.38,-1,1.27,1.29,-1,2.24,0.59
3/8/2014,20:30 EST,FCD,3,1.89,1.9,MTL,2,1.67,1.75,1,0.22,0.15,1,1.59,1.14
3/8/2014,20:30 EST,HOU,4,2.51,2.54,NER,0,2.7,2.71,4,-0.19,-0.17,4,1.34,1.48
3/8/2014,19:30 EST,VAN,4,2.52,2.56,NYRB,1,0.82,0.82,3,1.71,1.74,3,2.52,0.33
3/8/2014,19:00 EST,DCU,0,0.75,0.75,CLB,3,1.29,1.29,-3,-0.55,-0.55,-3,0.79,1.89
3/8/2014,15:00 EST,SEA,1,1.38,2.38,SKC,0,0.97,0.98,1,0.41,1.41,1,1.7,1.02
10/27/2013,21:00 EDT,SEA,1,1.05,1.07,LAG,1,0.53,0.53,0,0.53,0.54,0,1.76,0.92
10/27/2013,20:00 EDT,VAN,3,2.79,2.88,COL,0,0.41,0.42,3,2.38,2.46,3,2.85,0.09
10/27/2013,17:00 EDT,NYRB,5,2.63,3.53,CHI,2,1.37,1.39,3,1.26,2.13,3,2.21,0.62
10/27/2013,16:00 EDT,CLB,0,0.81,0.81,NER,1,0.71,0.71,-1,0.1,0.1,-1,1.41,1.21
10/27/2013,13:30 EDT,DCU,1,1.01,1.01,HOU,2,2.96,3.09,-1,-1.95,-2.08,-1,0.32,2.55
10/26/2013,23:30 EDT,CHV,0,0.87,0.87,POR,5,2.19,2.21,-5,-1.32,-1.34,-5,0.54,2.25
10/26/2013,17:30 EDT,SJE,2,0.7,0.7,FCD,1,1.45,1.48,1,-0.75,-0.79,1,0.75,2
10/26/2013,16:00 EDT,TOR,1,1.27,1.34,MTL,0,1.87,1.87,1,-0.6,-0.53,1,0.97,1.78
10/26/2013,15:00 EDT,PHI,1,1.15,1.16,SKC,2,1.55,1.55,-1,-0.4,-0.39,-1,1.03,1.71
10/23/2013,21:00 EDT,RSL,2,1.91,1.91,CHV,1,0.77,0.78,1,1.14,1.13,1,2.28,0.51
10/20/2013,21:00 EDT,LAG,0,0.76,0.77,SJE,0,0.61,0.61,0,0.16,0.16,0,1.47,1.18
10/20/2013,16:00 EDT,HOU,0,1.17,1.19,NYRB,3,0.84,0.84,-3,0.33,0.35,-3,1.62,1.06
10/19/2013,22:30 EDT,POR,0,1.22,1.25,RSL,0,0.38,0.38,0,0.84,0.87,0,2.15,0.56
10/19/2013,20:30 EDT,CHI,1,1.79,1.85,TOR,0,0.8,0.81,1,0.99,1.04,1,2.23,0.56
10/19/2013,19:30 EDT,NER,3,2.42,2.67,CLB,2,1.25,1.25,1,1.18,1.42,1,2.11,0.69
10/19/2013,18:00 EDT,COL,3,1.7,1.7,VAN,2,1.3,1.3,1,0.4,0.41,1,1.71,0.97
10/19/2013,14:30 EDT,FCD,2,1.33,1.36,SEA,0,1.46,1.46,2,-0.13,-0.1,2,1.25,1.48
10/19/2013,14:00 EDT,MTL,2,2.39,2.39,PHI,1,0.65,0.65,1,1.74,1.74,1,2.5,0.35
10/18/2013,20:00 EDT,SKC,1,0.6,0.6,DCU,0,0.5,0.5,1,0.1,0.1,1,1.39,1.19
10/16/2013,22:30 EDT,LAG,1,1.24,1.29,MTL,0,0.51,0.53,1,0.74,0.76,1,1.97,0.74
10/13/2013,21:00 EDT,POR,1,0.86,0.88,SEA,0,1.31,1.46,1,-0.44,-0.58,1,0.95,1.79
10/12/2013,20:30 EDT,FCD,2,2.18,2.19,CHI,3,1.44,1.46,-1,0.74,0.73,-1,2.03,0.78
10/12/2013,19:00 EDT,DCU,1,0.99,0.99,PHI,1,1.86,1.89,0,-0.87,-0.9,0,0.84,1.96
10/12/2013,14:30 EDT,MTL,0,0.35,0.35,NER,1,1.25,1.3,-1,-0.9,-0.95,-1,0.56,2.14
10/9/2013,22:30 EDT,SJE,1,1.5,1.62,COL,0,0.64,0.64,1,0.86,0.98,1,2.06,0.67
10/9/2013,22:00 EDT,SEA,1,1.64,1.68,VAN,4,0.68,0.68,-3,0.96,1,-3,2.06,0.68
10/9/2013,20:30 EDT,HOU,0,0.9,0.9,SKC,0,0.48,0.48,0,0.42,0.42,0,1.73,0.91
10/6/2013,20:00 EDT,VAN,2,0.93,0.96,POR,2,0.96,0.96,0,-0.03,0.01,0,1.33,1.36
10/6/2013,17:00 EDT,LAG,5,2.23,2.23,CHV,0,0.31,0.32,5,1.92,1.91,5,2.72,0.17
10/5/2013,22:00 EDT,COL,5,1.93,2.07,SEA,1,1.32,1.36,4,0.61,0.71,4,1.78,0.98
10/5/2013,21:00 EDT,RSL,1,0.76,0.76,FCD,1,1.25,1.26,0,-0.48,-0.49,0,0.95,1.73
10/5/2013,19:30 EDT,PHI,1,1.36,1.37,TOR,0,0.95,0.95,1,0.41,0.42,1,1.73,0.97
10/5/2013,19:30 EDT,CLB,0,0.63,0.63,SKC,1,1,1.04,-1,-0.37,-0.41,-1,1.03,1.64
10/5/2013,19:00 EDT,NYRB,2,1.2,1.2,NER,2,1.78,1.82,0,-0.58,-0.62,0,0.86,1.88
10/4/2013,20:30 EDT,HOU,1,1.25,1.25,MTL,0,1.44,1.44,1,-0.19,-0.19,1,1.21,1.52
10/4/2013,20:00 EDT,DCU,0,1.4,1.4,CHI,3,1.74,1.74,-3,-0.34,-0.34,-3,1.21,1.59
9/29/2013,23:00 EDT,CHV,0,0.46,0.46,SJE,1,1.13,1.14,-1,-0.67,-0.68,-1,0.67,1.98
9/29/2013,21:00 EDT,SEA,1,1.57,1.58,NYRB,1,0.9,0.9,0,0.67,0.68,0,1.9,0.84
9/29/2013,20:30 EDT,FCD,2,1.83,2.32,CLB,4,2.2,2.81,-2,-0.37,-0.49,-2,1.13,1.61
9/29/2013,15:30 EDT,POR,1,0.36,0.36,LAG,0,0.37,0.37,1,0,0,1,1.22,1.24
9/28/2013,20:30 EDT,CHI,2,2.93,2.98,MTL,2,0.66,0.66,0,2.27,2.32,0,2.73,0.17
9/28/2013,19:30 EDT,NER,1,1.03,1.05,HOU,1,0.98,0.98,0,0.06,0.07,0,1.45,1.24
9/28/2013,19:00 EDT,VAN,0,1.04,1.09,RSL,1,1.1,1.11,-1,-0.06,-0.01,-1,1.25,1.43
9/28/2013,13:00 EDT,TOR,3,1.16,1.16,DCU,1,0.26,0.26,2,0.9,0.9,3,2.2,0.5
9/27/2013,20:00 EDT,SKC,0,1.86,1.86,PHI,1,0.98,1.1,-1,0.89,0.77,-1,2,0.76
9/22/2013,17:00 EDT,NYRB,0,1.05,1.05,FCD,0,0.62,0.62,0,0.44,0.44,1,1.68,0.96
9/21/2013,22:30 EDT,LAG,1,0.82,0.83,SEA,1,0.75,0.75,0,0.07,0.08,0,1.4,1.21
9/21/2013,21:00 EDT,RSL,1,1.46,1.46,SJE,2,0.5,0.5,-1,0.96,0.96,-1,2.23,0.53
9/21/2013,20:30 EDT,HOU,5,2.5,2.97,CHV,1,0.57,0.6,4,1.93,2.37,4,2.62,0.26
9/21/2013,19:30 EDT,NER,2,2.7,2.7,DCU,0,0.96,0.98,2,1.74,1.73,1,2.54,0.32
9/21/2013,19:30 EDT,CLB,3,2.15,2.17,CHI,0,1.58,1.69,3,0.57,0.48,3,1.88,0.89
9/21/2013,16:00 EDT,TOR,1,0.68,0.69,SKC,2,0.88,0.88,-1,-0.2,-0.2,-1,1.16,1.47
9/21/2013,14:00 EDT,MTL,0,1.75,1.75,VAN,3,2.35,2.44,-3,-0.6,-0.69,-3,1.02,1.76
9/20/2013,22:00 EDT,POR,1,0.64,0.64,COL,0,0.7,0.7,1,-0.06,-0.06,1,1.23,1.37
9/14/2013,22:30 EDT,SJE,0,2.18,2.22,VAN,0,0.81,0.84,0,1.37,1.38,0,2.33,0.5
9/14/2013,22:30 EDT,CHV,1,0.4,0.4,POR,1,1,1.03,0,-0.6,-0.62,0,0.75,1.91
9/14/2013,21:00 EDT,COL,1,0.54,0.54,FCD,1,1.57,1.57,0,-1.03,-1.04,1,0.52,2.26
9/14/2013,20:30 EDT,CHI,3,2.18,2.34,NER,2,0.85,0.86,1,1.33,1.48,1,2.29,0.52
9/14/2013,19:30 EDT,PHI,0,0.97,0.97,HOU,1,0.81,0.83,-1,0.15,0.13,-1,1.41,1.26
9/14/2013,19:00 EDT,NYRB,2,1.16,1.17,TOR,0,1.22,1.22,2,-0.05,-0.05,2,1.3,1.42
9/14/2013,16:00 EDT,DCU,2,1.06,1.06,LAG,2,1.23,1.23,0,-0.18,-0.18,0,1.18,1.51
9/14/2013,14:00 EDT,MTL,1,1.79,1.79,CLB,2,0.95,0.95,-1,0.84,0.84,-1,2.04,0.73
9/13/2013,22:00 EDT,SEA,2,1.39,1.39,RSL,0,0.37,0.37,2,1.02,1.02,2,2.2,0.55
9/11/2013,19:30 EDT,TOR,1,1.17,1.17,CHI,1,1,1,0,0.17,0.17,0,1.54,1.16
9/8/2013,23:00 EDT,SJE,1,1.42,1.42,PHI,0,1.31,1.31,1,0.11,0.1,1,1.51,1.2
9/8/2013,21:00 EDT,CHV,1,0.91,0.94,DCU,0,0.59,0.59,1,0.32,0.35,1,1.61,1.05
9/8/2013,19:30 EDT,NER,2,0.58,0.58,MTL,4,2.25,2.25,-2,-1.67,-1.67,-2,0.24,2.63
9/8/2013,17:00 EDT,HOU,1,1.42,1.42,NYRB,4,2.16,2.16,-3,-0.74,-0.74,-3,0.88,1.91
9/7/2013,23:00 EDT,POR,4,3.11,3.12,TOR,0,0.97,0.97,4,2.14,2.14,4,2.65,0.25
9/7/2013,22:30 EDT,LAG,0,1.65,1.67,COL,1,0.86,0.86,-1,0.79,0.81,-1,1.9,0.83
9/7/2013,22:00 EDT,SEA,1,2.35,2.35,CHI,1,0.89,0.89,0,1.46,1.46,1,2.39,0.43
9/7/2013,20:30 EDT,SKC,3,1.49,1.5,CLB,0,0.31,0.31,3,1.19,1.19,3,2.44,0.36
9/7/2013,20:30 EDT,FCD,3,1.26,1.28,VAN,1,0.65,0.65,2,0.61,0.62,2,1.9,0.79
9/4/2013,22:00 EDT,SEA,1,0.68,0.68,CHV,0,0.81,0.81,1,-0.13,-0.13,1,1.16,1.46
9/4/2013,19:30 EDT,CLB,2,2.47,2.47,HOU,0,1.31,1.32,2,1.16,1.15,2,2.2,0.63
9/1/2013,19:00 EDT,VAN,2,1.32,1.32,CHV,2,1.13,1.15,0,0.19,0.17,0,1.49,1.22
9/1/2013,15:00 EDT,CHI,0,1.98,1.98,HOU,1,1.1,1.11,-1,0.87,0.87,0,1.97,0.81
8/31/2013,22:30 EDT,LAG,3,2.41,2.41,SJE,0,0.35,0.35,3,2.06,2.06,3,2.77,0.15
8/31/2013,20:30 EDT,SKC,2,0.64,0.64,COL,1,1.07,1.17,1,-0.44,-0.53,1,0.94,1.73
8/31/2013,20:00 EDT,NYRB,2,2.28,2.28,DCU,1,1.61,1.61,1,0.67,0.67,1,1.83,0.92
8/31/2013,19:30 EDT,PHI,0,1.39,1.42,MTL,0,0.12,0.12,0,1.27,1.3,0,2.43,0.34
8/31/2013,19:30 EDT,CLB,0,2.02,2.03,SEA,1,0.33,0.33,-1,1.69,1.7,-1,2.53,0.29
8/30/2013,22:00 EDT,RSL,4,1.3,1.3,POR,2,1.2,1.21,2,0.1,0.09,2,1.43,1.28
8/30/2013,19:00 EDT,TOR,1,0.72,0.74,NER,1,0.79,0.9,0,-0.07,-0.15,0,1.16,1.48
8/25/2013,22:00 EDT,SEA,1,0.84,0.84,POR,0,0.79,0.79,1,0.05,0.05,1,1.33,1.29
8/25/2013,19:30 EDT,NER,5,1.14,1.14,PHI,1,0.95,0.95,4,0.2,0.2,4,1.51,1.2
8/25/2013,17:00 EDT,CHV,3,2.5,2.51,NYRB,2,1.99,1.99,1,0.5,0.52,1,1.76,1.03
8/24/2013,21:30 EDT,RSL,4,2.51,2.53,CLB,0,0.63,0.63,4,1.88,1.9,4,2.65,0.22
8/24/2013,21:00 EDT,VAN,0,0.67,0.68,LAG,1,0.42,0.42,-1,0.25,0.26,-1,1.58,1
8/24/2013,21:00 EDT,FCD,2,1.97,1.98,SJE,2,0.9,0.9,0,1.07,1.08,0,2.29,0.51
8/24/2013,19:00 EDT,DCU,1,1.3,1.38,TOR,1,0.89,0.89,0,0.41,0.49,0,1.69,1
8/24/2013,19:00 EDT,MTL,5,2.53,2.54,HOU,0,0.85,0.85,5,1.68,1.69,5,2.46,0.38
8/23/2013,20:30 EDT,CHI,1,1.61,1.61,SKC,0,2.19,2.21,1,-0.58,-0.61,1,0.96,1.81
8/21/2013,23:00 EDT,POR,3,2.48,2.49,RSL,3,2.03,2.16,0,0.45,0.33,0,1.69,1.06
8/21/2013,22:30 EDT,CHV,1,1.01,1.01,FCD,3,1.2,1.2,-2,-0.2,-0.2,-2,1.13,1.59
8/18/2013,22:00 EDT,SJE,1,0.85,0.85,SKC,0,0.32,0.32,1,0.53,0.53,1,1.82,0.77
8/17/2013,23:00 EDT,POR,2,1.37,1.37,FCD,1,0.84,0.86,1,0.53,0.51,1,1.76,0.94
8/17/2013,22:30 EDT,LAG,4,2.7,2.7,RSL,2,1.23,1.23,2,1.47,1.47,2,2.29,0.53
8/17/2013,21:00 EDT,COL,2,1.09,1.09,VAN,0,0.48,0.48,2,0.62,0.62,2,1.91,0.76
8/17/2013,21:00 EDT,HOU,3,1.72,1.77,SEA,1,1.72,1.72,2,0.01,0.05,2,1.44,1.31
8/17/2013,20:00 EDT,NYRB,0,0.73,0.73,PHI,0,1.02,1.03,0,-0.29,-0.3,0,1,1.65
8/17/2013,19:30 EDT,NER,2,1.65,1.67,CHI,0,0.8,0.82,2,0.85,0.85,2,2.01,0.73
8/17/2013,19:30 EDT,CLB,2,1.51,1.68,TOR,0,0.54,0.55,2,0.97,1.13,2,2.11,0.64
8/17/2013,19:00 EDT,MTL,2,1.74,1.74,DCU,1,1.12,1.12,1,0.62,0.62,1,1.92,0.84
8/11/2013,23:00 EDT,CHV,1,0.78,0.78,COL,1,2.7,2.7,0,-1.91,-1.92,0,0.19,2.7
8/11/2013,20:00 EDT,FCD,3,1.45,1.56,LAG,3,2.6,2.61,0,-1.16,-1.05,0,0.53,2.26
8/10/2013,21:30 EDT,RSL,1,1.9,2.01,HOU,0,0.43,0.43,1,1.47,1.57,1,2.55,0.3
8/10/2013,20:30 EDT,SKC,3,0.56,0.56,NER,0,0.55,0.55,3,0.01,0.01,3,1.29,1.26
8/10/2013,20:30 EDT,CHI,2,0.99,0.99,MTL,1,1.34,1.35,1,-0.35,-0.35,1,1.12,1.6
8/10/2013,20:00 EDT,PHI,2,1.72,1.73,DCU,0,0.65,0.69,2,1.06,1.04,2,2.2,0.55
8/10/2013,19:30 EDT,CLB,2,1.98,1.98,NYRB,0,0.54,0.55,2,1.44,1.44,2,2.5,0.33
8/10/2013,19:30 EDT,VAN,2,0.98,0.98,SJE,0,2.09,2.23,2,-1.11,-1.25,2,0.56,2.22
8/10/2013,19:00 EDT,TOR,1,1.11,1.11,SEA,1,1.13,1.13,0,-0.02,-0.03,-1,1.35,1.35
8/4/2013,19:30 EDT,NER,0,1.6,1.62,TOR,1,0.97,1.1,-1,0.63,0.52,-1,1.85,0.88
8/3/2013,23:00 EDT,POR,1,0.94,0.94,VAN,1,0.37,0.37,0,0.57,0.57,0,1.86,0.76
8/3/2013,22:30 EDT,SEA,3,1.77,1.77,FCD,0,0.56,0.56,3,1.21,1.21,3,2.45,0.36
8/3/2013,22:00 EDT,SJE,2,1.03,1.04,CHV,0,0.64,0.64,2,0.38,0.4,2,1.65,0.99
8/3/2013,21:00 EDT,HOU,3,2.42,2.42,CLB,0,0.92,0.92,3,1.5,1.5,2,2.5,0.36
8/3/2013,20:30 EDT,COL,2,1.01,1.01,RSL,2,1.55,1.55,0,-0.54,-0.54,0,0.91,1.81
8/3/2013,20:00 EDT,PHI,1,1.82,1.83,CHI,2,0.98,0.98,-1,0.84,0.85,-1,1.98,0.76
8/3/2013,19:30 EDT,DCU,3,2.38,2.48,MTL,1,0.55,0.55,2,1.84,1.93,2,2.65,0.23
8/3/2013,18:30 EDT,SKC,2,2.26,2.34,NYRB,3,1.27,1.27,-1,0.99,1.07,-1,2.05,0.72
7/28/2013,23:00 EDT,SEA,2,1.53,1.55,CHV,1,0.49,0.49,1,1.04,1.05,1,2.25,0.51
7/27/2013,22:30 EDT,SJE,2,2.25,2.25,POR,1,1.96,1.96,1,0.29,0.29,1,1.63,1.13
7/27/2013,21:00 EDT,HOU,1,2.08,2.08,CHI,1,1.41,1.41,0,0.67,0.67,0,1.85,0.88
7/27/2013,19:00 EDT,VAN,0,1.25,1.25,PHI,1,1.23,1.24,-1,0.02,0.01,-1,1.45,1.27
7/27/2013,19:00 EDT,COL,2,0.75,0.75,LAG,0,0.76,0.76,2,0,0,2,1.32,1.31
7/27/2013,19:00 EDT,DCU,1,1.15,1.15,NER,2,2.01,2.06,-1,-0.86,-0.91,-1,0.7,2.08
7/27/2013,19:00 EDT,NYRB,4,3.22,3.31,RSL,3,1.68,1.68,1,1.54,1.64,1,2.41,0.42
7/27/2013,19:00 EDT,MTL,1,0.63,0.63,SKC,0,0.75,0.75,1,-0.12,-0.12,1,1.22,1.39
7/27/2013,14:00 EDT,TOR,2,0.85,0.85,CLB,1,0.61,0.62,1,0.24,0.23,1,1.56,1.08
7/20/2013,22:30 EDT,LAG,2,2.72,2.76,VAN,1,0.43,0.43,1,2.29,2.33,1,2.79,0.13
7/20/2013,22:00 EDT,RSL,1,0.82,0.82,SKC,2,1.07,1.22,-1,-0.25,-0.4,-1,1.04,1.6
7/20/2013,20:30 EDT,CHI,4,2.33,2.33,DCU,1,0.38,0.38,3,1.95,1.95,3,2.69,0.2
7/20/2013,19:30 EDT,CLB,0,1.07,1.08,NER,2,0.62,0.62,-2,0.46,0.46,-2,1.74,0.94
7/20/2013,19:30 EDT,PHI,0,0.7,0.7,POR,0,0.84,0.84,0,-0.14,-0.14,0,1.16,1.49
7/20/2013,19:00 EDT,MTL,0,2.03,2.04,FCD,0,0.45,0.45,0,1.57,1.59,0,2.55,0.3
7/20/2013,16:00 EDT,SEA,1,1.6,1.64,COL,1,0.89,0.89,0,0.71,0.75,0,1.9,0.81
7/20/2013,16:00 EDT,TOR,0,0.43,0.43,NYRB,0,0.5,0.5,0,-0.07,-0.07,0,1.19,1.34
7/17/2013,22:30 EDT,CHV,1,0.87,0.87,TOR,0,1.45,1.45,1,-0.58,-0.58,1,0.76,1.98
7/17/2013,21:00 EDT,COL,1,1.45,1.47,NER,1,0.75,0.75,0,0.7,0.71,1,1.94,0.81
7/14/2013,19:00 EDT,VAN,3,1.19,1.19,CHI,1,1.65,1.66,2,-0.46,-0.47,2,1.04,1.7
7/13/2013,23:00 EDT,POR,2,1.17,1.19,LAG,1,0.85,0.85,1,0.33,0.34,1,1.67,1.01
7/13/2013,22:30 EDT,SJE,1,1.16,1.16,SEA,0,0.47,0.47,1,0.68,0.69,1,1.97,0.72
7/13/2013,21:00 EDT,FCD,0,2.36,2.36,RSL,3,0.72,0.72,-3,1.63,1.63,-3,2.52,0.33
7/13/2013,20:30 EDT,SKC,3,2.13,2.13,TOR,0,0.15,0.15,3,1.98,1.98,3,2.7,0.17
7/13/2013,19:30 EDT,NER,1,1.12,1.12,HOU,2,0.67,0.67,-1,0.46,0.46,-1,1.76,0.94
7/13/2013,19:00 EDT,NYRB,4,1.91,1.91,MTL,0,0.31,0.31,4,1.6,1.6,4,2.68,0.21
7/12/2013,19:30 EDT,PHI,3,1.99,2.01,CHV,1,0.56,0.56,2,1.42,1.44,2,2.37,0.44
7/7/2013,22:30 EDT,LAG,2,2.27,2.28,FCD,0,0.35,0.35,2,1.91,1.92,2,2.63,0.24
7/7/2013,21:30 EDT,COL,0,1.88,1.93,DCU,0,0.36,0.36,0,1.52,1.56,0,2.5,0.31
7/7/2013,19:00 EDT,MTL,1,2.45,2.58,CHV,1,0.49,0.52,0,1.96,2.06,0,2.71,0.2
7/7/2013,17:00 EDT,CLB,1,1.81,1.82,POR,0,0.42,0.42,1,1.39,1.39,1,2.55,0.28
7/7/2013,15:00 EDT,CHI,1,0.75,0.75,SKC,2,0.9,0.92,-1,-0.16,-0.17,-1,1.25,1.42
7/6/2013,23:00 EDT,VAN,2,1.14,1.15,SEA,0,1.32,1.34,2,-0.17,-0.2,2,1.21,1.51
7/6/2013,21:00 EDT,HOU,1,1.44,1.45,PHI,0,0.74,0.76,1,0.7,0.69,1,1.89,0.81
7/6/2013,19:30 EDT,NER,2,2.15,2.15,SJE,0,0.65,0.65,2,1.49,1.49,2,2.45,0.38
7/4/2013,22:30 EDT,LAG,2,3.65,3.74,CLB,1,1.19,1.19,1,2.46,2.55,1,2.72,0.2
7/4/2013,21:30 EDT,COL,2,1.67,1.82,NYRB,0,0.54,0.55,2,1.13,1.27,2,2.32,0.47
7/4/2013,21:00 EDT,FCD,0,1.37,1.37,CHV,0,1.42,1.72,0,-0.05,-0.34,0,1.35,1.36
7/3/2013,22:00 EDT,RSL,2,1.62,1.62,PHI,2,1.39,1.39,0,0.23,0.23,0,1.51,1.18
7/3/2013,22:00 EDT,SEA,2,1.24,1.24,DCU,0,0.25,0.26,2,0.99,0.98,2,2.31,0.45
7/3/2013,21:00 EDT,SKC,1,1.16,1.17,VAN,1,0.53,0.54,0,0.64,0.63,0,1.85,0.82
7/3/2013,20:30 EDT,CHI,3,1.49,1.49,SJE,1,1.7,1.79,2,-0.21,-0.29,1,1.19,1.56
7/3/2013,19:00 EDT,TOR,3,1.25,1.25,MTL,3,1.76,1.78,0,-0.52,-0.53,0,1.07,1.66
6/30/2013,14:00 EDT,NYRB,2,1.48,1.5,HOU,0,0.97,0.97,2,0.51,0.53,2,1.73,1
6/29/2013,22:30 EDT,CHV,1,0.64,0.64,NER,1,1.21,1.21,0,-0.58,-0.57,0,0.87,1.83
6/29/2013,22:30 EDT,SJE,3,1.92,1.94,LAG,2,2.24,2.24,1,-0.31,-0.3,1,1.25,1.5
6/29/2013,20:30 EDT,SKC,3,1.62,1.63,CLB,2,0.92,0.93,1,0.7,0.69,1,1.88,0.85
6/29/2013,19:00 EDT,MTL,3,1.7,1.7,COL,4,1.09,1.12,-1,0.61,0.58,-1,1.83,0.91
6/29/2013,19:00 EDT,DCU,0,1.19,1.19,VAN,1,1.76,1.76,-1,-0.57,-0.57,-1,0.94,1.83
6/29/2013,17:30 EDT,PHI,2,0.99,0.99,FCD,2,1.53,1.53,0,-0.54,-0.54,0,0.97,1.74
6/29/2013,13:00 EDT,TOR,0,1.48,1.48,RSL,1,0.68,0.68,-1,0.8,0.8,-1,2.05,0.7
6/23/2013,23:00 EDT,CHV,0,0.34,0.34,LAG,1,1.28,1.29,-1,-0.95,-0.95,-1,0.55,2.15
6/23/2013,19:00 EDT,POR,3,0.86,0.86,COL,0,0.84,0.84,3,0.02,0.02,3,1.34,1.32
6/23/2013,17:00 EDT,PHI,3,2.6,2.71,NYRB,0,0.72,0.72,3,1.89,1.99,3,2.52,0.34
6/22/2013,21:30 EDT,RSL,2,1.04,1.09,SEA,0,0.1,0.1,2,0.94,1,2,2.21,0.45
6/22/2013,21:00 EDT,HOU,0,1.21,1.21,TOR,0,0.73,0.73,0,0.48,0.48,0,1.82,0.87
6/22/2013,20:30 EDT,FCD,2,1.47,1.47,SKC,1,1.03,1.03,1,0.43,0.43,0,1.6,1.07
6/22/2013,20:00 EDT,CLB,1,1.67,1.67,CHI,2,1.36,1.36,-1,0.31,0.31,-1,1.6,1.1
6/22/2013,19:00 EDT,DCU,1,1.28,1.29,SJE,0,1.23,1.25,1,0.05,0.04,1,1.4,1.27
6/19/2013,22:30 EDT,LAG,0,1.44,1.48,POR,0,0.32,0.32,0,1.12,1.15,0,2.33,0.43
6/19/2013,22:00 EDT,VAN,3,1.64,1.97,CHV,1,0.32,0.32,2,1.33,1.66,2,2.46,0.34
6/19/2013,20:30 EDT,CHI,2,1.97,1.97,COL,1,1.36,1.36,1,0.61,0.61,1,1.77,0.97
6/19/2013,20:00 EDT,MTL,2,1.21,1.22,HOU,0,1.7,1.7,2,-0.49,-0.48,2,0.99,1.76
6/15/2013,22:00 EDT,VAN,4,1.77,1.77,NER,3,1.59,1.59,1,0.18,0.18,1,1.49,1.22
6/15/2013,21:00 EDT,COL,1,1.6,1.61,SJE,2,0.52,0.52,-1,1.09,1.09,-1,2.24,0.54
6/15/2013,19:30 EDT,CLB,2,0.96,0.96,MTL,0,0.79,0.79,2,0.18,0.18,2,1.46,1.2
6/15/2013,19:00 EDT,DCU,1,1.43,1.43,TOR,1,0.52,0.52,0,0.91,0.91,-1,2.24,0.53
6/15/2013,17:00 EDT,POR,1,1.61,1.61,FCD,0,1,1,1,0.62,0.61,1,1.78,0.95
6/8/2013,22:30 EDT,SEA,3,2.72,2.72,VAN,2,1.06,1.07,1,1.66,1.65,1,2.5,0.36
6/8/2013,21:30 EDT,RSL,3,1.36,1.36,LAG,1,0.59,0.59,2,0.77,0.77,2,1.98,0.73
6/8/2013,20:30 EDT,CHI,2,1.3,1.3,POR,2,1.71,1.82,0,-0.41,-0.52,0,1,1.73
6/8/2013,19:30 EDT,NER,0,0.82,0.82,DCU,0,0.62,0.62,0,0.21,0.21,0,1.48,1.16
6/5/2013,19:30 EDT,PHI,3,1.65,1.65,CLB,0,0.84,0.84,3,0.81,0.81,3,2,0.77
6/2/2013,17:00 EDT,CHI,1,1.18,1.18,DCU,0,0.34,0.34,1,0.84,0.84,2,2.12,0.57
6/2/2013,16:30 EDT,NER,5,1.17,1.17,LAG,0,0.59,0.62,5,0.58,0.56,5,1.9,0.76
6/1/2013,22:30 EDT,CHV,0,0.53,0.53,SEA,1,0.74,0.74,-1,-0.21,-0.21,-2,1.17,1.42
6/1/2013,21:30 EDT,RSL,3,1.05,1.09,SJE,0,0.35,0.35,3,0.71,0.74,3,2.13,0.57
6/1/2013,21:00 EDT,COL,2,1.05,1.05,FCD,2,0.65,0.65,0,0.4,0.4,0,1.85,0.86
6/1/2013,20:30 EDT,SKC,1,1.89,1.89,MTL,2,0.75,0.77,-1,1.14,1.12,-1,2.3,0.47
6/1/2013,19:30 EDT,CLB,1,3.19,3.22,HOU,1,1.78,2.03,0,1.42,1.2,0,2.28,0.56
6/1/2013,19:00 EDT,NYRB,0,0.77,0.77,VAN,2,1.05,1.05,-2,-0.28,-0.28,-1,1.07,1.59
6/1/2013,18:00 EDT,TOR,1,0.8,0.8,PHI,1,0.6,0.6,0,0.2,0.2,0,1.47,1.15
5/26/2013,23:00 EDT,LAG,4,3.32,3.32,SEA,0,0.06,0.06,4,3.26,3.27,4,2.99,0.01
5/26/2013,17:00 EDT,NYRB,2,1.95,1.97,CLB,2,1.63,1.63,0,0.32,0.34,0,1.61,1.12
5/26/2013,15:30 EDT,SKC,1,0.97,0.97,HOU,1,1.6,1.6,0,-0.63,-0.63,0,0.89,1.86
5/25/2013,21:00 EDT,COL,2,1.54,1.54,CHV,0,0.3,0.3,2,1.24,1.24,2,2.44,0.35
5/25/2013,21:00 EDT,RSL,1,1.75,1.76,CHI,1,1.2,1.2,0,0.55,0.57,0,1.86,0.91
5/25/2013,20:30 EDT,FCD,1,1.14,1.14,SJE,0,1.19,1.19,1,-0.05,-0.05,1,1.32,1.41
5/25/2013,19:30 EDT,NER,2,1.01,1.01,TOR,0,1.09,1.09,2,-0.08,-0.08,2,1.26,1.42
5/25/2013,19:00 EDT,DCU,0,1.28,1.29,POR,2,0.91,0.91,-2,0.36,0.37,-2,1.64,1.06
5/25/2013,19:00 EDT,MTL,5,2.1,2.1,PHI,3,0.94,0.94,2,1.16,1.16,2,2.18,0.6
5/19/2013,22:30 EDT,CHV,1,1.71,1.71,RSL,4,2.24,2.26,-3,-0.53,-0.55,-3,1.16,1.6
5/19/2013,17:00 EDT,DCU,1,0.41,0.42,SKC,1,1.31,1.31,0,-0.89,-0.9,0,0.59,2.15
5/19/2013,13:00 EDT,NYRB,1,0.99,0.99,LAG,0,0.57,0.57,1,0.42,0.42,1,1.71,0.95
5/18/2013,22:30 EDT,SEA,4,3.51,3.59,FCD,2,2.16,2.22,2,1.34,1.37,2,2.24,0.59
5/18/2013,22:30 EDT,SJE,1,0.74,0.74,COL,1,1.16,1.16,0,-0.42,-0.42,0,1.01,1.7
5/18/2013,20:30 EDT,HOU,0,1.46,1.47,NER,2,1.39,1.4,-2,0.07,0.07,-2,1.41,1.35
5/18/2013,19:30 EDT,PHI,1,0.84,0.84,CHI,0,0.79,0.79,1,0.06,0.06,1,1.35,1.29
5/18/2013,19:00 EDT,VAN,2,0.61,0.62,POR,2,2.29,2.33,0,-1.68,-1.71,0,0.26,2.61
5/18/2013,17:00 EDT,TOR,0,1.17,1.17,CLB,1,0.73,0.73,-1,0.44,0.44,-1,1.82,0.89
5/15/2013,19:30 EDT,PHI,1,1.36,1.36,LAG,3,2.67,2.67,-2,-1.31,-1.31,-3,0.56,2.28
5/12/2013,20:00 EDT,HOU,0,0.47,0.47,SKC,1,0.48,0.48,-1,-0.01,-0.01,-1,1.21,1.29
5/12/2013,17:00 EDT,POR,3,2.42,2.42,CHV,0,0.23,0.23,3,2.18,2.19,3,2.76,0.14
5/11/2013,20:30 EDT,FCD,2,1.35,1.35,DCU,1,0.31,0.31,1,1.04,1.04,1,2.22,0.52
5/11/2013,19:30 EDT,NER,1,1.32,1.49,NYRB,1,0.45,0.45,0,0.87,1.04,0,2.16,0.59
5/11/2013,19:30 EDT,CLB,0,1.26,1.26,COL,2,0.52,0.52,-2,0.74,0.74,-2,1.96,0.75
5/11/2013,19:00 EDT,VAN,3,1.18,1.18,LAG,1,0.9,0.9,2,0.29,0.29,2,1.64,1.07
5/11/2013,16:00 EDT,SEA,4,1.66,1.66,SJE,0,0.96,0.97,4,0.7,0.69,4,1.92,0.84
5/11/2013,14:00 EDT,MTL,3,1.68,1.68,RSL,1,1.53,1.53,2,0.16,0.15,1,1.54,1.22
5/11/2013,13:30 EDT,CHI,0,1.54,1.81,PHI,1,0.84,0.84,-1,0.7,0.97,-1,1.83,0.92
5/8/2013,22:30 EDT,SJE,2,2.25,2.25,TOR,1,0.98,0.99,1,1.27,1.27,1,2.28,0.51
5/8/2013,21:00 EDT,FCD,1,1.95,1.95,POR,1,1.11,1.11,0,0.84,0.84,0,2.06,0.71
5/8/2013,20:30 EDT,SKC,0,0.32,0.32,SEA,1,0.63,0.63,-1,-0.32,-0.32,-1,0.94,1.62
5/8/2013,20:00 EDT,NER,1,1.61,1.61,RSL,2,1.06,1.12,-1,0.55,0.49,-1,1.8,0.92
5/8/2013,19:30 EDT,NYRB,2,1.68,1.71,MTL,1,1.2,1.2,1,0.48,0.51,1,1.74,0.99
5/8/2013,19:00 EDT,DCU,0,0.92,0.93,HOU,4,2.35,2.35,-4,-1.43,-1.42,-4,0.43,2.4
5/5/2013,23:00 EDT,LAG,0,1.9,1.9,HOU,1,1.14,1.16,-1,0.76,0.74,-1,1.94,0.84
5/5/2013,17:00 EDT,SKC,4,2.28,2.28,CHV,0,0.14,0.14,4,2.14,2.14,4,2.87,0.08
5/4/2013,21:00 EDT,RSL,2,1.09,1.1,VAN,0,0.67,0.67,2,0.43,0.43,2,1.75,0.94
5/4/2013,21:00 EDT,COL,1,1.29,1.29,TOR,0,0.84,0.84,1,0.45,0.45,1,1.71,1
5/4/2013,16:00 EDT,PHI,2,2.24,2.26,SEA,2,1.17,1.17,0,1.08,1.1,0,2.08,0.72
5/4/2013,16:00 EDT,CLB,0,1.47,1.47,NYRB,1,0.59,0.6,-1,0.88,0.87,-1,2.22,0.54
5/4/2013,16:00 EDT,SJE,2,2.35,2.37,MTL,2,1.53,1.53,0,0.82,0.84,0,1.95,0.82
5/2/2013,22:30 EDT,POR,0,1.65,1.65,NER,0,0.66,0.66,0,1,1,0,2.14,0.62
4/28/2013,17:00 EDT,HOU,1,1.23,1.23,COL,1,0.88,0.88,0,0.35,0.35,0,1.63,1.06
4/27/2013,22:30 EDT,CHV,2,0.9,0.91,SJE,2,2.12,2.12,0,-1.22,-1.21,0,0.59,2.18
4/27/2013,21:00 EDT,RSL,0,1.63,1.9,LAG,2,0.99,0.99,-2,0.63,0.91,-2,1.81,0.92
4/27/2013,20:30 EDT,SKC,2,1.86,1.88,POR,3,1.54,1.54,-1,0.33,0.34,-1,1.63,1.1
4/27/2013,19:30 EDT,CLB,3,1.75,1.8,DCU,0,1.36,1.36,3,0.39,0.44,3,1.71,1.02
4/27/2013,19:30 EDT,NER,2,2.62,2.73,PHI,0,1.38,1.39,2,1.23,1.34,2,2.13,0.67
4/27/2013,18:00 EDT,VAN,2,2.76,2.79,FCD,1,1.41,1.41,1,1.35,1.38,0,2.29,0.53
4/27/2013,16:00 EDT,MTL,2,1.02,1.02,CHI,0,0.27,0.27,2,0.75,0.75,2,1.99,0.65
4/27/2013,14:00 EDT,TOR,1,0.67,0.67,NYRB,2,2.06,2.06,-1,-1.39,-1.39,-1,0.41,2.42
4/21/2013,23:00 EDT,SJE,1,1.26,1.26,POR,1,0.56,0.56,0,0.7,0.7,0,1.94,0.76
4/21/2013,17:00 EDT,DCU,2,1.2,1.2,PHI,3,1.75,1.77,-1,-0.55,-0.57,-1,0.91,1.85
4/20/2013,22:30 EDT,LAG,2,2.16,2.16,SKC,0,0.53,0.53,2,1.63,1.63,2,2.53,0.32
4/20/2013,21:00 EDT,RSL,1,1.75,1.75,CHV,0,1.94,1.98,1,-0.19,-0.23,1,1.26,1.5
4/20/2013,20:30 EDT,CHI,1,1.97,1.97,CLB,0,0.35,0.35,1,1.61,1.62,1,2.5,0.32
4/20/2013,20:30 EDT,FCD,1,1.35,1.38,VAN,0,0.92,0.93,1,0.43,0.46,2,1.71,1.01
4/20/2013,19:00 EDT,NYRB,4,2.05,2.05,NER,0,1.1,1.1,4,0.95,0.95,3,2.07,0.7
4/20/2013,18:00 EDT,COL,0,1.33,1.35,SEA,1,0.98,0.99,-1,0.35,0.36,-1,1.56,1.12
4/20/2013,16:00 EDT,TOR,1,0.98,0.98,HOU,1,0.93,1.02,0,0.05,-0.04,0,1.31,1.36
4/17/2013,19:30 EDT,NYRB,0,1.12,1.12,SKC,1,0.83,0.83,-1,0.29,0.29,-1,1.59,1.11
4/14/2013,22:30 EDT,POR,1,0.47,0.47,SJE,0,0.36,0.36,1,0.11,0.11,1,1.36,1.13
4/14/2013,17:00 EDT,HOU,2,1.66,1.66,CHI,1,0.99,1,1,0.67,0.66,1,1.94,0.82
4/14/2013,12:00 EDT,MTL,1,0.98,0.99,CLB,1,1.42,1.43,0,-0.44,-0.45,0,0.99,1.74
4/13/2013,22:30 EDT,CHV,0,1.57,1.57,COL,1,1.73,1.73,-1,-0.17,-0.17,-1,1.28,1.42
4/13/2013,19:30 EDT,FCD,1,1.65,1.69,LAG,0,1.05,1.05,1,0.6,0.63,1,1.88,0.79
4/13/2013,19:00 EDT,DCU,0,1.22,1.25,NYRB,2,0.94,0.97,-2,0.28,0.29,-2,1.65,1.05
4/13/2013,16:00 EDT,PHI,1,2.01,2.13,TOR,1,1.05,1.05,0,0.96,1.08,0,2.12,0.67
4/13/2013,16:00 EDT,SEA,0,1.28,1.28,NER,0,0.52,0.52,0,0.76,0.76,0,2.05,0.64
4/13/2013,16:00 EDT,VAN,1,2.55,3,RSL,1,0.2,0.2,0,2.36,2.8,0,2.87,0.08
4/7/2013,17:00 EDT,CHI,3,2.87,2.9,NYRB,1,0.98,0.98,2,1.89,1.91,2,2.63,0.25
4/6/2013,22:30 EDT,SJE,1,1.89,1.97,VAN,1,0.79,0.81,0,1.1,1.16,0,2.22,0.56
4/6/2013,22:30 EDT,POR,2,1.35,1.35,HOU,0,0.37,0.37,2,0.98,0.98,2,2.31,0.48
4/6/2013,19:30 EDT,COL,1,1.69,1.71,RSL,0,1.72,1.72,1,-0.03,-0.02,1,1.34,1.37
4/6/2013,17:00 EDT,CLB,1,0.83,0.83,PHI,1,1.51,1.51,0,-0.68,-0.68,0,0.82,1.9
4/6/2013,16:00 EDT,TOR,2,1.49,1.49,FCD,2,1.11,1.12,0,0.37,0.37,0,1.72,0.96
4/5/2013,20:30 EDT,SKC,1,1.01,1.01,DCU,0,0.66,0.66,1,0.35,0.35,1,1.62,1.04
3/30/2013,22:30 EDT,CHV,1,0.8,0.8,VAN,1,1.63,1.65,0,-0.83,-0.86,1,0.78,1.97
3/30/2013,21:00 EDT,RSL,2,3.02,3.18,SEA,1,0.96,0.96,1,2.06,2.21,1,2.56,0.32
3/30/2013,20:30 EDT,SKC,2,1.62,1.62,MTL,0,0.38,0.38,2,1.24,1.24,2,2.29,0.46
3/30/2013,20:30 EDT,HOU,2,1.26,1.26,SJE,0,0.8,0.8,2,0.46,0.46,2,1.65,1.04
3/30/2013,18:00 EDT,COL,2,1.77,1.79,POR,2,1.25,1.26,0,0.52,0.53,0,1.81,0.89
3/30/2013,16:00 EDT,NER,0,0.79,0.79,FCD,1,1.17,1.17,-1,-0.38,-0.37,-1,1.04,1.65
3/30/2013,15:30 EDT,NYRB,2,1.35,1.35,PHI,1,0.78,0.78,1,0.57,0.57,1,1.8,0.93
3/30/2013,14:00 EDT,TOR,2,0.63,0.63,LAG,2,1.67,1.69,0,-1.05,-1.06,0,0.52,2.26
3/24/2013,17:00 EDT,CHI,1,1.88,1.88,CHV,3,0.55,0.55,-2,1.32,1.32,-3,2.37,0.43
3/23/2013,22:30 EDT,LAG,1,2.67,2.67,COL,0,0.24,0.24,1,2.43,2.43,1,2.86,0.08
3/23/2013,22:30 EDT,SJE,1,1.5,1.51,SEA,0,1.19,1.21,1,0.31,0.3,1,1.72,1.02
3/23/2013,20:30 EDT,HOU,2,1.65,1.65,VAN,1,0.82,0.82,1,0.83,0.83,1,2.01,0.76
3/23/2013,20:30 EDT,FCD,2,1.42,1.42,RSL,0,0.89,0.93,2,0.53,0.48,2,1.79,0.94
3/23/2013,16:30 EDT,MTL,1,1.42,1.42,NYRB,0,1.47,1.51,1,-0.04,-0.09,1,1.35,1.39
3/23/2013,16:00 EDT,NER,0,0.22,0.22,SKC,0,0.94,1.03,0,-0.72,-0.82,0,0.62,2.01
3/23/2013,15:30 EDT,DCU,1,0.54,0.56,CLB,2,1.21,1.23,-1,-0.67,-0.67,-1,0.84,1.86
3/17/2013,17:00 EDT,LAG,1,1.21,1.24,CHV,1,0.35,0.35,0,0.86,0.89,0,2.12,0.58
3/17/2013,13:00 EDT,FCD,3,1.46,1.46,HOU,2,0.9,0.98,1,0.56,0.48,1,1.84,0.87
3/16/2013,20:00 EDT,SEA,1,1.03,1.03,POR,1,0.64,0.64,0,0.39,0.39,0,1.7,0.94
3/16/2013,18:00 EDT,RSL,1,1.08,1.08,COL,1,0.88,0.88,0,0.2,0.2,0,1.55,1.11
3/16/2013,17:30 EDT,CLB,1,0.9,0.9,SJE,1,1.03,1.04,0,-0.13,-0.14,0,1.22,1.48
3/16/2013,17:00 EDT,PHI,1,1.06,1.14,NER,0,1.38,1.38,1,-0.32,-0.24,1,1.14,1.55
3/16/2013,16:00 EDT,MTL,2,1.69,1.69,TOR,1,1.57,1.57,1,0.12,0.12,1,1.43,1.24
3/16/2013,15:00 EDT,SKC,0,1.19,1.19,CHI,0,0.21,0.21,0,0.97,0.98,0,2.24,0.47
3/16/2013,12:30 EDT,NYRB,0,2.25,2.27,DCU,0,0.2,0.2,0,2.05,2.07,0,2.76,0.14
3/10/2013,22:00 EDT,SJE,2,1.8,1.81,NYRB,1,1.4,1.4,1,0.4,0.41,1,1.71,1.02
3/10/2013,17:00 EDT,CHV,3,1.65,1.65,FCD,1,1.25,1.25,2,0.4,0.4,2,1.72,1.02
3/10/2013,15:00 EDT,COL,1,0.7,0.7,PHI,2,0.71,0.72,-1,-0.01,-0.02,-1,1.27,1.37
3/9/2013,22:30 EST,POR,1,1.63,1.63,MTL,2,0.91,0.91,-1,0.72,0.72,-1,1.88,0.85
3/9/2013,19:30 EST,CHI,0,0.63,0.63,NER,1,0.8,0.8,-1,-0.17,-0.17,-1,1.14,1.48
3/9/2013,19:30 EST,VAN,2,1.35,1.37,CLB,1,0.96,0.96,1,0.39,0.42,1,1.74,1.01
3/9/2013,19:00 EST,DCU,1,0.96,0.97,RSL,0,0.44,0.45,1,0.52,0.52,1,1.78,0.87
3/9/2013,13:30 EST,TOR,2,1.3,1.3,SKC,1,1.57,1.57,1,-0.27,-0.27,1,1.18,1.53
3/3/2013,22:00 EST,SJE,0,1.69,1.72,RSL,2,1.04,1.04,-2,0.65,0.68,-2,1.83,0.93
3/3/2013,19:30 EST,POR,2,2.63,2.7,NYRB,3,1.34,1.34,-1,1.3,1.37,0,2.25,0.56
3/3/2013,17:00 EST,LAG,4,2.4,2.42,CHI,0,0.53,0.53,4,1.87,1.89,4,2.6,0.27
3/2/2013,22:30 EST,CHV,0,1.09,1.1,CLB,3,1.22,1.22,-3,-0.14,-0.13,-3,1.24,1.47
3/2/2013,22:30 EST,SEA,0,1.03,1.03,MTL,1,1.18,1.2,-1,-0.15,-0.17,-1,1.21,1.47
3/2/2013,20:30 EST,FCD,1,0.92,0.92,COL,0,0.8,0.8,1,0.12,0.12,1,1.45,1.21
3/2/2013,20:00 EST,HOU,1,2.34,2.4,DCU,0,0.44,0.44,1,1.9,1.96,2,2.68,0.2
3/2/2013,18:30 EST,VAN,1,1.03,1.03,TOR,0,0.42,0.42,1,0.61,0.62,1,1.94,0.73
3/2/2013,16:00 EST,PHI,1,1.47,1.52,SKC,3,0.88,0.93,-2,0.59,0.59,-2,1.85,0.89
